pairIndex,resIndex1,resIndex2,bp_type
int,int,int,varchar(6)
1,5227,5344,cWW
2,5227,5249,ntSS
3,5227,5248,ntSW
4,158,154,cWW
5,5228,5343,ncSW
6,5228,5249,ntSS
7,159,153,cWW
8,5229,5342,cWW
9,2,4046,tSS
10,160,152,cWW
11,5230,5341,cWW
12,3,586,cWW
13,5231,5340,cWW
14,4,585,cWW
15,161,151,ncWS
16,162,150,cWW
17,5232,5339,cWW
18,5,584,cWW
19,163,148,cWW
20,5233,5338,cWW
21,6,583,cWW
22,164,147,cWW
23,5234,5337,cWW
24,7,582,cWW
25,165,146,cWW
26,5235,5336,cWW
27,8,581,cWW
28,165,2628,ntSW
29,5235,5239,ntWW
30,166,145,cWW
31,9,580,cWW
32,5236,5239,ntSW
33,167,144,cWW
34,10,579,cWW
35,5237,5292,tSS
36,168,143,cWW
37,11,578,cWW
38,5238,5336,ncHS
39,5238,5334,ntWS
40,12,577,cWW
41,169,114,ntHS
42,5239,5236,ntWS
43,170,142,cWW
44,5240,5291,cWW
45,13,577,ncWW
46,13,576,ntSH
47,171,141,cWW
48,5241,5290,cWW
49,14,575,tSH
50,172,140,cWW
51,5242,5288,cWW
52,15,569,ncHS
53,172,139,ncWW
54,15,574,tSH
55,5243,5287,cWW
56,173,139,ncWW
57,174,138,cWW
58,5244,5286,cWW
59,17,572,cWW
60,174,139,ncWW
61,18,2464,cSS
62,175,137,cWW
63,5245,5285,cWW
64,18,571,cWW
65,176,136,cWW
66,5246,5284,cWW
67,19,536,cWW
68,177,34,cWW
69,20,535,cWW
70,177,102,ncSS
71,5247,5283,ncWW
72,20,509,ntWH
73,177,39,tSS
74,5248,5345,ncSS
75,5248,5227,ntWS
76,21,509,tWH
77,5249,5344,ncSS
78,179,213,ntWH
79,179,212,ntWH
80,23,507,cWW
81,180,183,ncSH
82,180,182,ncSH
83,5250,5343,ncSS
84,180,210,ntWH
85,23,512,tSS
86,181,495,cSS
87,24,506,cWW
88,181,214,ncWW
89,182,494,cSS
90,25,504,cWW
91,182,180,ncHS
92,5252,5279,ncWW
93,5252,5282,ncWW
94,5252,5281,ncWW
95,183,211,cWW
96,5253,5278,cWW
97,26,503,cWW
98,183,180,ncHS
99,5253,5281,ncSW
100,26,502,ncSW
101,5253,5280,ntSH
102,5254,5280,cSW
103,184,210,cWW
104,5254,5277,cWW
105,27,502,cWW
106,27,1527,ntSS
107,185,209,cWW
108,5255,5274,cWW
109,28,501,cWW
110,5255,5276,ncSW
111,5255,5275,ncWW
112,186,208,cWW
113,5256,5273,cWW
114,29,500,cWW
115,5257,5272,cWW
116,30,499,cWW
117,5257,5259,ncSH
118,187,207,ntSH
119,5258,5271,cWW
120,31,498,cWW
121,5258,5260,ncSH
122,5258,5261,ncWH
123,189,1683,cSS
124,5259,5257,ncHS
125,189,205,tHW
126,189,1804,tSS
127,5260,5258,ncHS
128,33,498,ncHS
129,190,1682,ncSS
130,190,1805,ntSH
131,190,203,tHH
132,5261,5258,ncHW
133,5261,5271,ncWS
134,192,201,cWW
135,5262,5267,cWW
136,35,36,ncSS
137,193,200,cWW
138,193,250,ncSS
139,5263,5270,ncSS
140,5263,5269,ntSH
141,194,249,ncSS
142,5264,5269,ncSW
143,194,199,tSH
144,5264,5268,tSH
145,38,104,ntWW
146,38,102,tSH
147,195,1836,tWS
148,196,4536,ntSH
149,39,103,tHH
150,197,247,cWW
151,197,4536,ntSH
152,40,101,tHS
153,5267,5270,tSW
154,41,100,ncWW
155,5268,5264,tHS
156,198,4080,tSS
157,42,99,cWW
158,5269,5264,ncWS
159,5269,5263,ntHS
160,199,194,tHS
161,43,98,cWW
162,200,250,ntSS
163,5270,5267,tWS
164,44,57,cWW
165,5271,5261,ncSW
166,45,56,cWW
167,46,55,cWW
168,46,54,ncWW
169,204,205,cSH
170,47,52,ntWH
171,205,204,cHS
172,48,75,cWW
173,5275,5276,ncSH
174,5275,5277,ncSH
175,205,189,tWH
176,49,74,cWW
177,5276,5275,ncHS
178,5276,5255,ncWS
179,5277,5275,ncHS
180,207,187,ntHS
181,5278,5280,ncSH
182,51,518,ntSS
183,208,2616,ntSW
184,5279,5281,ncSH
185,52,47,ntHW
186,5280,5254,cWS
187,5280,5278,ncHS
188,5280,5253,ntHS
189,210,180,ntHW
190,5281,5279,ncHS
191,5281,5253,ncWS
192,54,61,ncWW
193,212,179,ntHW
194,213,215,ncSS
195,213,179,ntHW
196,57,60,ncSS
197,57,58,ncSS
198,214,495,ntSS
199,214,494,ntSW
200,214,497,tWW
201,215,493,tHW
202,59,63,ncSS
203,59,95,ntWS
204,218,492,ncWW
205,218,491,ntWH
206,219,232,cSS
207,219,220,ncSH
208,219,264,ncWW
209,219,490,ntSH
210,63,94,cWW
211,220,219,ncHS
212,220,264,ncWS
213,63,92,ncWW
214,220,489,ntHW
215,64,93,ncWH
216,221,231,tHS
217,5292,5335,cWW
218,65,91,cWW
219,222,483,ncSS
220,222,438,ntWS
221,222,467,tSS
222,223,230,cWW
223,5293,5334,cWW
224,66,90,cWW
225,224,229,cWW
226,5294,5333,cWW
227,67,89,cWW
228,67,88,ncWS
229,225,480,cWS
230,5295,5332,cWW
231,68,88,cWW
232,225,469,ncHS
233,225,227,ncSW
234,68,87,ntSH
235,5296,5331,cWW
236,226,480,ncWS
237,226,479,ncWW
238,69,87,ntSH
239,226,470,tWS
240,5297,5330,cWW
241,227,225,ncWS
242,70,86,ntHS
243,5298,5329,cWW
244,71,77,ncWW
245,5299,5328,ncWW
246,72,76,ntSH
247,5300,5328,ntHH
248,5300,5327,ntHH
249,5301,5302,cSH
250,231,221,tSH
251,5302,5301,cHS
252,5302,5326,ntWH
253,232,490,ntWW
254,232,263,tHS
255,232,491,tWW
256,5303,1893,ncSS
257,5303,1892,ncSS
258,233,262,ntHS
259,76,72,ntHS
260,233,491,ntWW
261,5303,5325,tHS
262,233,492,tWW
263,234,261,cWW
264,5304,5324,cWW
265,5304,1892,ncSS
266,5304,1950,ntSS
267,235,260,cWW
268,5305,5323,cWW
269,236,259,cWW
270,5306,5322,ncWW
271,237,258,cWW
272,5307,5321,cWW
273,5308,5320,cWW
274,238,257,ntSH
275,5309,5319,cWW
276,239,256,ntSW
277,239,255,ntWH
278,5310,2050,ncHS
279,5310,2091,ncSS
280,5310,2042,ntHS
281,240,255,tHH
282,241,242,cSH
283,5311,5318,cWW
284,242,241,cHS
285,5312,5317,cWW
286,242,254,tWH
287,86,70,ntSH
288,243,253,tHS
289,5313,5316,tSH
290,244,252,cWW
291,87,69,ntHS
292,87,68,ntHS
293,245,251,cWW
294,88,67,ncSW
295,5316,5313,tHS
296,246,250,tSH
297,247,4535,ncSH
298,93,64,ncHW
299,250,246,tHS
300,95,59,ntSW
301,253,243,tSH
302,5324,1950,ncSS
303,5324,1951,ncSS
304,254,242,tHW
305,255,239,ntHW
306,5325,5303,tSH
307,5326,5302,ntHW
308,5326,1893,ntSS
309,256,239,ntWS
310,257,238,ntHS
311,101,40,tSH
312,102,38,tHS
313,261,492,ncSS
314,262,491,cSS
315,105,112,cWW
316,262,492,ncSS
317,262,233,ntSH
318,106,111,cWW
319,263,491,ncSS
320,263,232,tSH
321,264,220,ncSW
322,5334,5238,ntSW
323,264,489,tSS
324,265,488,cWW
325,108,110,ncSH
326,266,487,cWW
327,5336,5238,ncSH
328,267,486,cWW
329,110,108,ncHS
330,268,434,cWW
331,269,433,ncWS
332,269,314,ntWH
333,269,313,tHW
334,113,135,cWW
335,270,313,ntHW
336,270,316,ntWW
337,270,312,tHS
338,114,134,cWW
339,114,169,ntSH
340,271,312,ntWS
341,271,311,ntWW
342,272,311,cWW
343,115,133,cWW
344,116,132,cWW
345,5343,5228,ncWS
346,273,309,ncWW
347,274,309,cWW
348,117,131,cWW
349,117,130,ncWW
350,118,130,ncWW
351,119,129,cWW
352,276,307,ntHS
353,276,303,ntSS
354,277,308,cWW
355,120,128,cWW
356,278,303,cWW
357,121,127,ncSW
358,279,302,cWW
359,280,301,cWW
360,281,300,cWW
361,281,298,ntWH
362,283,297,cWW
363,284,296,cWW
364,127,121,ncWS
365,285,295,cWW
366,286,294,cWW
367,287,293,cWW
368,288,292,cWW
369,298,281,ntHW
370,146,2628,ncWW
371,147,2628,ncSW
372,307,308,cSH
373,307,276,ntSH
374,308,307,cHS
375,151,161,ncSW
376,312,271,ntSW
377,312,270,tSH
378,313,316,ncSS
379,313,270,ntWH
380,313,269,tWH
381,314,269,ntHW
382,317,430,cWW
383,318,429,cWW
384,319,428,cWW
385,320,427,ncWW
386,321,426,cWW
387,322,425,cWW
388,323,424,cWW
389,324,423,cWW
390,325,422,cWW
391,326,421,ncWW
392,329,419,ncWW
393,330,418,cWW
394,331,417,cWW
395,332,416,cWW
396,333,415,cWW
397,334,414,cWW
398,335,413,cWW
399,336,412,cWW
400,338,411,cWW
401,339,410,cWW
402,345,408,cWW
403,346,407,cWW
404,347,406,cWW
405,348,405,cWW
406,349,404,cWW
407,350,403,cWW
408,351,402,cWW
409,352,400,cWW
410,353,397,ncHH
411,354,378,ncSS
412,354,382,ntSS
413,354,392,ntSS
414,355,371,cWW
415,356,391,cWW
416,357,370,cWW
417,358,369,cWW
418,359,368,cWW
419,360,367,cWW
420,362,389,ncSH
421,362,364,ntSH
422,363,2462,ntHW
423,363,388,ntSS
424,364,362,ntHS
425,367,2461,ncSH
426,374,375,ncSS
427,376,393,cWW
428,377,392,cWW
429,378,382,cWW
430,381,398,cSW
431,383,397,tHS
432,384,396,cWW
433,385,395,cWW
434,386,394,cWW
435,387,394,ncWW
436,387,391,tWH
437,389,362,ncHS
438,390,2460,ntSW
439,391,387,tHW
440,397,383,tSH
441,398,381,cWS
442,433,269,ncSW
443,435,463,ntHH
444,436,437,cSH
445,437,436,cHS
446,437,485,ncSS
447,437,484,ncSW
448,437,462,ntWH
449,438,222,ntSW
450,438,461,tHS
451,439,460,cWW
452,440,459,cWW
453,441,458,cWW
454,442,457,cWW
455,442,452,ntHH
456,443,456,cWW
457,444,455,cWW
458,445,454,cWW
459,446,453,cWW
460,451,472,cHS
461,451,4517,cWS
462,451,4509,ntWS
463,461,438,tSH
464,462,437,ntHW
465,462,484,ntWW
466,463,466,cSS
467,463,467,ncSS
468,463,485,ntWW
469,466,483,cWW
470,466,484,ntSH
471,467,482,cWW
472,468,481,cWW
473,469,480,cWW
474,469,225,ncSH
475,470,479,cWW
476,470,226,tSW
477,472,451,cSH
478,472,4517,ncSW
479,472,4518,ncWS
480,473,4516,cWW
481,473,3884,ncSS
482,474,3883,cSS
483,474,4515,cWW
484,475,4514,cWW
485,476,4513,cWW
486,477,4512,cWW
487,477,4511,ncSW
488,478,4511,cWW
489,480,225,cSW
490,480,226,ncSW
491,484,437,ncWS
492,484,466,ntHS
493,489,220,ntWH
494,490,219,ntHS
495,491,218,ntHW
496,493,215,tWH
497,494,214,ntWS
498,498,33,ncSH
499,502,1527,ncSS
500,502,26,ncWS
501,507,511,cSS
502,508,516,tSW
503,509,20,ntHW
504,509,21,tHW
505,510,1489,ncHW
506,510,2509,ncWS
507,510,2508,ncWS
508,510,1490,ntWS
509,511,516,tWH
510,516,511,tHW
511,516,508,tWS
512,519,534,ntHH
513,519,533,tHH
514,520,521,cSH
515,521,520,cHS
516,521,532,ntWH
517,522,531,tHS
518,523,530,cWW
519,524,529,cWW
520,525,528,ntSH
521,526,1688,ncWS
522,527,1687,cSS
523,527,1688,ncSS
524,527,1795,ntHH
525,528,1686,ncSS
526,528,1687,ncSS
527,528,525,ntHS
528,528,1800,tSS
529,531,522,tSH
530,532,521,ntHW
531,537,566,cSS
532,537,541,tWH
533,538,542,tSH
534,539,562,ntHH
535,539,563,ntHH
536,540,563,ntHH
537,540,566,ntWW
538,541,537,tHW
539,541,564,tWW
540,542,560,cSS
541,542,564,ntWW
542,542,538,tHS
543,542,566,tWW
544,543,570,cWW
545,543,564,ntSW
546,543,567,tSS
547,544,558,cSW
548,545,558,ntHS
549,546,557,cWW
550,547,556,cWW
551,548,555,cWW
552,549,554,cWW
553,550,553,ntSH
554,553,550,ntHS
555,558,544,cWS
556,558,545,ntSH
557,560,564,tWH
558,561,566,tSH
559,564,570,ncSS
560,564,543,ntWS
561,564,560,tHW
562,566,561,tHS
563,569,15,ncSH
564,574,2510,ntWS
565,574,15,tHS
566,575,1488,cSS
567,575,14,tHS
568,576,1487,cSS
569,576,13,ntHS
570,576,2511,tSS
571,588,4043,ncHW
572,591,1468,ncWW
573,592,1467,cWW
574,593,1466,cWW
575,594,1465,cWW
576,595,1464,cWW
577,596,1463,cWW
578,597,1462,cWW
579,598,1461,cWW
580,599,1460,cWW
581,600,1459,ncWW
582,601,1459,ncWW
583,602,1456,cWW
584,603,1455,cWW
585,604,1454,cWW
586,606,1453,ncWW
587,607,1452,cWW
588,611,857,cWW
589,612,856,cWW
590,613,855,cWW
591,614,854,cWW
592,615,853,cWW
593,616,851,cWW
594,617,850,cWW
595,618,849,cWW
596,620,847,cWW
597,621,846,cWW
598,622,845,ncWW
599,623,845,cWW
600,623,844,ntWH
601,626,840,tHS
602,627,839,cWW
603,628,838,cWW
604,628,839,ncWS
605,629,837,cWW
606,630,836,cWW
607,631,835,cWW
608,632,834,cWW
609,633,833,cWW
610,634,832,cWW
611,635,831,cWW
612,636,830,cWW
613,637,829,cWW
614,638,828,cWW
615,640,827,ncWW
616,640,826,ncWW
617,641,643,ncWH
618,641,644,ncWH
619,643,825,cWW
620,643,641,ncHW
621,644,824,cWW
622,644,641,ncHW
623,645,823,ncWW
624,646,820,cWW
625,647,821,ncSW
626,648,818,ncWW
627,649,817,cWW
628,650,816,cWW
629,651,815,cWW
630,652,813,cWW
631,653,812,cWW
632,655,811,cWW
633,656,810,cWW
634,656,809,ncWS
635,660,809,cWW
636,661,809,ncWW
637,662,808,cWW
638,663,807,cWW
639,664,806,cWW
640,667,804,cWW
641,668,803,cWW
642,669,799,ntSH
643,669,798,ntWH
644,671,802,cWW
645,672,801,cWW
646,673,800,cWW
647,674,799,cWW
648,675,798,cWW
649,676,797,cWW
650,677,794,cWW
651,678,793,cWW
652,679,792,cWW
653,680,791,cWW
654,798,669,ntHW
655,799,669,ntHS
656,809,656,ncSW
657,821,647,ncWS
658,839,628,ncSW
659,840,626,tSH
660,844,623,ntHW
661,860,1449,cWW
662,861,1448,cWW
663,862,1447,cWW
664,862,5100,ncWW
665,863,1446,cWW
666,864,1445,cWW
667,864,5097,ncSW
668,865,1443,cWW
669,866,1442,cWW
670,867,1441,cWW
671,869,1111,cWW
672,870,1110,cWW
673,871,1109,cWW
674,872,1108,cWW
675,873,1107,cWW
676,874,1106,cWW
677,875,1105,cWW
678,876,1104,cWW
679,877,1103,cWW
680,878,1102,cWW
681,878,1099,ncWW
682,879,1099,ncWW
683,880,1098,cWW
684,880,1101,ncSS
685,881,1097,cWW
686,882,1096,cWW
687,883,1095,cWW
688,884,886,ncHS
689,886,884,ncSH
690,888,1090,ntWW
691,891,1085,ntSH
692,893,1083,cWW
693,894,1082,cWW
694,895,1081,cWW
695,896,1080,cWW
696,897,1079,ncWW
697,898,1078,cWW
698,899,1077,cWW
699,900,1076,cWW
700,901,1075,cWW
701,902,1073,tSH
702,903,1074,ncSW
703,903,1070,ntHW
704,903,1069,ntHW
705,905,1069,cWW
706,906,1068,cWW
707,907,1067,ncWS
708,908,1067,cWW
709,909,1066,cWW
710,910,1065,cWW
711,911,1064,cWW
712,912,1063,cWW
713,913,1062,cWW
714,914,1061,cWW
715,915,1060,cWW
716,1067,907,ncSW
717,1069,903,ntWH
718,1070,903,ntWH
719,1071,1072,ncSH
720,1072,1071,ncHS
721,1072,1074,ncWH
722,1073,902,tHS
723,1074,1072,ncHW
724,1074,903,ncWS
725,1085,891,ntHS
726,1098,1101,ntSW
727,1101,1098,ntWS
728,1110,2058,ncSS
729,1116,1439,ncHH
730,1116,2247,ncWW
731,1119,1120,ncSS
732,1119,2409,ncWH
733,1119,2416,ncWW
734,1122,2406,ntHW
735,1127,1438,ntWS
736,1129,1436,cWW
737,1130,1131,ncSH
738,1130,1435,ncWW
739,1130,1436,ncWW
740,1131,1130,ncHS
741,1131,1435,ncWS
742,1132,1434,cWW
743,1133,1433,cWW
744,1134,1432,cWW
745,1135,1431,cWW
746,1136,1430,cWW
747,1139,1226,cWW
748,1139,1227,ncWW
749,1140,1225,cWW
750,1141,1224,cWW
751,1142,1223,cWW
752,1143,1222,cWW
753,1144,1221,cWW
754,1145,1220,cWW
755,1148,1207,cWW
756,1149,1206,cWW
757,1150,1205,cWW
758,1151,1204,cWW
759,1152,1203,cWW
760,1228,1395,ncHW
761,1229,1394,cWW
762,1230,1393,cWW
763,1231,1392,cWW
764,1232,1391,cWW
765,1233,1390,cWW
766,1233,1389,ncWW
767,1234,1235,ncSH
768,1234,1389,ncSW
769,1234,1377,ncWW
770,1235,1234,ncHS
771,1235,1377,ncWW
772,1236,1376,cWW
773,1237,1375,cWW
774,1238,1373,cWW
775,1238,1374,ncWW
776,1239,1372,ncWW
777,1240,1369,ncWW
778,1241,1368,ncWW
779,1241,1369,ncWW
780,1242,1367,cWW
781,1243,1365,cWW
782,1244,1364,cWW
783,1245,1363,cWW
784,1246,1362,cWW
785,1247,1361,cWW
786,1248,1360,cWW
787,1249,1359,cWW
788,1250,1358,cWW
789,1251,1357,cWW
790,1252,1356,cWW
791,1253,1355,cWW
792,1253,1354,ncWW
793,1254,1353,cWW
794,1255,1352,cWW
795,1256,1351,cWW
796,1257,1322,ncHS
797,1257,1351,ncWS
798,1260,1321,cWW
799,1260,1320,ncWW
800,1261,1320,ncWW
801,1262,1319,ncWW
802,1263,1319,cWW
803,1264,1318,cWW
804,1265,1317,cWW
805,1322,1257,ncSH
806,1324,1349,cWW
807,1325,1348,cWW
808,1326,1347,cWW
809,1327,1346,cWW
810,1328,1345,cWW
811,1329,1344,cWW
812,1330,1343,ncWS
813,1331,1342,cWW
814,1332,1341,cWW
815,1333,1340,cWW
816,1334,1339,cWW
817,1335,1338,ntSH
818,1338,1335,ntHS
819,1343,1330,ncSW
820,1351,1257,ncSW
821,1389,1234,ncWS
822,1395,1228,ncWH
823,1397,1426,ntHS
824,1399,1425,cSS
825,1401,1421,cWW
826,1402,1420,cWW
827,1403,1419,cWW
828,1404,1418,cWW
829,1405,1417,cWW
830,1406,1416,cWW
831,1407,1415,cWW
832,1408,1414,cWW
833,1409,1413,tSH
834,1413,1409,tHS
835,1421,1425,ntWW
836,1422,1425,ncWH
837,1423,1426,ncSH
838,1425,1422,ncHW
839,1425,2267,ntHW
840,1426,1423,ncHS
841,1426,1397,ntSH
842,1435,1131,ncSW
843,1438,1127,ntSW
844,1445,5098,ntSH
845,1445,5097,ntSW
846,1450,1451,ncSH
847,1450,1452,ncSW
848,1451,1450,ncHS
849,1452,1450,ncWS
850,1457,1458,ncHS
851,1458,1457,ncSH
852,1458,2473,ntHH
853,1469,4035,cWW
854,1469,4030,ntWS
855,1470,1485,cWW
856,1471,1484,cWW
857,1472,1483,cWW
858,1473,1482,cWW
859,1474,4032,ncWW
860,1474,1478,ntWH
861,1475,4032,ncSW
862,1476,2011,ncSS
863,1476,2047,ncSW
864,1476,2048,ncSW
865,1477,4033,ncSH
866,1478,1474,ntHW
867,1479,4031,tWS
868,1485,2503,ncSS
869,1486,2512,cWW
870,1487,2511,cWW
871,1488,2510,cWW
872,1488,2509,ncWW
873,1489,2509,cWW
874,1489,510,ncWH
875,1490,2508,cWW
876,1490,510,ntSW
877,1491,2507,cWW
878,1491,2505,ncWW
879,1492,2505,ntSH
880,1493,2502,tHW
881,1493,1814,tSS
882,1494,1815,ncHW
883,1494,1495,ncSH
884,1495,1494,ncHS
885,1495,1674,tWS
886,1496,1672,cWW
887,1497,1671,cWW
888,1498,1670,cWW
889,1499,1669,cWW
890,1500,1668,cWW
891,1501,1667,cWW
892,1502,1666,cWW
893,1503,1665,cWW
894,1504,1664,cWW
895,1505,1663,cWW
896,1506,1662,cWW
897,1507,1661,cWW
898,1508,1660,cWW
899,1510,1541,ntSS
900,1511,1540,cWW
901,1512,1539,cWW
902,1513,1538,cWW
903,1514,1537,ntWW
904,1515,1534,cWW
905,1516,1532,ncWW
906,1516,1534,ncWW
907,1517,1531,ncWW
908,1517,1532,ncWW
909,1518,1531,cWW
910,1519,1530,cWW
911,1520,1529,cWW
912,1542,1658,ncSS
913,1544,1551,cWW
914,1545,1550,cWW
915,1546,1549,ntSH
916,1547,4507,ntSS
917,1547,4506,ntWS
918,1549,1546,ntHS
919,1553,1654,ntSS
920,1555,1574,cWW
921,1556,1573,cWW
922,1557,1572,cWW
923,1558,1571,cWW
924,1559,1570,cWW
925,1560,1569,cWW
926,1561,1568,cWW
927,1562,1567,cWW
928,1564,1567,ncSW
929,1567,1564,ncWS
930,1576,1622,ncSS
931,1577,1620,cWW
932,1578,1619,cWW
933,1579,1618,cWW
934,1580,1617,cWW
935,1581,1616,cWW
936,1582,1615,tSH
937,1583,1613,ntHS
938,1584,1611,ncWW
939,1584,1612,ncWW
940,1585,1611,cWW
941,1586,1610,cWW
942,1587,1609,cWW
943,1588,1608,tSH
944,1589,1607,tHS
945,1590,1606,cWW
946,1591,1605,cWW
947,1592,1604,cWW
948,1593,2254,ncWH
949,1593,1603,ncWW
950,1594,1601,ntWH
951,1596,2260,ncSW
952,1597,2259,cWW
953,1598,2258,cWW
954,1599,2257,ncWW
955,1600,2257,ncSS
956,1600,2256,tSH
957,1601,2255,ncSW
958,1601,1594,ntHW
959,1602,2254,cWW
960,1603,2253,ncWH
961,1607,1589,tSH
962,1608,1588,tHS
963,1613,1583,ntSH
964,1615,1582,tHS
965,1621,1656,ncWW
966,1622,1655,cWW
967,1623,1654,cWW
968,1624,1652,cWW
969,1625,1651,cWW
970,1626,1650,cWW
971,1627,1649,ncSW
972,1628,1648,cWW
973,1629,1647,cWW
974,1630,1646,cWW
975,1632,1645,cWW
976,1633,1644,cWW
977,1634,1643,ncWW
978,1635,1642,ncWW
979,1649,1627,ncWS
980,1674,1495,tSW
981,1675,1814,cWW
982,1676,1813,cWW
983,1676,2505,ntSS
984,1677,1812,ncWW
985,1678,1811,cWW
986,1679,4545,cSS
987,1679,1808,ntHW
988,1679,4071,ntSS
989,1680,4071,tHS
990,1681,1805,ntHH
991,1682,1804,cWW
992,1683,1803,cWW
993,1684,1802,cWW
994,1685,1801,cWW
995,1686,1800,cWW
996,1687,1799,cWW
997,1688,526,ncSW
998,1688,1780,ntWH
999,1689,1692,tSW
1000,1689,1783,tWS
1001,1691,3798,cSW
1002,1692,1689,tWS
1003,1693,1778,cWW
1004,1694,1777,cWW
1005,1695,1776,cWW
1006,1696,2605,cSS
1007,1696,1775,cWW
1008,1697,1774,cWW
1009,1697,2604,ncSS
1010,1697,2605,ncSS
1011,1698,1773,cWW
1012,1699,1772,cWW
1013,1700,1771,cWW
1014,1701,1770,cWW
1015,1701,1739,ncSS
1016,1701,1768,ntWW
1017,1702,1768,ncWH
1018,1703,1737,tHS
1019,1704,1736,cWW
1020,1704,2968,ncSS
1021,1705,1735,cWW
1022,1705,2968,ncSS
1023,1706,1734,cWW
1024,1707,1732,ncWW
1025,1708,1731,tSH
1026,1709,1730,tHS
1027,1710,1729,tHS
1028,1711,1728,cWW
1029,1712,1727,cWW
1030,1713,1726,cWW
1031,1714,1725,cWW
1032,1715,1724,cWW
1033,1716,1723,cWW
1034,1717,1722,cWW
1035,1718,1721,tSH
1036,1721,1718,tHS
1037,1729,1710,tSH
1038,1730,1709,tSH
1039,1731,1708,tHS
1040,1733,3792,ncWW
1041,1737,1703,tSH
1042,1739,1766,ntHS
1043,1740,1765,cWW
1044,1741,1764,cWW
1045,1742,1762,ncWS
1046,1742,1763,ncWW
1047,1742,3984,ntSW
1048,1743,1744,cSH
1049,1743,1745,ncSH
1050,1743,1761,ntSH
1051,1744,1743,cHS
1052,1744,1762,cWW
1053,1745,1761,cWW
1054,1745,1743,ncHS
1055,1746,1760,cWW
1056,1748,1759,cWW
1057,1749,1758,cWW
1058,1750,1758,ncSW
1059,1750,1755,tSW
1060,1751,1753,ncSS
1061,1752,4017,ncWS
1062,1752,4016,ncWW
1063,1754,1758,cWS
1064,1755,1750,tWS
1065,1757,4711,ncWS
1066,1758,1754,cSW
1067,1758,1750,ncWS
1068,1761,1743,ntHS
1069,1762,1742,ncSW
1070,1763,3984,ncSS
1071,1766,1739,ntSH
1072,1768,1702,ncHW
1073,1769,3793,cHW
1074,1769,3807,cWS
1075,1775,2605,tSS
1076,1778,1783,cSS
1077,1779,1782,ncSS
1078,1779,1792,ntSS
1079,1780,1796,cWW
1080,1780,1688,ntHW
1081,1782,1792,cWW
1082,1783,1791,cWW
1083,1783,1689,tSW
1084,1784,1790,cWW
1085,1785,1788,tSH
1086,1786,3794,ntSS
1087,1788,1785,tHS
1088,1789,1791,ncSH
1089,1791,1789,ncHS
1090,1794,3799,ncSW
1091,1797,4074,cSS
1092,1805,190,ntHS
1093,1808,1679,ntWH
1094,1812,4062,cSW
1095,1813,4062,ncSW
1096,1814,2505,ncSS
1097,1815,1494,ncWH
1098,1817,2444,cWW
1099,1817,2477,ncSS
1100,1818,2477,cSS
1101,1818,2443,cWW
1102,1819,2442,cWW
1103,1819,2476,ncSS
1104,1819,2475,ncSW
1105,1820,2441,cWW
1106,1821,2440,cWW
1107,1822,2439,cWW
1108,1823,2438,tSH
1109,1824,1842,cSS
1110,1824,2437,ntHW
1111,1824,2007,ntSS
1112,1825,2037,ntHH
1113,1826,2036,ntHS
1114,1827,1840,cWW
1115,1828,1839,cWW
1116,1829,1838,cWW
1117,1830,1837,cWW
1118,1831,1836,cWW
1119,1833,4347,ncHS
1120,1835,4547,cWS
1121,1835,4068,ncHS
1122,1836,195,tSW
1123,1838,2009,ntHH
1124,1840,2009,ncWH
1125,1840,2008,ntHW
1126,1841,2008,cWW
1127,1842,2007,ncWW
1128,1843,2005,cWW
1129,1844,2004,cWW
1130,1845,2003,cWW
1131,1846,2002,cWW
1132,1847,2001,cWW
1133,1848,2000,cWW
1134,1849,1999,cWW
1135,1850,1998,cWW
1136,1851,1876,ncSW
1137,1854,1856,ncWH
1138,1854,2250,ntSS
1139,1856,1854,ncHW
1140,1856,2274,ntSS
1141,1875,1990,ncHW
1142,1876,1851,ncWS
1143,1877,1998,ntSS
1144,1878,1996,cWW
1145,1879,1995,cWW
1146,1879,1994,ncWW
1147,1880,1993,ncWW
1148,1881,1993,cWW
1149,1882,1992,cWW
1150,1882,1958,ncWW
1151,1883,1957,ncWW
1152,1883,1958,ncWW
1153,1884,1957,ncWW
1154,1884,1956,ncWW
1155,1885,1956,cWW
1156,1886,1955,cWW
1157,1887,1954,cWW
1158,1888,1953,cWW
1159,1890,1891,cSH
1160,1891,1890,cHS
1161,1891,1950,ntWH
1162,1892,1949,tHS
1163,1893,1948,ncWW
1164,1894,1946,cWW
1165,1894,1947,ntSH
1166,1895,1945,cWW
1167,1895,1942,ncHH
1168,1895,1899,ncSH
1169,1896,1901,ntWW
1170,1896,1942,tWH
1171,1898,1946,cWS
1172,1899,1945,cWS
1173,1899,1895,ncHS
1174,1900,1942,cWW
1175,1900,1945,ncWS
1176,1901,1941,cWW
1177,1902,1940,ncWW
1178,1903,1939,ncSW
1179,1904,1938,cWW
1180,1905,1937,cWW
1181,1906,1936,cWW
1182,1907,1935,cWW
1183,1908,1934,cWW
1184,1909,1933,cWW
1185,1911,1933,ntHS
1186,1912,1931,ncWW
1187,1913,1930,ncWW
1188,1914,1930,cWW
1189,1915,1929,cWW
1190,1915,1928,ncWW
1191,1916,1928,ncWW
1192,1917,1927,cWW
1193,1918,1927,ncWW
1194,1918,1926,ncWW
1195,1919,1925,cWW
1196,1933,1911,ntSH
1197,1939,1903,ncWS
1198,1942,1896,tHW
1199,1943,4366,ncSS
1200,1943,4379,tSS
1201,1944,4365,cSS
1202,1944,4379,ntSS
1203,1945,1899,cSW
1204,1945,1900,ncSW
1205,1946,1898,cSW
1206,1947,1894,ntHS
1207,1949,1892,tSH
1208,1950,1891,ntHW
1209,1951,4370,tHH
1210,1959,1960,ncSH
1211,1959,1962,ncSS
1212,1960,1991,ncHH
1213,1960,1959,ncHS
1214,1962,1988,cWW
1215,1963,1987,cWW
1216,1964,1986,cWW
1217,1965,1985,cWW
1218,1966,1984,cWW
1219,1967,1983,cWW
1220,1968,1982,cWW
1221,1969,1981,cWW
1222,1970,1980,cWW
1223,1970,1979,ntWH
1224,1972,1979,cWW
1225,1973,1978,ntSW
1226,1978,1973,ntWS
1227,1979,1970,ntHW
1228,1989,1991,ncSW
1229,1990,1875,ncWH
1230,1991,1989,ncWS
1231,1997,2237,ncHS
1232,1997,2433,ncWS
1233,2006,2438,ncSS
1234,2006,2439,ncSS
1235,2007,2438,ncSS
1236,2008,1840,ntWH
1237,2009,1840,ncHW
1238,2011,2035,cWW
1239,2012,2034,cWW
1240,2012,2048,ntSS
1241,2013,2033,cWW
1242,2014,2032,cWW
1243,2016,2030,cWW
1244,2017,2029,cWW
1245,2018,2028,cSW
1246,2019,2027,cWW
1247,2019,4376,ntSS
1248,2019,4375,ntSS
1249,2020,2026,cWW
1250,2020,4351,ntSH
1251,2021,2024,ntSH
1252,2022,4596,ncHS
1253,2023,4559,ncSS
1254,2023,4597,ntSS
1255,2024,4558,ncSS
1256,2024,2021,ntHS
1257,2024,4597,ntSS
1258,2024,4598,ntSS
1259,2027,4376,ncSS
1260,2028,4375,cSS
1261,2028,2018,cWS
1262,2029,4369,ntSH
1263,2034,2048,ncSS
1264,2035,2048,ncSS
1265,2036,1826,ntSH
1266,2037,2038,ncSH
1267,2037,2435,ncSW
1268,2038,2037,ncHS
1269,2038,2053,ncWH
1270,2038,2054,ntSH
1271,2040,2051,cWW
1272,2040,2225,ncSS
1273,2041,2050,cWW
1274,2041,2064,tSS
1275,2042,2049,cWW
1276,2042,2092,ncSH
1277,2042,5310,ntSH
1278,2043,2092,cSH
1279,2043,2094,ncSW
1280,2043,2093,tSW
1281,2044,4039,cSS
1282,2044,4040,ncSS
1283,2044,4028,ntWS
1284,2045,2095,ntHH
1285,2045,4029,ntWS
1286,2046,2095,ncWW
1287,2046,2093,ncWW
1288,2047,1476,ncWS
1289,2048,1476,ncWS
1290,2049,2092,cSW
1291,2050,5310,ncSH
1292,2051,2063,cSS
1293,2051,2225,tSS
1294,2052,2225,ntSS
1295,2053,2038,ncHW
1296,2054,2038,ntHS
1297,2055,2233,cWW
1298,2056,2232,cWW
1299,2057,2231,cWW
1300,2058,2230,cWW
1301,2059,2229,cWW
1302,2060,2228,cWW
1303,2061,2227,cWW
1304,2062,2225,tWH
1305,2063,2224,ntHS
1306,2064,2224,ncWS
1307,2065,2223,cWW
1308,2065,2073,ntSS
1309,2066,2222,cWW
1310,2066,2073,ntSS
1311,2067,2221,cWW
1312,2068,2207,cWW
1313,2069,2206,cWW
1314,2070,2205,cWW
1315,2073,2222,cSS
1316,2073,2223,ncSS
1317,2074,2220,cWW
1318,2076,2219,cWW
1319,2078,2218,cWW
1320,2079,2217,cWW
1321,2080,2216,cWW
1322,2081,2215,cWW
1323,2082,2214,cWW
1324,2083,2085,ntSW
1325,2083,2212,ntWW
1326,2085,2083,ntWS
1327,2085,2210,tWW
1328,2087,2196,ntWS
1329,2088,2212,ntWH
1330,2088,2209,tHW
1331,2089,2209,cWW
1332,2089,2212,ntSH
1333,2090,2208,cWW
1334,2092,2043,cHS
1335,2092,2049,cWS
1336,2092,2042,ncHS
1337,2093,2043,tWS
1338,2094,2043,ncWS
1339,2098,4588,ncSS
1340,2098,2196,tHH
1341,2099,2195,tHS
1342,2099,4567,tSS
1343,2100,2194,cWW
1344,2101,2193,cWW
1345,2102,2192,cWW
1346,2104,2191,cWW
1347,2105,2190,cWW
1348,2106,2189,cWW
1349,2107,2188,cWW
1350,2108,2187,cWW
1351,2109,2186,cWW
1352,2110,2185,cWW
1353,2111,2184,cWW
1354,2112,2183,cWW
1355,2113,2182,cWW
1356,2114,2181,ntSS
1357,2117,2181,ntSH
1358,2118,2180,ntHS
1359,2119,4850,ncWW
1360,2119,2179,ntHW
1361,2120,2179,tHS
1362,2121,2178,cWW
1363,2121,2179,ncWS
1364,2122,2178,ncWW
1365,2122,2177,ncWW
1366,2123,2176,cWW
1367,2124,2175,cWW
1368,2124,2154,ntSW
1369,2125,2174,cWW
1370,2125,2155,tSS
1371,2126,2173,ntSH
1372,2127,2151,cWW
1373,2127,2152,ncWW
1374,2128,2150,ncWW
1375,2128,2149,ncWW
1376,2129,2149,cWW
1377,2130,2158,cWH
1378,2132,2146,ncWW
1379,2133,2145,cWW
1380,2134,2144,cWW
1381,2135,2143,ntSH
1382,2140,2166,ncHS
1383,2141,2161,cWH
1384,2141,2160,ncSH
1385,2142,2162,ncWH
1386,2142,2170,ncWW
1387,2143,2135,ntHS
1388,2152,2156,ntWW
1389,2153,2155,tSH
1390,2154,2124,ntWS
1391,2155,2174,cSS
1392,2155,2153,tHS
1393,2157,2172,cWW
1394,2158,2130,cHW
1395,2159,2160,ncSH
1396,2159,2171,ncWS
1397,2160,2171,cWW
1398,2160,2159,ncHS
1399,2160,2141,ncHS
1400,2161,2141,cHW
1401,2161,2170,cWW
1402,2162,2142,ncHW
1403,2162,2170,ncWW
1404,2162,2169,ncWW
1405,2163,2168,ntSH
1406,2166,2140,ncSH
1407,2168,2163,ntHS
1408,2171,2159,ncSW
1409,2173,2126,ntHS
1410,2179,2121,ncSW
1411,2179,2119,ntWH
1412,2179,2120,tSH
1413,2180,2118,ntSH
1414,2181,2117,ntHS
1415,2195,2099,tSH
1416,2196,2087,ntSW
1417,2197,4565,ncWS
1418,2197,4564,ncWS
1419,2197,4590,ntWS
1420,2198,4619,ncSS
1421,2198,4670,ntSS
1422,2199,4618,ncSS
1423,2199,4670,ntSS
1424,2199,4671,ntSS
1425,2201,2202,ncSH
1426,2201,4026,ntWS
1427,2202,2201,ncHS
1428,2202,4027,ncHS
1429,2202,4041,ntHS
1430,2203,4041,cWS
1431,2203,4027,ncHS
1432,2208,2213,tSS
1433,2209,2088,tWH
1434,2212,2089,ntHS
1435,2212,2088,ntHW
1436,2224,2064,ncSW
1437,2224,2063,ntSH
1438,2225,2062,tHW
1439,2234,2434,cWW
1440,2235,2433,cWW
1441,2236,2432,cWW
1442,2237,2431,cWW
1443,2237,1997,ncSH
1444,2238,2430,cWW
1445,2239,2429,cWW
1446,2241,2428,cWW
1447,2242,2427,cWW
1448,2243,2426,cWW
1449,2246,2418,ntWH
1450,2252,2415,ntWW
1451,2253,1603,ncHW
1452,2254,1593,ncHW
1453,2255,1601,ncWS
1454,2256,1600,tHS
1455,2260,1596,ncWS
1456,2262,2264,cSS
1457,2262,2281,ntWW
1458,2263,2281,ntWW
1459,2266,2277,ntWW
1460,2267,1425,ntWH
1461,2268,2276,ntHH
1462,2279,2280,ncWH
1463,2280,2279,ncHW
1464,2283,2403,ncWW
1465,2284,2402,cWW
1466,2285,2401,cWW
1467,2286,2400,cWW
1468,2286,2399,ncWW
1469,2288,2398,cWW
1470,2406,2410,ncWS
1471,2406,1122,ntWH
1472,2409,2410,ncHS
1473,2409,2411,ncHS
1474,2409,1119,ncHW
1475,2410,2409,ncSH
1476,2410,2406,ncSW
1477,2410,2416,ntSW
1478,2411,2409,ncSH
1479,2411,2416,ntSW
1480,2416,2411,ntWS
1481,2416,2410,ntWS
1482,2418,2246,ntHW
1483,2422,2424,cSH
1484,2423,2445,ntHH
1485,2424,2422,cHS
1486,2433,1997,ncSW
1487,2435,2037,ncWS
1488,2436,2437,cSH
1489,2437,2436,cHS
1490,2437,1824,ntWH
1491,2438,1823,tHS
1492,2444,2477,ntSS
1493,2446,2501,cWW
1494,2447,2500,ncWS
1495,2448,2498,cWW
1496,2449,2497,cWW
1497,2450,2496,cWW
1498,2451,2495,cWW
1499,2452,2494,cWW
1500,2453,2493,cWW
1501,2454,2492,cWW
1502,2455,2491,cWW
1503,2457,2490,cWW
1504,2458,2489,cWW
1505,2459,2488,tSS
1506,2460,390,ntWS
1507,2461,367,ncHS
1508,2462,363,ntWH
1509,2462,2488,tSH
1510,2463,2487,ntHS
1511,2464,2486,tHS
1512,2465,2485,cWW
1513,2466,2484,cWW
1514,2467,2483,cWW
1515,2468,2482,cWW
1516,2470,2481,cWW
1517,2471,2480,cWW
1518,2472,2479,cWW
1519,2473,2478,cWW
1520,2474,2477,ntSH
1521,2475,1819,ncWS
1522,2477,2474,ntHS
1523,2486,2464,tSH
1524,2487,2463,ntSH
1525,2488,2462,tHS
1526,2500,2447,ncSW
1527,2502,1493,tWH
1528,2505,1492,ntHS
1529,2508,510,ncSW
1530,2509,510,ncSW
1531,2510,574,ntSW
1532,2513,4020,cWW
1533,2514,4019,cWW
1534,2515,4018,tSH
1535,2516,4017,tHH
1536,2517,2518,cSH
1537,2518,2517,cHS
1538,2518,4016,tWH
1539,2519,4015,tHS
1540,2520,4014,cWW
1541,2521,4013,cWW
1542,2521,2984,ntSW
1543,2522,4006,ncSS
1544,2522,2995,ntSS
1545,2523,2944,tWW
1546,2526,2546,tSS
1547,2527,2545,cWW
1548,2528,2544,cWW
1549,2529,2543,cWW
1550,2530,2542,cWW
1551,2531,2541,cWW
1552,2532,2540,cWW
1553,2532,2537,ntWH
1554,2533,2581,ncSW
1555,2533,2537,tWH
1556,2534,2581,cSW
1557,2537,2532,ntHW
1558,2537,2533,tHW
1559,2538,2985,ncWS
1560,2539,2578,tWW
1561,2546,2981,ncWW
1562,2547,2980,cWW
1563,2547,2982,ntSH
1564,2548,2979,cWW
1565,2548,2554,ntSW
1566,2549,2978,cWW
1567,2550,2977,ntSH
1568,2551,2976,tHW
1569,2552,2970,ncWW
1570,2553,2977,ntWW
1571,2554,2980,ncWS
1572,2554,2548,ntWS
1573,2555,2961,cWW
1574,2556,2960,cWW
1575,2557,2959,cWW
1576,2558,2958,cWW
1577,2559,2942,ntHS
1578,2560,2942,ntHS
1579,2561,2941,cWW
1580,2562,2940,cWW
1581,2562,2946,ncSS
1582,2563,2939,ncHW
1583,2564,2592,ntWW
1584,2565,2939,ncHW
1585,2566,2590,cWW
1586,2567,2589,cWW
1587,2567,2683,ncSS
1588,2568,2588,cWW
1589,2569,2587,cWW
1590,2570,2586,cWW
1591,2571,2585,cWW
1592,2571,2573,ncSH
1593,2572,2574,ncSH
1594,2572,2573,ncSH
1595,2572,2583,ntWH
1596,2573,2571,ncHS
1597,2573,2572,ncHS
1598,2573,2586,ncWS
1599,2573,2585,ntHS
1600,2574,2585,cWS
1601,2574,2572,ncHS
1602,2575,2583,cWW
1603,2576,2582,cWW
1604,2576,2952,ncSH
1605,2581,2534,cWS
1606,2581,2533,ncWS
1607,2583,2572,ntHW
1608,2583,2952,ntSH
1609,2585,2574,cSW
1610,2585,2573,ntSH
1611,2586,2573,ncSW
1612,2590,2683,ntSS
1613,2594,2938,tHW
1614,2595,2694,cWW
1615,2595,2674,tSS
1616,2596,2693,cWW
1617,2597,2937,cWW
1618,2598,2936,cWW
1619,2598,2668,ncSS
1620,2599,2935,cWW
1621,2600,2672,ntHW
1622,2601,2671,cWW
1623,2601,2902,ncSS
1624,2602,2670,cWW
1625,2602,2900,ncSS
1626,2602,2901,ncSS
1627,2603,2899,ncSW
1628,2603,2667,tWH
1629,2605,2666,tHS
1630,2606,2665,cWW
1631,2607,2664,cWW
1632,2608,2663,tSH
1633,2609,2623,tHW
1634,2610,2624,ntWH
1635,2610,2625,ntWW
1636,2611,2622,tHS
1637,2612,2621,cWW
1638,2612,2626,ncSH
1639,2613,2620,cWW
1640,2613,2626,ncSH
1641,2613,3828,ncSS
1642,2614,2619,cWW
1643,2614,3828,ncSS
1644,2616,208,ntWS
1645,2620,3828,ntSW
1646,2622,2611,tSH
1647,2623,2624,ncSH
1648,2623,2609,tWH
1649,2624,2623,ncHS
1650,2624,2610,ntHW
1651,2624,2627,ntWW
1652,2626,2612,ncHS
1653,2626,2613,ncHS
1654,2628,147,ncWS
1655,2628,165,ntWS
1656,2632,2657,cWW
1657,2633,2656,cWW
1658,2635,2655,cWW
1659,2636,2654,cWW
1660,2637,2653,cWW
1661,2638,2652,cWW
1662,2639,2651,cWW
1663,2640,2650,cWW
1664,2641,2649,cWW
1665,2642,2648,cWW
1666,2643,2647,cWW
1667,2663,2608,tHS
1668,2666,2605,tSH
1669,2667,2899,ntWW
1670,2667,2603,tHW
1671,2671,2901,ntSS
1672,2672,2600,ntWH
1673,2674,2695,ncSS
1674,2675,2692,cWW
1675,2676,2691,cWW
1676,2676,2796,ncSS
1677,2677,2690,cWW
1678,2678,2689,cWW
1679,2679,2688,cWW
1680,2680,2688,ncWW
1681,2680,2685,tWH
1682,2685,2680,tHW
1683,2692,2797,ntSS
1684,2695,2933,cWW
1685,2696,2932,cWW
1686,2697,2931,cWW
1687,2698,2930,cWW
1688,2699,2703,cSH
1689,2702,2923,ntWH
1690,2703,2699,cHS
1691,2703,2928,cWW
1692,2704,2927,cWW
1693,2705,2926,cWW
1694,2706,2923,cWW
1695,2708,2921,ntSH
1696,2710,2729,cWW
1697,2710,2917,ncHS
1698,2711,2728,cWW
1699,2712,2727,cWW
1700,2713,2726,cWW
1701,2714,2725,cWW
1702,2715,2724,cWW
1703,2716,2723,cWW
1704,2717,2722,cWW
1705,2718,2721,ntSH
1706,2721,2718,ntHS
1707,2729,2917,ntHS
1708,2730,2918,ntWW
1709,2730,2919,ntWW
1710,2731,2912,ncSW
1711,2731,2913,ncWW
1712,2732,2741,cWW
1713,2733,2740,cWW
1714,2734,2739,cWW
1715,2737,2811,ncSS
1716,2738,2810,ncSS
1717,2738,2837,ntSS
1718,2742,2926,ncSS
1719,2743,2926,ncSS
1720,2745,2912,cWW
1721,2745,2911,ntWH
1722,2746,2911,tSH
1723,2747,2910,tHS
1724,2748,4281,ncSW
1725,2748,4282,ncSW
1726,2748,2909,ntHS
1727,2749,2908,cWW
1728,2750,2907,cWW
1729,2751,2906,cWW
1730,2752,2905,cWW
1731,2753,2904,cWW
1732,2754,2903,cWW
1733,2755,2902,tSH
1734,2756,2901,tHH
1735,2757,2900,ntWH
1736,2758,2893,cWW
1737,2758,2896,ncSH
1738,2759,2892,cWW
1739,2760,2891,cWW
1740,2761,2890,cWW
1741,2762,2889,cWW
1742,2763,2888,cWW
1743,2764,2887,cWW
1744,2765,2886,cWW
1745,2765,2843,ncSH
1746,2766,2885,cWW
1747,2767,2884,cWW
1748,2768,2883,cWW
1749,2769,2882,cWW
1750,2770,2880,cWW
1751,2771,2878,cWW
1752,2771,2879,ncWW
1753,2772,2877,ncWW
1754,2773,2876,cWW
1755,2774,2875,cWW
1756,2775,2793,cWW
1757,2775,2792,ncWS
1758,2776,2792,cWW
1759,2776,2873,ncSS
1760,2777,2791,cWW
1761,2778,2790,cWW
1762,2779,2789,cWW
1763,2780,2786,ncWS
1764,2780,2788,ncWW
1765,2781,2785,ncSW
1766,2781,2786,ncWW
1767,2784,4804,cWW
1768,2785,4803,cWW
1769,2785,2781,ncWS
1770,2786,2780,ncSW
1771,2792,2775,ncSW
1772,2794,2853,ncSW
1773,2795,2851,tWH
1774,2796,2850,ntHH
1775,2797,2849,tHS
1776,2798,2848,cWW
1777,2799,2847,ncWS
1778,2799,2846,ncWW
1779,2800,2846,cWW
1780,2801,2845,cWW
1781,2802,2844,cWW
1782,2804,2841,cWW
1783,2805,2840,cWW
1784,2806,2839,cWW
1785,2807,2838,ncWW
1786,2807,2839,ncWW
1787,2809,2837,cWW
1788,2810,2836,cWW
1789,2811,2835,cWW
1790,2812,2834,cWW
1791,2813,2833,tSH
1792,2814,2832,ntSH
1793,2815,2818,ncSS
1794,2815,2831,tHS
1795,2815,2828,tSS
1796,2818,2828,ncWW
1797,2819,2827,cWW
1798,2820,2826,cWW
1799,2821,2825,ncSW
1800,2824,2890,ntWS
1801,2825,2821,ncWS
1802,2831,2815,tSH
1803,2832,2814,ntHS
1804,2833,2813,tHS
1805,2843,2765,ncHS
1806,2847,2799,ncSW
1807,2849,2797,tSH
1808,2851,2795,tHW
1809,2853,2794,ncWS
1810,2854,2874,cWW
1811,2855,2873,cWW
1812,2856,2872,cWW
1813,2857,2871,cWW
1814,2857,2870,ncSW
1815,2858,2870,cWW
1816,2859,2869,cWW
1817,2860,2868,cWW
1818,2861,2866,cWW
1819,2870,2857,ncWS
1820,2890,2824,ntSW
1821,2894,2898,cWW
1822,2896,2758,ncHS
1823,2899,2603,ncWS
1824,2900,2757,ntHW
1825,2902,2755,tHS
1826,2909,2748,ntSH
1827,2910,2747,tSH
1828,2911,2745,ntHW
1829,2911,2746,tHS
1830,2912,2731,ncWS
1831,2913,2922,ncSS
1832,2914,2922,ncSS
1833,2914,2921,ncSS
1834,2915,2920,ncSS
1835,2915,2918,ncSW
1836,2917,2710,ncSH
1837,2917,2729,ntSH
1838,2918,2915,ncWS
1839,2921,2708,ntHS
1840,2923,2702,ntHW
1841,2938,2594,tWH
1842,2939,2565,ncWH
1843,2939,2563,ncWH
1844,2940,2946,ntSW
1845,2942,2559,ntSH
1846,2942,2560,ntSH
1847,2946,2940,ntWS
1848,2947,2956,cWW
1849,2948,2955,cWW
1850,2952,2576,ncHS
1851,2952,2583,ntHS
1852,2963,2975,cWW
1853,2964,2974,cWW
1854,2965,2973,cWW
1855,2966,2972,cWW
1856,2966,3777,ntSW
1857,2967,2971,tSH
1858,2969,3779,ncWS
1859,2971,3779,ncSS
1860,2971,2967,tHS
1861,2976,2551,tWH
1862,2977,2550,ntHS
1863,2980,2554,ncSW
1864,2982,2547,ntHS
1865,2984,2521,ntWS
1866,2985,4012,cWW
1867,2985,2538,ncSW
1868,2986,4011,cWW
1869,2987,4010,cWW
1870,2987,4009,ncWS
1871,2988,4009,cWW
1872,2989,4008,ntWH
1873,2990,4008,ntSH
1874,2992,4008,ntHS
1875,2993,4007,ntHW
1876,2994,4006,cWW
1877,2995,4005,cWW
1878,2996,4004,cWW
1879,2997,4003,cWW
1880,2997,4813,ncSH
1881,2998,4002,cWW
1882,2999,4001,cWW
1883,3000,4000,cWW
1884,3001,3995,ncHH
1885,3001,3999,ntWW
1886,3002,3998,cWW
1887,3003,3997,cWW
1888,3004,3006,ncSH
1889,3004,3996,ntSH
1890,3005,3993,ntHW
1891,3005,3014,ntWS
1892,3005,3013,ntWW
1893,3005,3994,tHW
1894,3006,3996,cWW
1895,3006,3004,ncHS
1896,3011,3993,cWW
1897,3014,3994,ncSS
1898,3014,3993,ncSS
1899,3014,3005,ntSW
1900,3016,3992,ncSS
1901,3019,3043,cWW
1902,3020,3042,cWW
1903,3021,3041,cWW
1904,3022,3040,cWW
1905,3023,3039,cWW
1906,3024,3038,tSH
1907,3025,3037,tSH
1908,3026,3035,tHH
1909,3027,3034,tHS
1910,3028,3033,cWW
1911,3029,3032,ntSW
1912,3030,3848,cWW
1913,3030,3979,ncHS
1914,3032,3029,ntWS
1915,3034,3027,tSH
1916,3037,3025,tHS
1917,3038,3024,tHS
1918,3044,3769,cWW
1919,3045,3768,cWW
1920,3046,3767,ncWW
1921,3046,3766,ncWW
1922,3046,5172,ntSH
1923,3047,3766,cWW
1924,3048,3765,cWW
1925,3049,3764,cWW
1926,3050,3763,cWW
1927,3051,3762,cWW
1928,3052,3761,cWW
1929,3052,3760,ncWH
1930,3053,3758,cWW
1931,3054,3757,cWW
1932,3055,3756,cWW
1933,3056,3754,cWW
1934,3056,3755,ncWW
1935,3057,3754,ncWW
1936,3058,3754,ncWS
1937,3059,3749,ntSS
1938,3061,3745,cWW
1939,3062,3744,cWW
1940,3063,3743,cWW
1941,3064,3742,cWW
1942,3065,3741,cWW
1943,3066,3740,cWW
1944,3754,3058,ncSW
1945,3760,3052,ncHW
1946,3770,3774,cWW
1947,3771,5161,ncHH
1948,3775,3780,ncWS
1949,3777,4811,ntSS
1950,3777,2966,ntWS
1951,3779,2969,ncSW
1952,3780,3775,ncSW
1953,3782,3991,cWW
1954,3783,3990,cWW
1955,3784,3989,cWW
1956,3785,3988,cWW
1957,3786,3987,cWW
1958,3787,3986,cWW
1959,3788,3985,cWW
1960,3789,3983,cWW
1961,3790,3982,cWW
1962,3791,3809,ntHS
1963,3791,3980,tSW
1964,3792,3809,ntHS
1965,3792,3808,ntHS
1966,3793,1769,cWH
1967,3793,3807,ntHS
1968,3794,3806,cWW
1969,3795,3805,cWW
1970,3796,3803,tWH
1971,3797,4690,ncWS
1972,3797,3802,ntHH
1973,3798,1691,cWS
1974,3799,1794,ncWS
1975,3800,4688,tWW
1976,3801,4709,cSS
1977,3803,3796,tHW
1978,3803,4690,tSS
1979,3807,1769,cSW
1980,3807,3793,ntSH
1981,3808,3792,ntSH
1982,3809,3847,ntHS
1983,3809,3792,ntSH
1984,3809,3791,ntSH
1985,3810,3846,cWW
1986,3811,3845,cWW
1987,3811,3903,tSS
1988,3812,3844,cWW
1989,3813,3843,cWW
1990,3814,3842,cWW
1991,3815,3841,cWW
1992,3815,3821,ncSS
1993,3816,3840,cWW
1994,3816,3820,ncSS
1995,3817,3837,ntSS
1996,3818,3838,ntHH
1997,3818,3840,ntHS
1998,3818,3836,ntWW
1999,3819,4327,ncWW
2000,3820,3834,tWW
2001,3821,3833,cWW
2002,3821,3841,tSS
2003,3822,3832,cWW
2004,3823,3831,cWW
2005,3824,3830,cWW
2006,3825,3828,ntSH
2007,3828,3825,ntHS
2008,3828,2620,ntWS
2009,3840,3818,ntSH
2010,3845,3903,ncSS
2011,3846,3903,ncSS
2012,3846,3973,ncSS
2013,3847,3809,ntSH
2014,3848,3979,ntHS
2015,3849,3978,ncWW
2016,3850,3977,cWW
2017,3851,3976,cWW
2018,3852,3975,cWW
2019,3852,3935,ncSS
2020,3852,3972,tSS
2021,3853,3973,cWH
2022,3854,3908,cWW
2023,3855,3907,cWW
2024,3856,3930,cSS
2025,3856,3906,cWW
2026,3857,3904,tWH
2027,3858,3906,ntHS
2028,3858,3902,ntHW
2029,3859,3905,cWW
2030,3860,3904,cWW
2031,3861,3901,cWW
2032,3862,3900,cWW
2033,3863,3899,cWW
2034,3864,3898,cWW
2035,3866,3897,cWW
2036,3867,3896,ncHW
2037,3868,3894,ntHH
2038,3868,3895,ntHH
2039,3870,3895,cWW
2040,3871,3895,cHW
2041,3872,3892,ntWH
2042,3872,3893,tSH
2043,3873,4334,cSS
2044,3873,3891,ntHS
2045,3873,4089,ntSS
2046,3875,3890,ntHS
2047,3876,3889,cWW
2048,3876,3890,ncWS
2049,3877,3888,cWW
2050,3878,3887,cWW
2051,3879,3886,cWW
2052,3880,3885,cWW
2053,3881,3884,ntSH
2054,3883,4516,ntSS
2055,3884,3881,ntHS
2056,3890,3876,ncSW
2057,3890,3875,ntSH
2058,3891,3873,ntSH
2059,3892,4088,ncSS
2060,3892,3872,ntHW
2061,3893,4336,ntSS
2062,3893,3872,tHS
2063,3893,4335,tSS
2064,3895,3871,cWH
2065,3896,3867,ncWH
2066,3902,3905,ncSH
2067,3902,3858,ntWH
2068,3904,3857,tHW
2069,3905,3902,ncHS
2070,3906,3858,ntSH
2071,3907,3930,ntSS
2072,3909,3927,cWW
2073,3910,3926,cWW
2074,3911,3925,cWW
2075,3912,3924,cWW
2076,3913,3923,cWW
2077,3914,3922,ntSH
2078,3915,3920,tHW
2079,3920,3915,tWH
2080,3921,3922,cSH
2081,3922,3921,cHS
2082,3922,3914,ntHS
2083,3928,3932,ntSW
2084,3932,3928,ntWS
2085,3933,3934,cSH
2086,3934,3933,cHS
2087,3934,3972,tWH
2088,3935,3971,tHS
2089,3936,3970,cWW
2090,3937,3967,cWW
2091,3937,3940,ncSS
2092,3938,3943,ncWH
2093,3939,3946,ncSW
2094,3941,4708,ncSS
2095,3943,3938,ncHW
2096,3943,3965,ntHH
2097,3943,3945,ntSW
2098,3945,3943,ntWS
2099,3946,3939,ncWS
2100,3947,4659,ntWS
2101,3948,3964,cWW
2102,3949,3963,cWW
2103,3950,3962,cWW
2104,3951,3961,cWW
2105,3952,3960,cWW
2106,3952,3959,ntSH
2107,3954,3956,ntSH
2108,3955,4650,ntSS
2109,3956,4662,ncSS
2110,3956,3954,ntHS
2111,3956,4650,ntSS
2112,3956,4651,tSS
2113,3958,4653,ncSW
2114,3958,4659,ntWS
2115,3959,3952,ntHS
2116,3969,4694,ncSS
2117,3969,4705,ntWS
2118,3971,3935,tSH
2119,3972,3975,cSS
2120,3972,3934,tHW
2121,3973,3853,cHW
2122,3979,3030,ncSH
2123,3979,3848,ntSH
2124,3980,3791,tWS
2125,3984,1742,ntWS
2126,3993,3005,ntWH
2127,3994,3005,tWH
2128,3995,3999,ncWS
2129,3995,4827,ntHH
2130,3996,3004,ntHS
2131,3999,3995,ncSW
2132,4000,4827,ncSH
2133,4007,2993,ntWH
2134,4008,2990,ntHS
2135,4008,2989,ntHW
2136,4008,2992,ntSH
2137,4009,2987,ncSW
2138,4015,2519,tSH
2139,4016,2518,tHW
2140,4017,1752,ncSW
2141,4018,2515,tHS
2142,4021,4037,ncWW
2143,4022,4036,ncWW
2144,4024,4056,ncWS
2145,4025,4042,cWW
2146,4026,4041,cWW
2147,4026,2201,ntSW
2148,4027,4040,cWW
2149,4027,2202,ncSH
2150,4027,2203,ncSH
2151,4028,4039,cWW
2152,4028,2044,ntSW
2153,4029,4038,cWW
2154,4029,2045,ntSW
2155,4029,4035,ntWH
2156,4030,1469,ntSW
2157,4030,4035,ntWH
2158,4031,1479,tSW
2159,4032,1475,ncWS
2160,4033,1477,ncHS
2161,4035,4029,ntHW
2162,4035,4030,ntHW
2163,4041,2203,cSW
2164,4041,2202,ntSH
2165,4043,588,ncWH
2166,4046,4726,tHS
2167,4047,4725,cWW
2168,4048,4724,cWW
2169,4049,5135,cSW
2170,4049,4723,cWW
2171,4050,4722,cWW
2172,4051,4721,cWW
2173,4052,4720,cWW
2174,4053,4055,cSH
2175,4053,4054,ncSH
2176,4053,4719,ntSH
2177,4054,4719,cWW
2178,4054,4053,ncHS
2179,4055,4053,cHS
2180,4055,4718,cWW
2181,4055,4715,ntHW
2182,4056,4717,cWW
2183,4056,4679,ncHH
2184,4056,4024,ncSW
2185,4057,4601,ncWS
2186,4057,4602,ncWS
2187,4058,4714,cWW
2188,4059,4713,cWW
2189,4062,1812,cWS
2190,4062,1813,ncWS
2191,4063,4553,ncWW
2192,4063,4608,ntWW
2193,4064,4605,ntSH
2194,4065,4552,ncWW
2195,4065,4603,ntWS
2196,4066,4548,ncWW
2197,4066,4547,ncWW
2198,4067,4547,cWW
2199,4067,4551,ncSW
2200,4068,4546,cWW
2201,4068,1835,ncSH
2202,4069,4545,cWW
2203,4070,4534,ntWW
2204,4071,4544,cWW
2205,4071,1680,tSH
2206,4072,4543,cWW
2207,4073,4540,cWW
2208,4073,4542,ntSH
2209,4074,4539,cWW
2210,4075,4700,cSS
2211,4075,4538,cWW
2212,4076,4537,cWW
2213,4076,4699,ncSS
2214,4076,4700,ncSS
2215,4077,4079,cWH
2216,4077,4699,ncSS
2217,4079,4077,cHW
2218,4079,4344,cWW
2219,4079,4536,ncSS
2220,4080,4343,cWW
2221,4080,4536,ncSS
2222,4080,4339,tHH
2223,4081,4342,cWW
2224,4082,4341,cWW
2225,4083,4340,cWW
2226,4084,4338,tHS
2227,4085,4337,cWW
2228,4086,4336,cWW
2229,4087,4335,cWW
2230,4088,4334,cWW
2231,4089,4333,cWW
2232,4090,4332,cWW
2233,4091,4331,cWW
2234,4092,4330,cWW
2235,4093,4329,ncWW
2236,4093,4328,ntWW
2237,4094,4328,ncHW
2238,4095,4230,cWW
2239,4096,4229,cWW
2240,4097,4228,cWW
2241,4098,4227,cWW
2242,4099,4226,cWW
2243,4100,4225,cWW
2244,4101,4224,cWW
2245,4102,4223,cWW
2246,4103,4222,cWW
2247,4104,4221,cWW
2248,4105,4219,cWW
2249,4106,4218,cWW
2250,4107,4217,ntSH
2251,4107,4216,ntSH
2252,4108,4216,cWW
2253,4109,4215,cWW
2254,4110,4214,ncWW
2255,4111,4213,cWW
2256,4112,4212,cWW
2257,4113,4117,ncSW
2258,4117,4205,ncSH
2259,4117,4113,ncWS
2260,4117,4121,ntSH
2261,4121,4117,ntHS
2262,4121,4201,ntWS
2263,4122,4211,cWW
2264,4123,4210,ncWW
2265,4124,4209,cWW
2266,4124,4210,ncWW
2267,4125,4208,cWW
2268,4126,4207,ncWW
2269,4127,4207,ncSW
2270,4129,4194,ncWW
2271,4129,4193,ncWW
2272,4129,4206,tSS
2273,4130,4193,cWW
2274,4131,4192,cWW
2275,4132,4191,cWW
2276,4133,4190,cWW
2277,4200,4204,ntSH
2278,4201,4121,ntSW
2279,4204,4200,ntHS
2280,4205,4117,ncHS
2281,4207,4127,ncWS
2282,4216,4107,ntHS
2283,4217,4107,ntHS
2284,4231,4326,tWH
2285,4232,4326,ncWW
2286,4233,4324,ntHS
2287,4233,4325,tHS
2288,4234,4327,ncSH
2289,4234,4323,ncWW
2290,4234,4324,ncWW
2291,4235,4323,cWW
2292,4236,4322,cWW
2293,4237,4321,cWW
2294,4238,4320,cWW
2295,4239,4241,ncWS
2296,4241,4239,ncSW
2297,4244,4317,cWW
2298,4245,4316,cWW
2299,4246,4315,cWW
2300,4247,4314,cWW
2301,4250,4269,ncWS
2302,4250,4270,ncWW
2303,4251,4269,cWW
2304,4252,4269,ntHS
2305,4253,4268,cWW
2306,4254,4267,cWW
2307,4255,4266,cWW
2308,4256,4265,cWW
2309,4257,4264,cWW
2310,4258,4263,cWW
2311,4259,4262,ntSW
2312,4262,4259,ntWS
2313,4269,4250,ncSW
2314,4269,4252,ntSH
2315,4271,4272,ncSH
2316,4272,4271,ncHS
2317,4281,2748,ncWS
2318,4282,2748,ncWS
2319,4283,4313,ntHH
2320,4284,4311,ntHW
2321,4284,4312,tHS
2322,4285,4311,ncWW
2323,4286,4310,cWW
2324,4287,4309,cWW
2325,4288,4308,cWW
2326,4289,4307,cWW
2327,4290,4306,cWW
2328,4291,4305,cWW
2329,4292,4304,cWW
2330,4293,4303,cWW
2331,4294,4302,cWW
2332,4295,4301,cWW
2333,4296,4301,ncWW
2334,4296,4299,ntWH
2335,4299,4296,ntHW
2336,4311,4284,ntWH
2337,4312,4284,tSH
2338,4324,4327,ncSW
2339,4324,4233,ntSH
2340,4325,4233,tSH
2341,4326,4231,tHW
2342,4327,4234,ncHS
2343,4327,4324,ncWS
2344,4328,4094,ncWH
2345,4338,4084,tSH
2346,4344,4536,tSS
2347,4345,4537,cWH
2348,4345,4538,ncWH
2349,4346,4538,ncWH
2350,4346,4539,ncWH
2351,4347,4360,cWW
2352,4347,1833,ncSH
2353,4348,4358,cWW
2354,4349,4377,cSH
2355,4349,4359,ncSH
2356,4349,4357,ncWW
2357,4349,4356,ntWH
2358,4351,2020,ntHS
2359,4356,4377,cWW
2360,4356,4359,ncWW
2361,4356,4349,ntHW
2362,4357,4359,ntSH
2363,4359,4349,ncHS
2364,4359,4357,ntHS
2365,4361,4383,cWW
2366,4362,4382,cWW
2367,4362,4491,ncSS
2368,4363,4381,cWW
2369,4363,4429,ntSS
2370,4364,4380,cWW
2371,4365,4379,cWW
2372,4366,4378,cWW
2373,4367,4376,ntSH
2374,4368,4375,tHH
2375,4369,2029,ntHS
2376,4369,4374,tWW
2377,4376,4367,ntHS
2378,4377,4349,cHS
2379,4381,4429,cSS
2380,4382,4491,ntSW
2381,4384,4531,cWW
2382,4384,4494,ncSH
2383,4384,4493,ntSW
2384,4385,4427,cWW
2385,4385,4487,ncSW
2386,4386,4487,cWW
2387,4386,4390,ntSS
2388,4387,4486,cWW
2389,4387,4448,ntWW
2390,4388,4446,ntSW
2391,4389,4448,ntHH
2392,4389,4445,ntWW
2393,4389,4446,tWW
2394,4390,4487,ncSS
2395,4391,4445,ncWW
2396,4391,4444,ncWW
2397,4391,4448,ntSH
2398,4392,4444,cWW
2399,4393,4443,cWW
2400,4394,4442,cWW
2401,4395,4441,cWW
2402,4396,4440,cWW
2403,4397,4439,cWW
2404,4398,4437,ntWW
2405,4399,4423,cWW
2406,4400,4420,tHS
2407,4401,4419,cWW
2408,4402,4418,cWW
2409,4403,4417,cWW
2410,4404,4416,cWW
2411,4405,4415,cWW
2412,4406,4414,cWW
2413,4410,4413,ncWH
2414,4413,4410,ncHW
2415,4420,4400,tSH
2416,4424,4434,ntHW
2417,4424,4437,tWH
2418,4425,4434,cWW
2419,4426,4433,cWW
2420,4426,4432,ntWH
2421,4427,4492,ncWW
2422,4429,4490,ncWW
2423,4430,4490,cWW
2424,4431,4489,cWW
2425,4432,4488,cWW
2426,4432,4426,ntHW
2427,4433,4438,ntSS
2428,4434,4424,ntWH
2429,4437,4424,tHW
2430,4438,4488,ncSS
2431,4446,4388,ntWS
2432,4447,4474,cHW
2433,4447,4473,ncHW
2434,4448,4391,ntHS
2435,4449,4473,cWW
2436,4449,4474,ncWS
2437,4450,4472,cWW
2438,4451,4471,cWW
2439,4451,4485,ntWH
2440,4452,4470,ncWW
2441,4453,4469,cWW
2442,4454,4468,cWW
2443,4455,4467,cWW
2444,4456,4466,cWW
2445,4457,4465,cWW
2446,4458,4464,ntSH
2447,4458,4463,ntSH
2448,4462,4532,cWW
2449,4463,4533,ncSH
2450,4463,4458,ntHS
2451,4464,4458,ntHS
2452,4471,4485,ntHH
2453,4473,4447,ncWH
2454,4474,4447,cWH
2455,4474,4449,ncSW
2456,4475,4484,cWW
2457,4476,4483,cWW
2458,4477,4482,cWW
2459,4478,4481,ntSH
2460,4481,4478,ntHS
2461,4485,4451,ntHW
2462,4487,4385,ncWS
2463,4491,4382,ntWS
2464,4493,4529,ncWH
2465,4493,4494,ncWH
2466,4493,4531,ncWW
2467,4493,4384,ntWS
2468,4494,4384,ncHS
2469,4494,4493,ncHW
2470,4494,4529,ntHH
2471,4494,4533,tSS
2472,4495,4528,tHW
2473,4496,4527,tHW
2474,4498,4526,cWW
2475,4499,4525,cWW
2476,4500,4524,cWW
2477,4501,4523,cWW
2478,4502,4522,cWW
2479,4503,4521,cWW
2480,4504,4520,ncWW
2481,4506,4520,cWW
2482,4506,1547,ntSW
2483,4507,4519,cWW
2484,4508,4518,cWW
2485,4509,4517,cWW
2486,4509,451,ntSW
2487,4511,477,ncWS
2488,4517,451,cSW
2489,4517,472,ncWS
2490,4518,472,ncSW
2491,4527,4496,tWH
2492,4528,4495,tWH
2493,4529,4493,ncHW
2494,4533,4463,ncHS
2495,4535,247,ncHS
2496,4536,197,ntHS
2497,4536,196,ntHS
2498,4537,4345,cHW
2499,4538,4345,ncHW
2500,4538,4346,ncHW
2501,4538,4700,tSS
2502,4539,4346,ncHW
2503,4540,4542,cSH
2504,4542,4540,cHS
2505,4542,4073,ntHS
2506,4547,1835,cSW
2507,4547,4551,ntWW
2508,4548,4551,ntSW
2509,4549,4553,ncWH
2510,4551,4067,ncWS
2511,4551,4603,ntSH
2512,4551,4548,ntWS
2513,4552,4603,tHW
2514,4553,4549,ncHW
2515,4553,4602,ntHW
2516,4554,4602,ncWW
2517,4555,4674,ncSS
2518,4555,4600,ncWW
2519,4555,4601,ncWW
2520,4556,4600,cWW
2521,4557,4598,cWW
2522,4558,4597,ncWW
2523,4559,4596,cWW
2524,4560,4595,ncWW
2525,4560,4594,ncWW
2526,4560,4562,ntSW
2527,4561,4595,cWW
2528,4562,4594,cWW
2529,4562,4592,ncWW
2530,4562,4591,ntHW
2531,4562,4560,ntWS
2532,4563,4591,cWW
2533,4564,4590,cWW
2534,4564,4620,ncSH
2535,4564,2197,ncSW
2536,4565,4589,cWW
2537,4565,2197,ncSW
2538,4566,4588,cWW
2539,4567,4587,cWW
2540,4568,4586,cWW
2541,4570,4584,ntSH
2542,4571,4583,tHS
2543,4572,4582,cWW
2544,4572,4578,ncHS
2545,4573,4581,cWW
2546,4573,4578,ncHS
2547,4574,4580,tSH
2548,4577,4631,tWW
2549,4578,4572,ncSH
2550,4578,4573,ncSH
2551,4578,4583,ncSW
2552,4578,4582,ntSH
2553,4580,4574,tHS
2554,4582,4578,ntHS
2555,4583,4578,ncWS
2556,4583,4571,tSH
2557,4584,4570,ntHS
2558,4590,2197,ntSW
2559,4591,4562,ntWH
2560,4592,4594,ncSH
2561,4594,4592,ncHS
2562,4596,2022,ncSH
2563,4598,4600,cSH
2564,4599,4601,ncSH
2565,4600,4598,cHS
2566,4601,4599,ncHS
2567,4601,4057,ncSW
2568,4602,4057,ncSW
2569,4602,4553,ntWH
2570,4603,4551,ntHS
2571,4603,4065,ntSW
2572,4603,4552,tWH
2573,4605,4064,ntHS
2574,4607,4712,ntWS
2575,4609,4684,cWW
2576,4609,4683,ntHH
2577,4609,4655,ntSS
2578,4610,4682,cWW
2579,4611,4681,cWW
2580,4612,4680,cWW
2581,4613,4677,cWW
2582,4614,4676,cWW
2583,4615,4673,cWW
2584,4616,4672,cWW
2585,4617,4671,cWW
2586,4618,4670,cWW
2587,4619,4669,cWW
2588,4620,4564,ncHS
2589,4621,4623,cSH
2590,4621,4646,ncWW
2591,4621,4645,ntWH
2592,4621,4624,ntWW
2593,4622,4667,cSS
2594,4622,4647,cWW
2595,4623,4621,cHS
2596,4623,4646,ncWW
2597,4624,4645,cWW
2598,4624,4643,ntHS
2599,4625,4642,ncWW
2600,4626,4641,cWW
2601,4626,4840,tSS
2602,4627,4640,cWW
2603,4628,4639,cWW
2604,4629,4637,ncWW
2605,4629,4638,ncWW
2606,4630,4637,ncWW
2607,4633,4759,cSS
2608,4633,4763,tWW
2609,4634,4764,tSS
2610,4641,4840,cSS
2611,4642,4839,ncSW
2612,4643,4864,cSW
2613,4643,4645,ncSH
2614,4643,4624,ntSH
2615,4644,4647,cSH
2616,4644,4646,ncSH
2617,4645,4643,ncHS
2618,4645,4621,ntHW
2619,4646,4644,ncHS
2620,4647,4644,cHS
2621,4647,4669,ncWH
2622,4647,4667,tSS
2623,4648,4669,ncWH
2624,4648,4670,ncWH
2625,4649,4663,cWW
2626,4650,4662,cWW
2627,4651,4661,cWW
2628,4652,4660,cWW
2629,4653,4659,cWW
2630,4653,3958,ncWS
2631,4654,4658,ntSH
2632,4655,4684,cSS
2633,4658,4654,ntHS
2634,4659,3958,ntSW
2635,4659,3947,ntSW
2636,4665,4667,ntSH
2637,4667,4665,ntHS
2638,4669,4648,ncHW
2639,4669,4647,ncHW
2640,4670,4648,ncHW
2641,4678,4683,ntHH
2642,4683,4685,ncHH
2643,4689,4710,tHS
2644,4690,4708,cWW
2645,4690,3797,ncSW
2646,4691,4707,cWW
2647,4692,4706,cWW
2648,4693,4705,cWW
2649,4694,4703,cWW
2650,4695,4702,cWW
2651,4696,4701,cWW
2652,4697,4700,tSH
2653,4700,4697,tHS
2654,4705,3969,ntSW
2655,4710,4689,tSH
2656,4711,1757,ncSW
2657,4712,4607,ntSW
2658,4715,4717,ncSH
2659,4715,4718,ntSW
2660,4715,4055,ntWH
2661,4717,4715,ncHS
2662,4718,4715,ntWS
2663,4719,4053,ntHS
2664,4723,5135,ncSH
2665,4724,5136,ntSW
2666,4726,4046,tSH
2667,4731,4884,cWW
2668,4732,4883,cWW
2669,4733,4882,cWW
2670,4734,4881,cWW
2671,4735,4880,cWW
2672,4736,4879,cWW
2673,4737,4878,ncWH
2674,4738,4877,cWW
2675,4738,4878,ncWH
2676,4740,4874,ntHS
2677,4740,4873,ntHW
2678,4741,4873,cWW
2679,4742,4872,cWW
2680,4743,4871,cWW
2681,4744,4870,ntSH
2682,4745,4777,tSS
2683,4746,4776,cWW
2684,4747,4775,cWW
2685,4748,4774,cWW
2686,4749,4773,cWW
2687,4750,4772,cWW
2688,4751,4771,cWW
2689,4752,4770,cWW
2690,4753,4769,ncWW
2691,4754,4768,tSH
2692,4755,4767,tHH
2693,4756,4757,cSH
2694,4757,4756,cHS
2695,4757,4767,ntSH
2696,4757,4766,tWH
2697,4758,4765,tHS
2698,4759,4764,cWW
2699,4760,4763,ntSH
2700,4763,4760,ntHS
2701,4765,4758,tSH
2702,4766,4757,tHW
2703,4767,4757,ntHS
2704,4768,4754,tHS
2705,4777,4832,cWW
2706,4778,4831,cWW
2707,4779,4830,cWW
2708,4780,4829,cWW
2709,4780,4828,ncWW
2710,4781,4783,ncSH
2711,4781,4828,ncWW
2712,4781,4825,ntWH
2713,4782,4825,tHH
2714,4783,4781,ncHS
2715,4783,4829,ncWS
2716,4783,4828,ntHS
2717,4784,4829,ncWS
2718,4784,4828,ncWS
2719,4785,4825,cWW
2720,4786,4824,cWW
2721,4786,4827,ncSS
2722,4787,4823,cWW
2723,4788,4822,cWW
2724,4788,4821,ntWH
2725,4789,4820,ntSH
2726,4791,5158,ntHS
2727,4791,4819,tSS
2728,4793,4818,cWW
2729,4793,5159,ntSS
2730,4794,4817,cWW
2731,4796,4815,cWW
2732,4797,4814,cWW
2733,4798,4811,cWW
2734,4799,4810,cWW
2735,4800,4809,cWW
2736,4801,4808,cWW
2737,4802,4807,cWW
2738,4802,4806,ncWW
2739,4813,2997,ncHS
2740,4820,4789,ntHS
2741,4821,4788,ntHW
2742,4821,5204,ntSH
2743,4821,5203,ntSW
2744,4825,4781,ntHW
2745,4827,4000,ncHS
2746,4828,4784,ncSW
2747,4828,4783,ntSH
2748,4829,4783,ncSW
2749,4829,4784,ncSW
2750,4834,4868,cWW
2751,4835,4867,cWW
2752,4836,4866,cWW
2753,4836,4865,ncWS
2754,4837,4865,cWW
2755,4838,4863,tWH
2756,4839,4642,ncWS
2757,4840,4861,ntHS
2758,4840,4862,tHS
2759,4841,4861,cWW
2760,4842,4860,cWW
2761,4843,4859,cWW
2762,4844,4858,cWW
2763,4845,4857,ntSH
2764,4845,4856,ntWH
2765,4845,4855,tWH
2766,4846,4856,tSH
2767,4847,4853,tHW
2768,4848,4852,ntHW
2769,4849,4851,ncSH
2770,4851,4849,ncHS
2771,4852,4848,ntWH
2772,4853,4847,tWH
2773,4855,4857,cWH
2774,4855,4845,tHW
2775,4856,4845,ntHW
2776,4856,4846,tHS
2777,4857,4855,cHW
2778,4857,4845,ntHS
2779,4861,4840,ntSH
2780,4862,4840,tSH
2781,4863,4838,tHW
2782,4864,4643,cWS
2783,4865,4836,ncSW
2784,4870,4744,ntHS
2785,4873,4740,ntWH
2786,4874,4875,ncSH
2787,4874,4740,ntSH
2788,4875,4874,ncHS
2789,4878,4738,ncHW
2790,4878,4737,ncHW
2791,4884,4885,ncSH
2792,4885,4884,ncHS
2793,4890,5121,ncWW
2794,4891,5120,cWW
2795,4891,5224,ntSH
2796,4892,5119,cWW
2797,4893,5118,cWW
2798,4894,5117,cWW
2799,4895,5116,cWW
2800,4896,5115,cWW
2801,4897,5115,ncWW
2802,4898,5114,cWW
2803,4899,5113,cWW
2804,4899,5112,ncWW
2805,4900,5112,ncWW
2806,4900,5111,ntSH
2807,4901,5111,tSH
2808,4902,5110,cWW
2809,4903,5109,cWW
2810,4904,5108,cWW
2811,4909,5035,ncWW
2812,4910,5034,cWW
2813,4917,4920,ncSS
2814,4920,5026,ncWW
2815,4921,5025,cWW
2816,4922,5024,cWW
2817,4923,5023,cWW
2818,4924,5022,cWW
2819,4925,5021,cWW
2820,4926,5020,ntWH
2821,4927,5020,ncWW
2822,4928,5019,cWW
2823,4929,5018,cWW
2824,4930,5017,cWW
2825,4931,5016,cWW
2826,4932,5015,cWW
2827,5020,4926,ntHW
2828,5040,5090,ncWW
2829,5041,5090,cWW
2830,5042,5089,ncWW
2831,5043,5088,cWW
2832,5044,5087,cWW
2833,5045,5086,cWW
2834,5046,5085,cWW
2835,5047,5084,cWW
2836,5051,5081,ncWW
2837,5052,5080,cWW
2838,5052,5082,ncSH
2839,5053,5079,cWW
2840,5054,5078,cWW
2841,5055,5077,cWW
2842,5057,5076,cWW
2843,5058,5075,cWW
2844,5059,5074,cWW
2845,5060,5073,cWW
2846,5061,5072,cWW
2847,5062,5071,cWW
2848,5063,5070,cWW
2849,5066,5067,ncSH
2850,5067,5066,ncHS
2851,5082,5052,ncHS
2852,5097,864,ncWS
2853,5097,1445,ntWS
2854,5098,1445,ntHS
2855,5099,5102,ncSS
2856,5111,4900,ntHS
2857,5111,4901,tHS
2858,5122,5222,ncWW
2859,5122,5223,ncWW
2860,5123,5222,cWW
2861,5124,5221,cWW
2862,5125,5220,cWW
2863,5126,5219,cWW
2864,5127,5143,ncWW
2865,5127,5218,ncWW
2866,5128,5142,cWW
2867,5129,5141,cWW
2868,5129,5140,ncWW
2869,5130,5140,ncWW
2870,5131,5139,cWW
2871,5133,5138,cSW
2872,5133,5205,ntHS
2873,5134,5205,ntWW
2874,5135,4049,cWS
2875,5135,4723,ncHS
2876,5136,4724,ntWS
2877,5138,5133,cWS
2878,5147,5216,cWW
2879,5148,5215,cWW
2880,5148,5214,ncWW
2881,5149,5214,ncWW
2882,5149,5213,ncWW
2883,5150,5213,cWW
2884,5151,5212,cWW
2885,5152,5211,cWW
2886,5153,5209,cWW
2887,5154,5208,cWW
2888,5155,5207,cWW
2889,5156,5206,cWW
2890,5157,5202,cWW
2891,5158,4791,ntSH
2892,5159,5200,cWW
2893,5160,5199,cWW
2894,5161,5198,tSH
2895,5164,5196,ntHH
2896,5165,5195,cWW
2897,5166,5194,cWW
2898,5167,5193,cWW
2899,5168,5192,cWW
2900,5168,5191,ncWS
2901,5170,5191,cWW
2902,5171,5190,tSW
2903,5172,3046,ntHS
2904,5173,5188,cWW
2905,5174,5188,ncWW
2906,5174,5187,ncWW
2907,5175,5186,cWW
2908,5176,5185,cWW
2909,5177,5184,cWW
2910,5178,5181,cWW
2911,5190,5171,tWS
2912,5191,5168,ncSW
2913,5198,5161,tHS
2914,5203,4821,ntWS
2915,5204,4821,ntHS
2916,5205,5133,ntSH
2917,5224,4891,ntHS
