resNum,resName,Consensus,A,C,G,U,Gaps,Shannon
varchar(11),varchar(3),char(1),"real(5,4)","real(5,4)","real(5,4)","real(5,4)","real(5,4)","real(5,4)"
16S:1,A,-,0.125,0.0234375,0.0234375,0.09375,0.734375,1.977381669
16S:2,A,-,0.1484375,0.0546875,0.0234375,0.078125,0.6953125,1.976165013
16S:3,A,-,0.1875,0.03125,0.0390625,0.078125,0.6640625,1.957675234
16S:4,U,-,0.1328125,0.0546875,0.0234375,0.125,0.6640625,1.974788637
16S:5,U,-,0.0546875,0.0546875,0.015625,0.2421875,0.6328125,1.917777581
16S:6,G,-,0.2265625,0,0.28125,0.203125,0.2890625,1.83734578
16S:7,A,A,0.2890625,0.0703125,0.265625,0.125,0.25,1.897369614
16S:8,A,A,0.4921875,0.125,0.015625,0.3203125,0.046875,1.560847908
16S:9,G,G,0.0078125,0.453125,0.4921875,0.0234375,0.0234375,1.250397554
16S:10,A,A,0.4921875,0.203125,0.0234375,0.2734375,0.0078125,1.618211698
16S:11,G,G,0.0078125,0.0078125,0.984375,0,0,0.131740075
16S:12,U,U,0.0078125,0,0.453125,0.5390625,0,1.052725897
16S:13,U,U,0,0,0,1,0,0
16S:14,U,U,0,0.0234375,0,0.9765625,0,0.160328726
16S:15,G,G,0,0,1,0,0,0
16S:16,A,A,1,0,0,0,0,0
16S:17,U,U,0,0,0,1,0,0
16S:18,C,C,0,0.9453125,0,0.0546875,0,0.305984874
16S:19,A,C,0.078125,0.8984375,0,0.0234375,0,0.553081841
16S:20,U,U,0,0.0078125,0,0.9921875,0,0.065914412
16S:21,G,G,0.015625,0,0.984375,0,0,0.116115075
16S:22,G,G,0,0.453125,0.5390625,0.0078125,0,1.052725897
16S:23,C,C,0,0.984375,0.0078125,0.0078125,0,0.131740075
16S:24,U,U,0.265625,0,0.203125,0.5234375,0.0078125,1.483106347
16S:25,C,C,0,0.5234375,0.46875,0,0.0078125,1.034707606
16S:26,A,A,0.7890625,0.0234375,0,0.1796875,0.0078125,0.866664814
16S:27,G,G,0.1875,0.078125,0.7265625,0.0078125,0,1.129686325
16S:28,A,G,0.3125,0.09375,0.59375,0,0,1.291100275
16S:29,U,U,0.296875,0.21875,0.078125,0.3515625,0.0546875,1.860221399
16S:30,U,U,0.1953125,0.3203125,0.078125,0.3984375,0.0078125,1.808836762
16S:31,G,G,0.0078125,0.0078125,0.5078125,0,0.4765625,1.544010432
16S:32,A,A,0.7890625,0,0.015625,0.1953125,0,0.82362684
16S:33,A,A,0.71875,0.21875,0,0.0625,0,1.072080955
16S:34,C,C,0,0.6328125,0,0.3671875,0,0.948488076
16S:35,G,G,0,0,1,0,0,0
16S:36,C,C,0,0.984375,0,0.015625,0,0.116115075
16S:37,U,U,0,0,0,1,0,0
16S:38,G,G,0.3203125,0,0.484375,0,0.1953125,1.439884127
16S:39,G,G,0.015625,0.015625,0.5078125,0.4609375,0,1.198985564
16S:40,C,C,0.015625,0.734375,0.203125,0.046875,0,1.094901877
16S:41,G,G,0.0390625,0.0078125,0.75,0.203125,0,1.015800991
16S:42,G,G,0.0234375,0.1796875,0.78125,0.015625,0,0.943887254
16S:43,C,C,0.0390625,0.46875,0.203125,0.28125,0.0078125,1.684907044
16S:44,A,G,0.3515625,0.1953125,0.421875,0.0234375,0.0078125,1.651730861
16S:45,G,U,0.2578125,0.1015625,0.1953125,0.4453125,0,1.819204236
16S:46,G,G,0.203125,0.1796875,0.6015625,0.015625,0,1.446906865
16S:47,C,C,0.0703125,0.515625,0.4140625,0,0,1.288756867
16S:48,C,U,0.0234375,0.484375,0,0.4921875,0,1.136846141
16S:49,U,U,0,0,0,1,0,0
16S:50,A,A,0.84375,0,0.0078125,0.1484375,0,0.67001193
16S:51,A,A,0.9765625,0,0,0.0234375,0,0.160328726
16S:52,C,G,0.015625,0.4140625,0.4921875,0.078125,0,1.411189842
16S:53,A,A,0.484375,0.4765625,0.0390625,0,0,1.198868834
16S:54,C,C,0,0.9921875,0,0.0078125,0,0.065914412
16S:55,A,A,1,0,0,0,0,0
16S:56,U,U,0,0,0,0.9921875,0.0078125,0.061162852
16S:57,G,G,0.0078125,0.0078125,0.984375,0,0,0.131740075
16S:58,C,C,0,0.9296875,0.0703125,0,0,0.367088759
16S:59,A,A,0.7578125,0,0.1953125,0.046875,0,0.97033027
16S:60,A,A,0.8046875,0,0.0078125,0.1875,0,0.759776138
16S:61,G,G,0,0,0.9921875,0.0078125,0,0.065914412
16S:62,U,U,0,0.03125,0.0078125,0.9609375,0,0.266177468
16S:63,C,C,0.015625,0.8828125,0.03125,0.0703125,0,0.678050408
16S:64,G,G,0.1015625,0.015625,0.6796875,0.203125,0,1.274584116
16S:65,A,A,0.75,0.078125,0.0234375,0.1328125,0.015625,1.137659125
16S:66,A,A,0.6640625,0,0.328125,0,0.0078125,0.953523929
16S:67,C,C,0.046875,0.609375,0.28125,0.0546875,0.0078125,1.39679576
16S:68,G,G,0.0390625,0,0.7578125,0.1953125,0.0078125,0.969670559
16S:69,G,G,0.328125,0.1328125,0.3671875,0.1171875,0.0546875,1.849647005
16S:70,U,C,0.09375,0.453125,0.1484375,0.234375,0.0703125,1.795453894
16S:71,A,-,0.3203125,0.015625,0.0625,0.0078125,0.59375,1.832245109
16S:72,A,-,0.1328125,0.0546875,0.1484375,0.0078125,0.65625,1.960845291
16S:73,C,-,0.203125,0.2890625,0.1171875,0.09375,0.296875,1.932718821
16S:74,A,-,0.203125,0.203125,0.171875,0.1328125,0.2890625,1.990093171
16S:75,G,-,0.1796875,0.21875,0.234375,0.078125,0.2890625,1.953315534
16S:76,G,-,0.046875,0.0234375,0.0625,0.03125,0.8359375,1.997414413
16S:77,A,-,0.0859375,0.03125,0.0625,0.0703125,0.75,1.995344927
16S:78,A,-,0.125,0.03125,0.1015625,0.046875,0.6953125,1.982943198
16S:79,G,-,0.0625,0.03125,0.2109375,0.046875,0.6484375,1.944993096
16S:80,A,-,0.0546875,0.046875,0.1953125,0.109375,0.59375,1.961032542
16S:81,A,-,0.203125,0.0703125,0.1015625,0.125,0.5,1.973006364
16S:82,G,-,0.0625,0.2265625,0.21875,0.03125,0.4609375,1.906669065
16S:83,C,U,0.03125,0.2578125,0.2265625,0.484375,0,1.652291984
16S:84,U,U,0.078125,0.1484375,0.140625,0.6328125,0,1.511590594
16S:85,U,U,0.21875,0.2890625,0.015625,0.4609375,0.015625,1.626058254
16S:86,G,G,0.34375,0.0234375,0.5078125,0.078125,0.046875,1.503386226
16S:87,C,-,0.0234375,0.2109375,0.2265625,0.078125,0.4609375,1.910197437
16S:88,U,-,0.1171875,0.078125,0.078125,0.2265625,0.5,1.959872341
16S:89,U,-,0.0859375,0.171875,0.0625,0.078125,0.6015625,1.980096913
16S:90,C,-,0.0390625,0.1328125,0.03125,0.1484375,0.6484375,1.967259052
16S:91,U,-,0.0234375,0.0546875,0.0546875,0.171875,0.6953125,1.9650178
16S:92,U,-,0.046875,0.046875,0.0703125,0.0859375,0.75,1.996848849
16S:93,U,-,0.0390625,0.0078125,0.03125,0.0859375,0.8359375,1.990875945
16S:94,G,-,0.0078125,0,0.1796875,0.0078125,0.8046875,1.939818554
16S:95,C,G,0.1640625,0.125,0.296875,0.125,0.2890625,1.94647463
16S:96,U,G,0.1328125,0.109375,0.2890625,0.1796875,0.2890625,1.947477666
16S:97,G,G,0.125,0.0625,0.3515625,0.1953125,0.265625,1.869723705
16S:98,A,G,0.15625,0.109375,0.59375,0.0703125,0.0703125,1.559172907
16S:99,C,C,0.2734375,0.2890625,0.140625,0.25,0.046875,1.957193677
16S:100,G,G,0.0390625,0.171875,0.3515625,0.203125,0.234375,1.849233985
16S:101,A,A,0.765625,0.1953125,0.0078125,0.03125,0,0.966109614
16S:102,G,G,0.234375,0.1015625,0.6171875,0.046875,0,1.46233681
16S:103,U,C,0,0.5,0,0.5,0,1
16S:104,G,G,0.0390625,0.015625,0.7578125,0.1875,0,1.032497764
16S:105,G,G,0.0078125,0.0078125,0.984375,0,0,0.131740075
16S:106,C,C,0,1,0,0,0,0
16S:107,G,G,0.140625,0,0.859375,0,0,0.585873293
16S:108,G,G,0.3515625,0.140625,0.40625,0.1015625,0,1.791245148
16S:109,A,A,0.9921875,0.0078125,0,0,0,0.065914412
16S:110,C,C,0.0546875,0.7890625,0.0078125,0.1484375,0,0.962176039
16S:111,G,G,0.046875,0.0078125,0.859375,0.0859375,0,0.753803974
16S:112,G,G,0,0,1,0,0,0
16S:113,G,G,0,0.4765625,0.5234375,0,0,0.998414427
16S:114,U,U,0.0078125,0,0,0.9921875,0,0.065914412
16S:115,G,G,0,0.4140625,0.578125,0.0078125,0,1.03844271
16S:116,A,A,0.96875,0.03125,0,0,0,0.200622324
16S:117,G,G,0,0,0.8125,0.1875,0,0.69621226
16S:118,U,U,0,0,0.0078125,0.9921875,0,0.065914412
16S:119,A,A,1,0,0,0,0,0
16S:120,A,A,0.921875,0.0234375,0.0234375,0.03125,0,0.518268322
16S:121,U,C,0.203125,0.625,0.0078125,0.1640625,0,1.373403546
16S:122,G,A,0.5625,0,0.3046875,0.1328125,0,1.37615504
16S:123,U,C,0,0.921875,0,0.078125,0,0.395537806
16S:124,C,G,0.2890625,0.0625,0.6328125,0.015625,0,1.279081057
16S:125,U,U,0,0.0078125,0.1953125,0.796875,0,0.775907894
16S:126,G,G,0.1796875,0.09375,0.5703125,0.15625,0,1.645646643
16S:127,G,G,0.1015625,0.0234375,0.671875,0.203125,0,1.314603083
16S:128,G,G,0.328125,0.171875,0.484375,0.015625,0,1.564492198
16S:129,A,U,0.3125,0.2265625,0.109375,0.3515625,0,1.889102102
16S:130,A,A,0.84375,0.0078125,0.1484375,0,0,0.67001193
16S:131,A,C,0.0625,0.484375,0.0078125,0.4453125,0,1.330977328
16S:132,C,C,0.0234375,0.6796875,0.0859375,0.203125,0.0078125,1.28854115
16S:133,U,U,0,0.0546875,0,0.9375,0.0078125,0.354414019
16S:134,G,G,0.453125,0.0546875,0.4765625,0.0078125,0.0078125,1.325541492
16S:135,C,C,0.015625,0.7890625,0.015625,0.1796875,0,0.902177463
16S:136,C,C,0.0078125,0.8046875,0.015625,0.171875,0,0.837366798
16S:137,U,C,0.0234375,0.6171875,0.015625,0.34375,0,1.179933142
16S:138,G,U,0.140625,0.046875,0.2734375,0.5390625,0,1.59701939
16S:139,A,A,0.28125,0.2265625,0.21875,0.2734375,0,1.99117506
16S:140,U,U,0.28125,0.1171875,0.2421875,0.359375,0,1.903245355
16S:141,G,G,0.4140625,0.1015625,0.4453125,0.0390625,0,1.564297877
16S:142,G,G,0.0625,0.109375,0.796875,0.03125,0,1.016481611
16S:143,A,A,0.40625,0.0390625,0,0.359375,0.1953125,1.56557964
16S:144,G,G,0.0625,0.375,0.390625,0.1640625,0.0078125,1.745178059
16S:145,G,G,0.1328125,0.1796875,0.484375,0.203125,0,1.805465647
16S:146,G,G,0.0390625,0.03125,0.75,0.1796875,0,1.095250269
16S:147,G,G,0.0078125,0.0234375,0.96875,0,0,0.225974766
16S:148,G,G,0.140625,0.046875,0.8046875,0.0078125,0,0.911890786
16S:149,A,A,1,0,0,0,0,0
16S:150,U,U,0.0078125,0.109375,0,0.8828125,0,0.562631315
16S:151,A,A,1,0,0,0,0,0
16S:152,A,A,0.8671875,0.046875,0.078125,0.0078125,0,0.727271741
16S:153,C,C,0,0.9453125,0.015625,0.0390625,0,0.35318678
16S:154,U,C,0.109375,0.4609375,0.0859375,0.34375,0,1.698065251
16S:155,A,C,0.1171875,0.3515625,0.2734375,0.2578125,0,1.90838547
16S:156,C,C,0.0859375,0.5234375,0.1171875,0.2734375,0,1.667109468
16S:157,U,G,0.0546875,0.0390625,0.671875,0.234375,0,1.288073346
16S:158,G,G,0.0625,0.1171875,0.8125,0.0078125,0,0.910553987
16S:159,G,G,0.03125,0.0078125,0.828125,0.1328125,0,0.823074715
16S:160,A,A,1,0,0,0,0,0
16S:161,A,A,1,0,0,0,0,0
16S:162,A,A,0.84375,0,0,0.15625,0,0.625262405
16S:163,C,C,0,0.8203125,0.125,0.0546875,0,0.838693251
16S:164,G,U,0.046875,0.1015625,0.2265625,0.609375,0.015625,1.481175483
16S:165,G,G,0.234375,0.1015625,0.5625,0.1015625,0,1.627712886
16S:166,U,G,0.1796875,0.109375,0.6015625,0.109375,0,1.584449793
16S:167,A,G,0.3515625,0.078125,0.4375,0.1328125,0,1.726160826
16S:168,G,G,0.09375,0,0.890625,0.015625,0,0.562742097
16S:169,C,C,0.1015625,0.765625,0.0625,0.0703125,0,1.149401515
16S:170,U,U,0,0.0234375,0,0.9765625,0,0.160328726
16S:171,A,A,1,0,0,0,0,0
16S:172,A,A,1,0,0,0,0,0
16S:173,U,U,0.0234375,0.015625,0,0.9609375,0,0.275904909
16S:174,A,A,0.765625,0.1640625,0.0234375,0.046875,0,1.056680523
16S:175,C,C,0,0.9765625,0.0234375,0,0,0.160328726
16S:176,C,C,0.171875,0.734375,0.0390625,0.0546875,0,1.175781464
16S:177,G,G,0.0234375,0.25,0.4921875,0.234375,0,1.620857496
16S:178,C,G,0.0703125,0.390625,0.484375,0.0546875,0,1.534892264
16S:179,A,A,0.8046875,0.171875,0.015625,0,0.0078125,0.808908667
16S:180,U,U,0.0859375,0.0625,0.0078125,0.8359375,0.0078125,0.842301266
16S:181,A,A,0.703125,0.03125,0.2109375,0.03125,0.0234375,1.182636427
16S:182,A,-,0.2578125,0.2109375,0.0078125,0.15625,0.3671875,1.882306729
16S:183,C,-,0.1484375,0.0625,0.234375,0.1328125,0.421875,1.95666268
16S:184,G,G,0.25,0.203125,0.296875,0.09375,0.15625,1.928545993
16S:185,U,C,0.1171875,0.5078125,0.15625,0.21875,0,1.757017449
16S:186,C,C,0,0.78125,0.078125,0.125,0.015625,0.982167728
16S:187,G,G,0.0078125,0.046875,0.578125,0.296875,0.0703125,1.359548249
16S:188,C,G,0.125,0.296875,0.3671875,0.1953125,0.015625,1.896728341
16S:189,A,A,0.703125,0.1953125,0.0390625,0.0625,0,1.250212313
16S:190,A,A,0.421875,0.0390625,0.2734375,0.2421875,0.0234375,1.737998345
16S:191,G,G,0.0390625,0.078125,0.859375,0.0078125,0.015625,0.749321223
16S:192,A,G,0.2109375,0.1328125,0.53125,0.125,0,1.720185124
16S:193,C,U,0.046875,0.171875,0.2265625,0.3984375,0.15625,1.807645917
16S:194,C,G,0.0625,0.2890625,0.546875,0.1015625,0,1.578864828
16S:195,A,A,0.828125,0.046875,0.1015625,0.0234375,0,0.894297289
16S:196,A,A,0.8671875,0,0.1171875,0.015625,0,0.634503749
16S:197,A,A,0.796875,0.0078125,0.0078125,0,0.1875,0.872339108
16S:198,A,G,0.2109375,0.0546875,0.640625,0.0390625,0.0546875,1.372804659
16S:199,A,G,0.2421875,0.171875,0.359375,0.2265625,0,1.948024374
16S:200,G,C,0.1015625,0.3515625,0.2109375,0.09375,0.2421875,1.879274043
16S:201,G,G,0.0078125,0.09375,0.4375,0.0390625,0.421875,1.701337012
16S:202,G,-,0.0546875,0.234375,0.2109375,0.0390625,0.4609375,1.907780461
16S:203,G,-,0.03125,0.1171875,0.234375,0.125,0.4921875,1.939718772
16S:204,G,-,0,0,0.1796875,0.0078125,0.8125,1.93808117
16S:205,A,-,0.171875,0,0.0078125,0.0078125,0.8125,1.94489408
16S:206,C,-,0.046875,0.15625,0.171875,0.078125,0.546875,1.967966636
16S:207,C,-,0.0078125,0.1953125,0.1640625,0.0625,0.5703125,1.93167093
16S:208,U,U,0.0859375,0.1640625,0.15625,0.5859375,0.0078125,1.609806657
16S:209,U,U,0.046875,0.234375,0.0234375,0.6953125,0,1.18897144
16S:210,C,U,0.1875,0.359375,0.0390625,0.3984375,0.015625,1.710836508
16S:211,G,G,0.265625,0.078125,0.4375,0.109375,0.109375,1.767376626
16S:212,G,-,0.0078125,0.140625,0.25,0.0234375,0.578125,1.891419439
16S:213,G,-,0.0625,0.140625,0.1484375,0.0859375,0.5625,1.984687843
16S:214,C,-,0.03125,0.234375,0.2109375,0.0234375,0.5,1.886231101
16S:215,C,-,0.0546875,0.203125,0.234375,0.0390625,0.46875,1.911413445
16S:216,U,-,0.0234375,0.21875,0.109375,0.2265625,0.421875,1.91263167
16S:217,C,G,0.03125,0.1875,0.375,0.171875,0.234375,1.820833355
16S:218,U,C,0.1953125,0.3203125,0.1796875,0.296875,0.0078125,1.956162823
16S:219,U,C,0.015625,0.6328125,0.0703125,0.21875,0.0625,1.356337981
16S:220,G,G,0.046875,0.015625,0.7109375,0,0.2265625,1.140163067
16S:221,C,C,0.0625,0.671875,0.2109375,0.0234375,0.03125,1.283817602
16S:222,C,C,0.0859375,0.4296875,0.109375,0.375,0,1.707736711
16S:223,A,U,0.296875,0.25,0.1328125,0.3203125,0,1.933064484
16S:224,U,U,0.2265625,0.140625,0.2578125,0.375,0,1.918099181
16S:225,C,A,0.4765625,0.2578125,0.09375,0.171875,0,1.770570085
16S:226,G,G,0.3125,0.015625,0.6328125,0.03125,0.0078125,1.206660194
16S:227,G,G,0.046875,0,0.796875,0.15625,0,0.886439674
16S:228,A,A,0.8203125,0.0078125,0.015625,0.140625,0.015625,0.819272534
16S:229,U,U,0.0234375,0.1640625,0.109375,0.703125,0,1.261224211
16S:230,G,G,0.140625,0.078125,0.7421875,0.0390625,0,1.187313639
16S:231,U,G,0.4296875,0.0078125,0.5,0.0625,0,1.328321998
16S:232,G,G,0.25,0.0078125,0.7421875,0,0,0.873935291
16S:233,C,C,0.015625,0.515625,0.171875,0.296875,0,1.543290992
16S:234,C,C,0.0546875,0.6640625,0.078125,0.203125,0,1.375934159
16S:235,C,U,0.0234375,0.3203125,0.0859375,0.5703125,0,1.419332341
16S:236,A,G,0.203125,0.1953125,0.6015625,0,0,1.368356242
16S:237,G,C,0.015625,0.6328125,0.0625,0.2890625,0,1.279081057
16S:238,A,G,0.078125,0,0.921875,0,0,0.395537806
16S:239,U,U,0.0234375,0.2109375,0.359375,0.40625,0,1.659034645
16S:240,G,C,0.03125,0.7578125,0.0625,0.1484375,0,1.117951809
16S:241,G,C,0.046875,0.6171875,0.21875,0.1171875,0,1.478767571
16S:242,G,G,0,0.203125,0.453125,0.34375,0,1.514145925
16S:243,A,A,0.9765625,0.0078125,0,0.015625,0,0.181851285
16S:244,U,U,0,0,0,1,0,0
16S:245,U,U,0,0.4375,0,0.5625,0,0.988699408
16S:246,A,A,1,0,0,0,0,0
16S:247,G,G,0.1484375,0,0.8515625,0,0,0.605916296
16S:248,C,C,0,0.6484375,0.3515625,0,0,0.935455765
16S:249,U,U,0,0.0390625,0,0.9609375,0,0.237977151
16S:250,A,A,0.6015625,0.015625,0.046875,0.3203125,0.015625,1.294363623
16S:251,G,G,0,0,1,0,0,0
16S:252,U,U,0.2578125,0.0078125,0,0.734375,0,0.885965953
16S:253,A,U,0.09375,0.0625,0,0.84375,0,0.776973436
16S:254,G,G,0,0,1,0,0,0
16S:255,G,G,0,0,0.9296875,0.0703125,0,0.367088759
16S:256,U,U,0.0078125,0.140625,0.046875,0.8046875,0,0.911890786
16S:257,G,G,0.2734375,0.015625,0.7109375,0,0,0.955201423
16S:258,G,G,0.1640625,0.0234375,0.8046875,0.0078125,0,0.861694471
16S:259,G,G,0.015625,0,0.8203125,0.1640625,0,0.755980897
16S:260,G,G,0.078125,0.03125,0.859375,0.03125,0,0.787743364
16S:261,U,U,0.0078125,0,0.0234375,0.96875,0,0.225974766
16S:262,A,A,0.9375,0.0546875,0.0078125,0,0,0.371262844
16S:263,A,A,0.796875,0.0234375,0.1015625,0.078125,0,1.010411956
16S:264,C,C,0.234375,0.359375,0.09375,0.3125,0,1.865724675
16S:265,G,G,0.0546875,0.0078125,0.890625,0.046875,0,0.639759992
16S:266,G,G,0,0,0.9609375,0.0390625,0,0.237977151
16S:267,C,C,0.1171875,0.875,0,0.0078125,0,0.585725702
16S:268,U,C,0,0.765625,0.015625,0.21875,0,0.868378886
16S:269,C,C,0,0.5,0,0.5,0,1
16S:270,A,A,0.859375,0.0078125,0.09375,0.0390625,0,0.745478446
16S:271,C,C,0.0703125,0.9296875,0,0,0,0.367088759
16S:272,C,C,0,1,0,0,0,0
16S:273,U,A,0.84375,0,0.0625,0.09375,0,0.776973436
16S:274,A,A,0.734375,0,0.0078125,0.2578125,0,0.885965953
16S:275,G,G,0.03125,0,0.96875,0,0,0.200622324
16S:276,G,G,0,0.3515625,0.6484375,0,0,0.935455765
16S:277,C,C,0,0.8515625,0,0.1484375,0,0.605916296
16S:278,G,G,0.125,0.015625,0.5703125,0.2890625,0,1.448383068
16S:279,A,A,0.7578125,0,0.125,0.1171875,0,1.040664808
16S:280,C,C,0.0703125,0.6171875,0,0.3125,0,1.223397438
16S:281,G,G,0.2265625,0.0703125,0.6796875,0.0234375,0,1.260142613
16S:282,A,A,1,0,0,0,0,0
16S:283,U,U,0,0.4375,0,0.5625,0,0.988699408
16S:284,C,G,0.015625,0.453125,0.53125,0,0,1.096012727
16S:285,C,G,0.1015625,0.1953125,0.6328125,0.0703125,0,1.482349247
16S:286,C,G,0.1328125,0.0625,0.7734375,0.03125,0,1.079740831
16S:287,U,U,0,0,0,0.984375,0.015625,0.110557131
16S:288,A,A,0.96875,0,0.03125,0,0,0.200622324
16S:289,G,G,0.015625,0.3828125,0.578125,0.0234375,0,1.208006102
16S:290,C,G,0.015625,0.484375,0.4921875,0.0078125,0,1.1583687
16S:291,U,G,0.0078125,0.171875,0.5234375,0.2890625,0.0078125,1.510098826
16S:292,G,G,0.0546875,0,0.9375,0,0.0078125,0.354414019
16S:293,G,G,0.0703125,0.1484375,0.6171875,0.15625,0.0078125,1.53405535
16S:294,U,U,0.1953125,0.296875,0.03125,0.4765625,0,1.646151345
16S:295,C,C,0.21875,0.5078125,0.234375,0.0390625,0,1.649404656
16S:296,U,U,0,0,0,1,0,0
16S:297,G,G,0.03125,0.0703125,0.8046875,0.09375,0,0.997981021
16S:298,A,A,0.921875,0,0.078125,0,0,0.395537806
16S:299,G,G,0.015625,0,0.984375,0,0,0.116115075
16S:300,A,A,0.8125,0,0.1875,0,0,0.69621226
16S:301,G,G,0,0,1,0,0,0
16S:302,G,G,0.0234375,0.234375,0.5234375,0.21875,0,1.585972508
16S:303,A,A,0.4765625,0.015625,0.296875,0.2109375,0,1.597045425
16S:304,U,U,0.1484375,0.265625,0.1484375,0.4375,0,1.846821424
16S:305,G,G,0.0078125,0,0.96875,0.0234375,0,0.225974766
16S:306,A,A,0.9375,0,0.0546875,0.0078125,0,0.371262844
16S:307,C,U,0.03125,0.1796875,0.265625,0.5234375,0,1.598096583
16S:308,C,C,0,0.8046875,0,0.1953125,0,0.712453445
16S:309,A,C,0.2890625,0.53125,0.171875,0.0078125,0,1.493712943
16S:310,G,G,0.0078125,0.4765625,0.484375,0.03125,0,1.22706915
16S:311,C,C,0.0234375,0.578125,0.390625,0.0078125,0,1.16838089
16S:312,C,C,0.0078125,0.578125,0.4140625,0,0,1.03844271
16S:313,A,A,0.9921875,0,0,0.0078125,0,0.065914412
16S:314,C,C,0,0.5234375,0.4765625,0,0,0.998414427
16S:315,A,A,0.96875,0,0,0.03125,0,0.200622324
16S:316,C,C,0.015625,0.4765625,0.2109375,0.296875,0,1.597045425
16S:317,U,G,0,0.0078125,0.5,0.4921875,0,1.058057538
16S:318,G,G,0,0,1,0,0,0
16S:319,G,G,0.3671875,0,0.625,0.0078125,0,1.009219347
16S:320,A,G,0.1875,0.1640625,0.5625,0.0859375,0,1.651827236
16S:321,A,A,0.6484375,0.21875,0,0.1328125,0,1.271710321
16S:322,C,C,0,1,0,0,0,0
16S:323,U,U,0,0,0,1,0,0
16S:324,G,G,0,0,0.984375,0.015625,0,0.116115075
16S:325,A,A,1,0,0,0,0,0
16S:326,G,G,0,0,1,0,0,0
16S:327,A,A,1,0,0,0,0,0
16S:328,C,C,0.1796875,0.7421875,0.015625,0.0625,0,1.107982752
16S:329,A,A,1,0,0,0,0,0
16S:330,C,C,0.15625,0.75,0,0.09375,0,1.049886625
16S:331,G,G,0.0234375,0.0078125,0.9453125,0.0234375,0,0.385216979
16S:332,G,G,0.1328125,0,0.8671875,0,0,0.565101332
16S:333,U,C,0.0859375,0.5625,0.1640625,0.1875,0,1.651827236
16S:334,C,C,0.0078125,0.6171875,0,0.375,0,1.015024382
16S:335,C,C,0.1953125,0.8046875,0,0,0,0.712453445
16S:336,A,A,0.4921875,0.4921875,0.0078125,0.0078125,0,1.116115075
16S:337,G,G,0.265625,0.2109375,0.5078125,0.015625,0,1.571799945
16S:338,A,A,0.71875,0,0.28125,0,0,0.857148437
16S:339,C,C,0.0078125,0.71875,0.2734375,0,0,0.908651519
16S:340,U,U,0.1640625,0.28125,0.015625,0.5390625,0,1.516842551
16S:341,C,C,0.0078125,0.78125,0,0.1953125,0.015625,0.84410168
16S:342,C,C,0,0.9921875,0,0.0078125,0,0.065914412
16S:343,U,U,0,0.140625,0,0.859375,0,0.585873293
16S:344,A,A,1,0,0,0,0,0
16S:345,C,C,0.1640625,0.828125,0,0.0078125,0,0.707826296
16S:346,G,G,0,0,1,0,0,0
16S:347,G,G,0,0,1,0,0,0
16S:348,G,G,0.1953125,0,0.796875,0.0078125,0,0.775907894
16S:349,A,A,0.6875,0.0078125,0.296875,0.0078125,0,1.001162282
16S:350,G,G,0,0.234375,0.71875,0.046875,0,1.039967244
16S:351,G,G,0,0,1,0,0,0
16S:352,C,C,0,1,0,0,0,0
16S:353,A,A,0.984375,0,0,0.015625,0,0.116115075
16S:354,G,G,0,0.0703125,0.9296875,0,0,0.367088759
16S:355,C,C,0,1,0,0,0,0
16S:356,A,A,1,0,0,0,0,0
16S:357,G,G,0,0,1,0,0,0
16S:358,U,U,0,0.015625,0.4765625,0.5078125,0,1.099774333
16S:359,G,C,0.078125,0.4765625,0.421875,0.0234375,0,1.449116632
16S:360,G,G,0.0703125,0,0.921875,0.0078125,0,0.432178087
16S:361,G,G,0.03125,0.453125,0.5078125,0.0078125,0,1.224868707
16S:362,G,G,0,0,1,0,0,0
16S:363,A,A,0.8125,0.1484375,0.0078125,0.03125,0,0.862840989
16S:364,A,A,1,0,0,0,0,0
16S:365,U,U,0.4609375,0,0,0.5390625,0,0.995592754
16S:366,A,A,0.5625,0.3046875,0,0.1328125,0,1.37615504
16S:367,U,U,0,0.25,0.0234375,0.7265625,0,0.961744868
16S:368,U,U,0,0,0,1,0,0
16S:369,G,G,0.1796875,0.28125,0.40625,0.1328125,0,1.87446126
16S:370,C,C,0,0.609375,0.2421875,0.1484375,0,1.339436864
16S:371,A,A,0.4296875,0.2109375,0.3203125,0.0390625,0,1.706046723
16S:372,C,C,0,1,0,0,0,0
16S:373,A,A,0.9921875,0.0078125,0,0,0,0.065914412
16S:374,A,A,0.8828125,0.109375,0,0.0078125,0,0.562631315
16S:375,U,U,0,0,0,1,0,0
16S:376,G,G,0.0078125,0.1484375,0.8359375,0.0078125,0,0.734003201
16S:377,G,G,0,0.4296875,0.5234375,0.046875,0,1.21943332
16S:378,G,G,0.140625,0.1015625,0.65625,0.1015625,0,1.46699417
16S:379,C,C,0.078125,0.515625,0.390625,0,0.015625,1.34738051
16S:380,G,G,0.1640625,0,0.828125,0.0078125,0,0.707826296
16S:381,C,A,0.5,0.4375,0.0234375,0.0390625,0,1.331434347
16S:382,A,A,0.8515625,0.0625,0.0390625,0.046875,0,0.837097603
16S:383,A,A,0.796875,0.015625,0.0078125,0,0.1796875,0.87906355
16S:384,G,G,0.0078125,0.4453125,0.515625,0.015625,0.015625,1.195513876
16S:385,C,C,0.0703125,0.65625,0.1171875,0.15625,0,1.449016333
16S:386,C,C,0.0390625,0.5234375,0.4375,0,0,1.193363345
16S:387,U,U,0.0078125,0.15625,0.1484375,0.6875,0,1.253287757
16S:388,G,G,0,0,1,0,0,0.036874506
16S:389,A,A,1,0,0,0,0,0
16S:390,U,U,0.0390625,0.3203125,0.2109375,0.4296875,0,1.706046723
16S:391,G,G,0.15625,0.2421875,0.6015625,0,0,1.354990538
16S:392,C,C,0.1171875,0.40625,0.296875,0.1796875,0,1.855551603
16S:393,A,A,0.7265625,0.0234375,0.25,0,0,0.961744868
16S:394,G,G,0,0,1,0,0,0
16S:395,C,C,0.015625,0.578125,0.1796875,0.2265625,0,1.481070915
16S:396,C,G,0.2890625,0.2265625,0.421875,0.0625,0,1.778162902
16S:397,A,A,1,0,0,0,0,0
16S:398,U,C,0.140625,0.4296875,0.0859375,0.34375,0,1.755451771
16S:399,G,G,0.28125,0.203125,0.4765625,0.0390625,0,1.674114447
16S:400,C,C,0.0703125,0.7578125,0.0703125,0.1015625,0,1.176906937
16S:401,C,C,0.2109375,0.75,0.0078125,0.03125,0,0.995794042
16S:402,G,G,0.2265625,0.0234375,0.734375,0.015625,0,1.033064934
16S:403,C,C,0.4765625,0.5078125,0,0.015625,0,1.099774333
16S:404,G,G,0.0078125,0,0.7890625,0.0078125,0.1953125,0.89571676
16S:405,U,U,0,0,0,1,0,0
16S:406,G,G,0.1484375,0,0.828125,0.0234375,0,0.760741575
16S:407,U,C,0.3046875,0.4453125,0.0703125,0.1796875,0,1.756432286
16S:408,A,G,0.28125,0.2109375,0.46875,0.0390625,0,1.683419228
16S:409,U,U,0.28125,0.1015625,0.2265625,0.390625,0,1.864865041
16S:410,G,G,0.03125,0.078125,0.6796875,0.2109375,0,1.295802128
16S:411,A,A,0.6640625,0.015625,0.0390625,0,0.28125,1.249864111
16S:412,A,-,0.25,0.0078125,0.0390625,0.2265625,0.4765625,1.859352034
16S:413,G,G,0.0078125,0.1640625,0.515625,0.03125,0.28125,1.564897524
16S:414,A,A,0.5390625,0.0234375,0.1484375,0.0078125,0.28125,1.522608267
16S:415,A,A,0.4921875,0.1953125,0.265625,0.046875,0,1.678526941
16S:416,G,G,0.1171875,0.0546875,0.6875,0.0546875,0.0859375,1.312925466
16S:417,G,G,0.0078125,0.296875,0.5390625,0.0703125,0.0859375,1.459296851
16S:418,C,C,0.0078125,0.4765625,0.0234375,0.21875,0.2734375,1.593402259
16S:419,C,C,0.0078125,0.578125,0.015625,0.1015625,0.296875,1.451200793
16S:420,U,U,0.1640625,0.1171875,0.046875,0.6484375,0.0234375,1.430717827
16S:421,U,U,0.1328125,0.0703125,0.03125,0.765625,0,1.107361265
16S:422,C,C,0.2890625,0.3515625,0.0546875,0.3046875,0,1.799489571
16S:423,G,G,0.109375,0.1484375,0.53125,0.0859375,0.125,1.672355203
16S:424,G,G,0.0078125,0.015625,0.6640625,0.0078125,0.3046875,1.237775536
16S:425,G,G,0.1953125,0.015625,0.484375,0.015625,0.2890625,1.596054033
16S:426,U,U,0.0859375,0.0234375,0.3046875,0.5078125,0.078125,1.551038716
16S:427,U,U,0.0390625,0.171875,0.1171875,0.5859375,0.0859375,1.535472371
16S:428,G,G,0.0234375,0.2265625,0.6796875,0.0703125,0,1.260142613
16S:429,U,U,0,0.0625,0.03125,0.625,0.28125,1.35576418
16S:430,A,A,0.53125,0,0.171875,0.015625,0.28125,1.510111546
16S:431,A,A,0.7265625,0.125,0.0859375,0.0625,0,1.264097522
16S:432,A,A,0.703125,0,0,0.0078125,0.2890625,1.124104933
16S:433,G,G,0.1015625,0.21875,0.375,0.3046875,0,1.867808276
16S:434,U,C,0.015625,0.4296875,0.234375,0.3203125,0,1.634053638
16S:435,A,G,0.1640625,0.046875,0.4609375,0.328125,0,1.677330371
16S:436,C,C,0.015625,0.8359375,0.1484375,0,0,0.718378201
16S:437,U,U,0.1953125,0,0.0078125,0.796875,0,0.775907894
16S:438,U,U,0.0078125,0,0.1953125,0.796875,0,0.775907894
16S:439,U,U,0.015625,0,0.1953125,0.7890625,0,0.82362684
16S:440,C,U,0.21875,0.2734375,0.03125,0.4765625,0,1.656985773
16S:441,A,G,0.25,0.2578125,0.46875,0.0078125,0.015625,1.594456161
16S:442,G,U,0.109375,0.234375,0.25,0.40625,0,1.867714437
16S:443,C,C,0.1640625,0.40625,0.203125,0.2265625,0,1.90816865
16S:444,G,C,0.3046875,0.328125,0.25,0.1171875,0,1.912411115
16S:445,G,G,0.34375,0.0078125,0.5390625,0.109375,0,1.414014472
16S:446,G,G,0.15625,0.171875,0.6171875,0.0546875,0,1.514092023
16S:447,G,G,0.0546875,0.109375,0.46875,0.3671875,0,1.621612772
16S:448,A,A,0.5546875,0.0234375,0.03125,0.109375,0.28125,1.524051258
16S:449,G,A,0.328125,0.109375,0.09375,0.1875,0.28125,1.905943053
16S:450,G,G,0.015625,0.015625,0.4765625,0.03125,0.4609375,1.621681503
16S:451,A,A,0.5234375,0,0,0,0.4765625,1.507022589
16S:452,A,-,0.34375,0,0.015625,0,0.640625,1.785543087
16S:453,G,-,0.1640625,0,0.1640625,0.0234375,0.6484375,1.930816818
16S:454,G,-,0.1015625,0.03125,0.1171875,0.0625,0.6875,1.98677476
16S:455,G,-,0.046875,0.09375,0.15625,0.0546875,0.6484375,1.979026892
16S:456,A,-,0.0546875,0.0703125,0.09375,0.09375,0.6875,1.996804627
16S:457,G,-,0.0625,0.0859375,0.0859375,0.078125,0.6875,1.998931799
16S:458,U,-,0.046875,0.078125,0.078125,0.109375,0.6875,1.994349704
16S:459,A,-,0.0546875,0.046875,0.1015625,0.09375,0.703125,1.993473032
16S:460,A,-,0.109375,0.015625,0.09375,0.0625,0.71875,1.984756481
16S:461,A,-,0.0625,0.0234375,0.109375,0.0625,0.7421875,1.989332044
16S:462,G,-,0.0703125,0.03125,0.1171875,0.0390625,0.7421875,1.987130443
16S:463,U,G,0.2421875,0.171875,0.25,0.0859375,0.25,1.945897258
16S:464,U,U,0.234375,0.046875,0.1328125,0.5859375,0,1.536212789
16S:465,A,A,0.859375,0.015625,0.0625,0.0625,0,0.781643996
16S:466,A,A,0.65625,0.078125,0.078125,0.1875,0,1.426309958
16S:467,U,A,0.34375,0.1953125,0.171875,0.1796875,0.109375,1.94732621
16S:468,A,-,0.390625,0.03125,0.0546875,0.0546875,0.46875,1.778284986
16S:469,C,-,0.2421875,0.109375,0.03125,0.125,0.4921875,1.934933179
16S:470,C,-,0.015625,0.109375,0.109375,0.0234375,0.7421875,1.976475092
16S:471,U,-,0.03125,0.09375,0.0546875,0.078125,0.7421875,1.993474312
16S:472,U,-,0.046875,0.0625,0.0390625,0.1328125,0.71875,1.984807843
16S:473,U,-,0.046875,0.078125,0.09375,0.078125,0.703125,1.996598695
16S:474,G,-,0.0625,0.0390625,0.125,0.0859375,0.6875,1.988477095
16S:475,C,-,0.046875,0.0625,0.1171875,0.0859375,0.6875,1.991973155
16S:476,U,-,0.0703125,0.046875,0.1015625,0.09375,0.6875,1.99465105
16S:477,C,-,0.0625,0.1015625,0.09375,0.09375,0.6484375,1.997347094
16S:478,A,-,0.0625,0.0625,0.09375,0.09375,0.6875,1.997180399
16S:479,U,-,0.0859375,0.0234375,0.0390625,0.1640625,0.6875,1.966619081
16S:480,U,U,0,0,0.015625,0.5078125,0.4765625,1.54331639
16S:481,G,G,0,0,0.5234375,0,0.4765625,1.507022589
16S:482,A,A,0.515625,0,0,0.0078125,0.4765625,1.525585873
16S:483,C,C,0.0234375,0.4765625,0.0234375,0.015625,0.4609375,1.622316829
16S:484,G,G,0.015625,0.03125,0.4609375,0.03125,0.4609375,1.654102994
16S:485,U,G,0.0234375,0.15625,0.421875,0.1171875,0.28125,1.761650515
16S:486,U,U,0.03125,0.09375,0,0.59375,0.28125,1.424437994
16S:487,A,A,0.578125,0.03125,0.2265625,0.1640625,0,1.526408877
16S:488,C,C,0.1875,0.6171875,0.140625,0.0546875,0,1.509781925
16S:489,C,C,0.2109375,0.53125,0.0234375,0.2265625,0.0078125,1.580091446
16S:490,C,C,0.09375,0.3984375,0.2109375,0.296875,0,1.84284023
16S:491,G,G,0.171875,0.1796875,0.5546875,0.09375,0,1.673429562
16S:492,C,A,0.4765625,0.1875,0.2265625,0.109375,0,1.796886755
16S:493,A,G,0.34375,0.1484375,0.4453125,0.0546875,0.0078125,1.694594019
16S:494,G,G,0.0703125,0.0546875,0.734375,0.140625,0,1.223665535
16S:495,A,A,0.9921875,0.0078125,0,0,0,0.065914412
16S:496,A,A,0.6953125,0.0390625,0.171875,0.09375,0,1.304086239
16S:497,G,U,0.1328125,0.2421875,0.21875,0.3828125,0.0234375,1.907979187
16S:498,A,A,0.90625,0.078125,0,0,0.015625,0.482054541
16S:499,A,A,0.984375,0,0,0,0.015625,0.110557131
16S:500,G,G,0,0,0.828125,0.171875,0,0.661976064
16S:501,C,C,0.015625,0.5703125,0.21875,0.1953125,0,1.49562863
16S:502,A,G,0.3203125,0.171875,0.4765625,0.03125,0,1.628577302
16S:503,C,C,0.0703125,0.5703125,0.2890625,0.0703125,0,1.518237364
16S:504,C,C,0.203125,0.578125,0.0859375,0.1328125,0,1.615221892
16S:505,G,G,0,0,1,0,0,0
16S:506,G,G,0,0,1,0,0,0
16S:507,C,C,0,0.9921875,0,0.0078125,0,0.065914412
16S:508,U,U,0.0078125,0.015625,0,0.5,0.4765625,1.561600497
16S:509,A,A,1,0,0,0,0,0
16S:510,A,A,1,0,0,0,0,0
16S:511,C,C,0.0078125,0.5,0.484375,0.0078125,0,1.115936162
16S:512,U,U,0,0.4609375,0.0078125,0.53125,0,1.054504585
16S:513,C,C,0.21875,0.4140625,0.0234375,0.34375,0,1.66284687
16S:514,C,C,0.0078125,0.4921875,0.46875,0.03125,0,1.226702571
16S:515,G,G,0,0.0078125,0.9921875,0,0,0.065914412
16S:516,U,U,0,0,0,1,0,0
16S:517,G,G,0,0,1,0,0,0
16S:518,C,C,0,0.890625,0.03125,0.078125,0,0.592431699
16S:519,C,C,0,1,0,0,0,0
16S:520,A,A,1,0,0,0,0,0
16S:521,G,G,0,0,1,0,0,0
16S:522,C,C,0,1,0,0,0,0
16S:523,A,A,0.734375,0.265625,0,0,0,0.835116495
16S:524,G,G,0,0.015625,0.984375,0,0,0.116115075
16S:525,C,C,0,1,0,0,0,0
16S:526,C,C,0,0.9921875,0,0.0078125,0,0.065914412
16S:527,G,G,0,0,1,0,0,0
16S:528,C,C,0,1,0,0,0,0
16S:529,G,G,0,0,1,0,0,0
16S:530,G,G,0,0,1,0,0,0
16S:531,U,U,0,0,0.0078125,0.9921875,0,0.065914412
16S:532,A,A,0.984375,0,0.015625,0,0,0.116115075
16S:533,A,A,1,0,0,0,0,0
16S:534,U,U,0,0.1171875,0.0234375,0.859375,0,0.677282696
16S:535,A,A,0.8046875,0,0,0.1953125,0,0.712453445
16S:536,C,C,0,0.9921875,0.0078125,0,0,0.065914412
16S:537,G,G,0.03125,0.4765625,0.4921875,0,0,1.169190525
16S:538,G,G,0.34375,0.0234375,0.4140625,0.21875,0,1.66284687
16S:539,A,A,0.5234375,0.0078125,0.46875,0,0,1.055926473
16S:540,G,G,0.0078125,0.484375,0.5,0.0078125,0,1.115936162
16S:541,G,G,0.1015625,0.0546875,0.609375,0.234375,0,1.490427408
16S:542,G,G,0.0703125,0.2890625,0.5703125,0.0703125,0,1.518237364
16S:543,U,C,0.0234375,0.4765625,0.1796875,0.3203125,0,1.607567013
16S:544,G,G,0.1875,0.15625,0.578125,0.078125,0,1.615652407
16S:545,C,C,0.171875,0.828125,0,0,0,0.661976064
16S:546,A,G,0.3359375,0,0.390625,0.2734375,0,1.569944535
16S:547,A,A,1,0,0,0,0,0
16S:548,G,G,0.015625,0,0.984375,0,0,0.116115075
16S:549,C,C,0,0.7265625,0,0.2734375,0,0.846354101
16S:550,G,G,0.0078125,0,0.9921875,0,0,0.065914412
16S:551,U,U,0.0625,0,0.21875,0.71875,0,1.072080955
16S:552,U,U,0.1953125,0.0078125,0,0.796875,0,0.775907894
16S:553,A,A,0.3671875,0.078125,0.359375,0.1953125,0,1.808865534
16S:554,A,A,0.390625,0.0859375,0.2265625,0.296875,0,1.839458971
16S:555,U,U,0,0.3984375,0.078125,0.5234375,0,1.305148835
16S:556,C,C,0,0.734375,0.078125,0.1875,0,1.067267711
16S:557,G,G,0.296875,0,0.6875,0.015625,0,0.985537282
16S:558,G,G,0.2265625,0.15625,0.5234375,0.09375,0,1.712753621
16S:559,A,A,0.671875,0,0.109375,0.21875,0,1.214315034
16S:560,A,A,0.5546875,0.0546875,0.1796875,0.2109375,0,1.619473301
16S:561,U,U,0,0.015625,0,0.984375,0,0.116115075
16S:562,U,U,0.0078125,0.0625,0.0234375,0.90625,0,0.560307165
16S:563,A,A,0.8046875,0,0.1953125,0,0,0.712453445
16S:564,C,U,0,0.453125,0,0.546875,0,0.993650712
16S:565,U,U,0,0,0,1,0,0
16S:566,G,G,0,0,1,0,0,0
16S:567,G,G,0.015625,0.1953125,0.7890625,0,0,0.82362684
16S:568,G,G,0.1484375,0,0.8359375,0.015625,0,0.718378201
16S:569,C,C,0,0.71875,0.1953125,0.0859375,0,1.106891777
16S:570,G,G,0,0.234375,0.4921875,0.2734375,0,1.505466729
16S:571,U,U,0,0,0,1,0,0
16S:572,A,A,1,0,0,0,0,0
16S:573,A,A,0.9921875,0,0,0.0078125,0,0.065914412
16S:574,A,A,1,0,0,0,0,0
16S:575,G,G,0.1796875,0,0.8203125,0,0,0.679392935
16S:576,C,C,0.203125,0.53125,0.2578125,0.0078125,0,1.510750689
16S:577,G,G,0,0,1,0,0,0
16S:578,C,C,0.03125,0.5234375,0.0390625,0.40625,0,1.355777488
16S:579,A,G,0.1015625,0.2890625,0.3125,0.296875,0,1.897235467
16S:580,C,C,0,0.90625,0,0.09375,0,0.448864489
16S:581,G,G,0,0.015625,0.984375,0,0,0.116115075
16S:582,C,U,0.0078125,0.1796875,0,0.8125,0,0.74306519
16S:583,A,A,1,0,0,0,0,0
16S:584,G,G,0.0078125,0,0.9921875,0,0,0.065914412
16S:585,G,G,0.0078125,0.28125,0.515625,0.1953125,0,1.522314713
16S:586,C,C,0,0.6171875,0,0.3828125,0,0.960004207
16S:587,G,G,0,0,0.953125,0.046875,0,0.272970858
16S:588,G,G,0.015625,0,0.9453125,0.0390625,0,0.35318678
16S:589,U,U,0.125,0.25,0.234375,0.390625,0,1.895316193
16S:590,U,U,0.0390625,0.3125,0.140625,0.5,0.0078125,1.613634795
16S:591,U,U,0.203125,0.234375,0.09375,0.4609375,0.0078125,1.798962571
16S:592,G,G,0.1875,0.1328125,0.390625,0.28125,0.0078125,1.889398552
16S:593,U,U,0.1328125,0.1328125,0.3515625,0.375,0.0078125,1.840248655
16S:594,U,U,0.0703125,0.2109375,0.140625,0.5625,0.015625,1.622960939
16S:595,A,A,0.6875,0.0390625,0.0703125,0.0078125,0.1953125,1.233760889
16S:596,A,A,0.7109375,0.078125,0.15625,0.0390625,0.015625,1.260448765
16S:597,G,G,0.0390625,0.03125,0.875,0.0390625,0.015625,0.723681294
16S:598,U,U,0.0546875,0.1640625,0.0234375,0.7421875,0.015625,1.12940182
16S:599,C,C,0.015625,0.6953125,0.140625,0.1328125,0.015625,1.26762756
16S:600,A,A,0.3203125,0.171875,0.2265625,0.2734375,0.0078125,1.96427177
16S:601,G,G,0.0390625,0.2578125,0.578125,0.0859375,0.0390625,1.496157998
16S:602,A,C,0.2734375,0.2890625,0.1484375,0.25,0.0390625,1.962211773
16S:603,U,U,0.0703125,0.1796875,0.3203125,0.4140625,0.015625,1.780306488
16S:604,G,G,0.0078125,0.09375,0.84375,0.046875,0.0078125,0.80637211
16S:605,U,U,0.0234375,0.0625,0.125,0.7734375,0.015625,1.06526696
16S:606,G,G,0.015625,0.0234375,0.609375,0.15625,0.1953125,1.394792244
16S:607,A,A,0.796875,0,0,0.0078125,0.1953125,0.864482597
16S:608,A,A,0.8046875,0,0,0,0.1953125,0.833144312
16S:609,A,A,0.8046875,0,0.0078125,0.0078125,0.1796875,0.848584
16S:610,U,U,0.0234375,0.0234375,0.3203125,0.4609375,0.171875,1.54857882
16S:611,C,C,0.09375,0.765625,0.015625,0.09375,0.03125,1.083807613
16S:612,C,C,0.015625,0.75,0.0546875,0.15625,0.0234375,1.094750895
16S:613,C,C,0.0546875,0.546875,0.2421875,0.140625,0.015625,1.614849573
16S:614,C,C,0.265625,0.40625,0.203125,0.1015625,0.0234375,1.855475606
16S:615,G,G,0.0703125,0.3828125,0.40625,0.109375,0.03125,1.706287239
16S:616,G,G,0.1953125,0.09375,0.546875,0.0234375,0.140625,1.563279632
16S:617,G,G,0.0078125,0.0078125,0.796875,0.0390625,0.1484375,0.903554822
16S:618,C,C,0.0234375,0.8203125,0,0.0078125,0.1484375,0.812678724
16S:619,U,U,0.03125,0.0234375,0.0546875,0.875,0.015625,0.715293217
16S:620,C,C,0.015625,0.6171875,0.0078125,0.3515625,0.0078125,1.126260657
16S:621,A,A,0.8359375,0.015625,0.0625,0.0703125,0.015625,0.860669554
16S:622,A,A,0.859375,0.03125,0.03125,0.0078125,0.0703125,0.726083614
16S:623,C,C,0.015625,0.796875,0.0234375,0.015625,0.1484375,0.911114442
16S:624,C,C,0.0234375,0.515625,0.09375,0.2265625,0.140625,1.600886401
16S:625,U,G,0.0859375,0.1953125,0.390625,0.296875,0.03125,1.838629987
16S:626,G,G,0.0703125,0.171875,0.40625,0.328125,0.0234375,1.781357993
16S:627,G,G,0.1484375,0.15625,0.5546875,0.125,0.015625,1.687043259
16S:628,G,G,0.1484375,0.03125,0.75,0.0546875,0.015625,1.130439146
16S:629,A,A,0.453125,0.015625,0.4140625,0.078125,0.0390625,1.482172123
16S:630,A,A,0.4296875,0.140625,0.296875,0.09375,0.0390625,1.793987161
16S:631,C,C,0.0859375,0.5,0.09375,0.1796875,0.140625,1.709178628
16S:632,U,U,0.0234375,0.078125,0.1484375,0.5546875,0.1953125,1.553583754
16S:633,G,G,0.15625,0.109375,0.6484375,0.078125,0.0078125,1.468759357
16S:634,C,C,0,0.828125,0.1171875,0.0390625,0.015625,0.815910224
16S:635,A,A,0.328125,0.2265625,0.265625,0.1640625,0.015625,1.958235385
16S:636,U,G,0.0859375,0.0546875,0.4609375,0.3671875,0.03125,1.613193861
16S:637,C,U,0.046875,0.15625,0.3046875,0.4453125,0.046875,1.71369818
16S:638,U,U,0.0859375,0.1953125,0.34375,0.359375,0.015625,1.836649757
16S:639,G,G,0.109375,0.1328125,0.703125,0.046875,0.0078125,1.310423852
16S:640,A,A,0.703125,0.015625,0.0625,0.0390625,0.1796875,1.204132662
16S:641,U,U,0.328125,0.015625,0.078125,0.421875,0.15625,1.637527661
16S:642,A,A,0.8359375,0.0234375,0.109375,0.015625,0.015625,0.820296733
16S:643,C,C,0.0390625,0.8125,0.046875,0.0859375,0.015625,0.964689657
16S:644,U,U,0.015625,0.1484375,0.078125,0.75,0.0078125,1.114479188
16S:645,G,G,0.109375,0.125,0.6953125,0.0546875,0.015625,1.337684227
16S:646,G,G,0.046875,0.3671875,0.40625,0.1640625,0.015625,1.70872202
16S:647,C,C,0.1875,0.3359375,0.2265625,0.234375,0.015625,1.966766469
16S:648,A,A,0.390625,0.0703125,0.328125,0.1953125,0.015625,1.79968006
16S:649,A,G,0.2578125,0.1171875,0.5546875,0.0546875,0.015625,1.58408976
16S:650,G,G,0.2734375,0.1796875,0.3671875,0.1640625,0.015625,1.925143013
16S:651,C,C,0.03125,0.890625,0,0.0625,0.015625,0.604711481
16S:652,U,U,0,0,0,1,0,0
16S:653,U,U,0.390625,0.0234375,0.0625,0.5234375,0,1.395502557
16S:654,G,G,0,0,0.8046875,0,0.1953125,0.833144312
16S:655,A,A,0.71875,0,0.28125,0,0,0.857148437
16S:656,G,G,0.28125,0.015625,0.703125,0,0,0.965749385
16S:657,U,U,0.2109375,0.0390625,0.234375,0.515625,0,1.6396224
16S:658,C,G,0.1953125,0.265625,0.4453125,0.09375,0,1.808090452
16S:659,U,C,0.0546875,0.5625,0.1640625,0.21875,0,1.603666498
16S:660,C,G,0.1484375,0.0546875,0.7265625,0.0703125,0,1.241928112
16S:661,G,G,0.21875,0.0078125,0.734375,0.0390625,0,1.044164607
16S:662,U,G,0.15625,0.2265625,0.359375,0.2578125,0,1.938524479
16S:663,A,A,0.890625,0.0078125,0.0703125,0.03125,0,0.629071979
16S:664,G,G,0.015625,0,0.984375,0,0,0.116115075
16S:665,A,A,0.625,0.0625,0.1875,0.1171875,0.0078125,1.497626182
16S:666,G,G,0.015625,0.171875,0.7421875,0.0703125,0,1.11896013
16S:667,G,G,0.0078125,0.015625,0.953125,0.0234375,0,0.341368417
16S:668,G,G,0.171875,0.1875,0.3828125,0.2578125,0,1.923965751
16S:669,G,G,0.265625,0.1328125,0.5,0.1015625,0,1.729950615
16S:670,G,G,0.421875,0.015625,0.546875,0.015625,0,1.188955185
16S:671,G,G,0.1640625,0.234375,0.5703125,0.03125,0,1.536698621
16S:672,U,U,0.2734375,0.125,0.25,0.3515625,0,1.916732071
16S:673,A,G,0.1328125,0.140625,0.6875,0.0390625,0,1.339178584
16S:674,G,G,0.015625,0,0.984375,0,0,0.116115075
16S:675,A,A,0.5234375,0,0,0.4765625,0,0.998414427
16S:676,A,A,1,0,0,0,0,0
16S:677,U,U,0,0.3359375,0,0.6640625,0,0.920878015
16S:678,U,U,0,0.046875,0.0546875,0.8984375,0,0.575057693
16S:679,C,C,0.0703125,0.6171875,0.1328125,0.1796875,0,1.53080627
16S:680,C,C,0.0625,0.8359375,0.0390625,0.0625,0,0.898854625
16S:681,A,A,0.3203125,0.3203125,0.203125,0.15625,0,1.937740164
16S:682,G,G,0.1953125,0.15625,0.515625,0.1328125,0,1.758188697
16S:683,G,G,0.03125,0.09375,0.8125,0.0625,0,0.969802495
16S:684,U,U,0.0390625,0,0.4453125,0.515625,0,1.195200132
16S:685,G,G,0,0.078125,0.8046875,0.1171875,0,0.902092233
16S:686,U,U,0,0.109375,0.0703125,0.8203125,0,0.852905678
16S:687,A,A,1,0,0,0,0,0
16S:688,G,G,0.015625,0,0.984375,0,0,0.116115075
16S:689,C,C,0.296875,0.40625,0.2890625,0.0078125,0,1.62036027
16S:690,G,G,0.1875,0,0.8125,0,0,0.69621226
16S:691,G,G,0,0,1,0,0,0
16S:692,U,U,0,0.078125,0,0.921875,0,0.395537806
16S:693,G,G,0.046875,0,0.953125,0,0,0.272970858
16S:694,A,A,0.9453125,0,0.0546875,0,0,0.305984874
16S:695,A,A,0.9921875,0,0,0.0078125,0,0.065914412
16S:696,A,A,1,0,0,0,0,0
16S:697,U,U,0,0,0,1,0,0
16S:698,G,G,0,0.2890625,0.4140625,0.296875,0,1.564446843
16S:699,C,C,0,0.921875,0,0.078125,0,0.395537806
16S:700,G,G,0.0234375,0.0234375,0.578125,0.375,0,1.241503718
16S:701,U,U,0.0703125,0.0625,0.1640625,0.703125,0,1.304415863
16S:702,A,A,0.578125,0,0.1484375,0.2734375,0,1.377069708
16S:703,G,G,0.2421875,0.0078125,0.75,0,0,0.861433706
16S:704,A,A,1,0,0,0,0,0
16S:705,G,U,0,0.1015625,0.1796875,0.71875,0,1.122536396
16S:706,A,A,0.53125,0.3671875,0,0.1015625,0,1.350633863
16S:707,U,U,0,0.3046875,0.09375,0.6015625,0,1.283649999
16S:708,C,C,0.109375,0.4296875,0.1640625,0.296875,0,1.820799496
16S:709,U,G,0.15625,0.1953125,0.328125,0.3203125,0,1.932250542
16S:710,G,G,0.03125,0.0390625,0.859375,0.0703125,0,0.796183328
16S:711,G,G,0.1796875,0.125,0.625,0.0703125,0,1.51308205
16S:712,A,A,0.8125,0.0546875,0.1328125,0,0,0.859499348
16S:713,G,G,0.34375,0,0.65625,0,0,0.928362072
16S:714,G,G,0,0,0.9921875,0.0078125,0,0.065914412
16S:715,A,A,0.9921875,0,0,0.0078125,0,0.065914412
16S:716,A,A,0.5234375,0.453125,0,0.0234375,0,1.133236242
16S:717,U,C,0.0234375,0.65625,0.15625,0.1640625,0,1.371978291
16S:718,A,A,0.875,0.0078125,0.1015625,0.015625,0,0.652113534
16S:719,C,C,0.1875,0.7890625,0,0.0234375,0,0.849426974
16S:720,C,C,0,0.9921875,0,0.0078125,0,0.065914412
16S:721,G,A,0.4140625,0.0625,0.3125,0.2109375,0,1.774696325
16S:722,G,G,0.3828125,0,0.59375,0.0234375,0,1.103764368
16S:723,U,U,0.0703125,0.125,0.03125,0.7734375,0,1.087221637
16S:724,G,G,0.109375,0,0.765625,0.125,0,1.019183331
16S:725,G,G,0.0078125,0,0.9921875,0,0,0.065914412
16S:726,C,C,0,0.96875,0.0234375,0.0078125,0,0.225974766
16S:727,G,G,0,0,1,0,0,0
16S:728,A,A,0.9765625,0,0.0234375,0,0,0.160328726
16S:729,A,A,0.9921875,0,0,0,0.0078125,0.061162852
16S:730,G,G,0.3359375,0,0.6640625,0,0,0.920878015
16S:731,G,G,0,0.0234375,0.96875,0,0.0078125,0.21135658
16S:732,C,C,0,0.9921875,0,0.0078125,0,0.065914412
16S:733,G,G,0.2109375,0,0.59375,0.1953125,0,1.380305794
16S:734,G,G,0.1015625,0.2421875,0.375,0.28125,0,1.875927328
16S:735,C,C,0.03125,0.5703125,0.234375,0.1640625,0,1.536698621
16S:736,C,C,0.015625,0.5078125,0.015625,0.4609375,0,1.198985564
16S:737,C,C,0.1015625,0.5,0.1328125,0.265625,0,1.729950615
16S:738,C,A,0.4296875,0.1875,0.203125,0.1796875,0,1.888537172
16S:739,C,C,0.2109375,0.7578125,0.015625,0.015625,0,0.964269467
16S:740,U,U,0.0390625,0.09375,0.203125,0.6640625,0,1.362196463
16S:741,G,G,0.296875,0,0.6953125,0.0078125,0,0.939363118
16S:742,G,G,0.0390625,0.0234375,0.7578125,0.1796875,0,1.057828135
16S:743,A,A,0.4296875,0.078125,0.375,0.1171875,0,1.704096686
16S:744,C,C,0.3125,0.4296875,0.0078125,0.25,0,1.602719468
16S:745,G,C,0.078125,0.5625,0.0546875,0.3046875,0,1.505968343
16S:746,A,-,0.2109375,0.0078125,0.2734375,0.2265625,0.28125,1.851774861
16S:747,A,U,0.2265625,0.0703125,0.3359375,0.3671875,0,1.814016919
16S:748,G,C,0.1796875,0.34375,0.2421875,0.234375,0,1.96059594
16S:749,A,A,0.625,0.15625,0.015625,0.203125,0,1.403091858
16S:750,C,C,0,0.703125,0.015625,0.28125,0,0.965749385
16S:751,U,U,0,0.2890625,0,0.7109375,0,0.867507134
16S:752,G,G,0.0078125,0,0.796875,0,0.1953125,0.864482597
16S:753,A,A,0.8046875,0,0,0,0.1953125,0.833144312
16S:754,C,C,0.1796875,0.8046875,0.015625,0,0,0.791004068
16S:755,G,G,0.375,0,0.625,0,0,0.954434003
16S:756,C,C,0,0.515625,0.28125,0.203125,0,1.474541058
16S:757,U,U,0,0.203125,0,0.796875,0,0.728134238
16S:758,C,G,0.2109375,0.1328125,0.65625,0,0,1.25919145
16S:759,A,A,1,0,0,0,0,0
16S:760,G,G,0.015625,0,0.6796875,0.109375,0.1953125,1.221405996
16S:761,G,G,0.03125,0,0.9609375,0.0078125,0,0.266177468
16S:762,U,G,0.28125,0.28125,0.296875,0.140625,0,1.947543003
16S:763,G,A,0.5703125,0.0390625,0.359375,0.03125,0,1.331635287
16S:764,C,C,0,1,0,0,0,0
16S:765,G,G,0,0.015625,0.984375,0,0,0.116115075
16S:766,A,A,1,0,0,0,0,0
16S:767,A,A,0.9921875,0,0.0078125,0,0,0.065914412
16S:768,A,A,0.921875,0,0.078125,0,0,0.395537806
16S:769,G,G,0,0,1,0,0,0
16S:770,C,C,0,0.765625,0,0.234375,0,0.785560292
16S:771,G,G,0.0234375,0.234375,0.4453125,0.296875,0,1.657362643
16S:772,U,U,0.3125,0.0078125,0.21875,0.4609375,0,1.573757801
16S:773,G,G,0.0078125,0,0.9921875,0,0,0.065914412
16S:774,G,G,0.078125,0,0.921875,0,0,0.395537806
16S:775,G,G,0.0078125,0,0.9921875,0,0,0.065914412
16S:776,G,G,0,0.015625,0.84375,0.140625,0,0.698542967
16S:777,A,A,0.8046875,0.125,0,0.0703125,0,0.896571255
16S:778,G,G,0.0390625,0,0.6875,0.2734375,0,1.065902121
16S:779,C,C,0.0078125,0.984375,0,0.0078125,0,0.131740075
16S:780,A,A,0.5546875,0.0078125,0.4375,0,0,1.048094366
16S:781,A,A,1,0,0,0,0,0
16S:782,A,A,0.9921875,0,0,0,0.0078125,0.061162852
16S:783,C,C,0.03125,0.7109375,0.21875,0.0390625,0,1.168555543
16S:784,A,A,0.6171875,0.2421875,0.140625,0,0,1.323145197
16S:785,G,G,0,0.1484375,0.8046875,0.046875,0,0.86773475
16S:786,G,G,0.0078125,0,0.9921875,0,0,0.065914412
16S:787,A,A,0.9921875,0.0078125,0,0,0,0.065914412
16S:788,U,U,0,0,0,1,0,0
16S:789,U,U,0,0.140625,0,0.859375,0,0.585873293
16S:790,A,A,1,0,0,0,0,0
16S:791,G,G,0,0,1,0,0,0
16S:792,A,A,1,0,0,0,0,0
16S:793,U,U,0,0,0.03125,0.96875,0,0.200622324
16S:794,A,A,1,0,0,0,0,0
16S:795,C,C,0,1,0,0,0,0
16S:796,C,C,0,0.9921875,0,0.0078125,0,0.065914412
16S:797,C,C,0.0234375,0.8046875,0.171875,0,0,0.815844239
16S:798,U,U,0,0.140625,0.2421875,0.6171875,0,1.323145197
16S:799,G,G,0.0390625,0.1796875,0.71875,0.0625,0,1.220161989
16S:800,G,G,0,0.046875,0.953125,0,0,0.272970858
16S:801,U,U,0,0,0,1,0,0
16S:802,A,A,1,0,0,0,0,0
16S:803,G,G,0.0078125,0,0.984375,0.0078125,0,0.131740075
16S:804,U,U,0,0,0,1,0,0
16S:805,C,C,0,0.921875,0,0.078125,0,0.395537806
16S:806,C,C,0,0.90625,0,0.09375,0,0.448864489
16S:807,A,A,0.4609375,0.2109375,0.0078125,0.3203125,0,1.56939426
16S:808,C,C,0.296875,0.4375,0.234375,0.03125,0,1.688751258
16S:809,G,G,0.2265625,0,0.765625,0.0078125,0,0.834976456
16S:810,C,C,0,0.9921875,0,0.0078125,0,0.065914412
16S:811,C,C,0.0234375,0.6796875,0,0.296875,0,1.025685804
16S:812,G,G,0.140625,0.0859375,0.765625,0.0078125,0,1.051922168
16S:813,U,U,0,0.015625,0,0.984375,0,0.116115075
16S:814,A,A,0.984375,0.015625,0,0,0,0.116115075
16S:815,A,A,1,0,0,0,0,0
16S:816,A,A,1,0,0,0,0,0
16S:817,C,C,0,0.984375,0.015625,0,0,0.116115075
16S:818,G,G,0.03125,0.0078125,0.84375,0.1171875,0,0.780224928
16S:819,A,A,0.8984375,0.0390625,0.03125,0.03125,0,0.634054716
16S:820,U,U,0.0078125,0,0,0.9921875,0,0.065914412
16S:821,G,G,0.015625,0,0.984375,0,0,0.116115075
16S:822,U,C,0.2265625,0.421875,0.1171875,0.234375,0,1.863629291
16S:823,C,C,0.171875,0.375,0.34375,0.109375,0,1.846065189
16S:824,G,G,0.1640625,0.234375,0.3359375,0.265625,0,1.955089806
16S:825,A,A,0.5546875,0.015625,0.4140625,0.015625,0,1.185845081
16S:826,C,C,0,0.8828125,0,0.1171875,0,0.521222018
16S:827,U,U,0,0.078125,0,0.921875,0,0.395537806
16S:828,U,A,0.75,0.078125,0.078125,0.09375,0,1.206136625
16S:829,G,G,0.0546875,0.0078125,0.9140625,0.0234375,0,0.529382468
16S:830,G,G,0.078125,0.21875,0.6328125,0.0703125,0,1.454043797
16S:831,A,U,0.1171875,0.09375,0.1484375,0.640625,0,1.502712531
16S:832,G,G,0.234375,0.0078125,0.75,0.0078125,0,0.911225641
16S:833,G,U,0.015625,0.015625,0.0546875,0.9140625,0,0.535280026
16S:834,U,U,0.03125,0.265625,0.21875,0.4765625,0.0078125,1.661965271
16S:835,U,G,0.1484375,0.0859375,0.625,0.140625,0,1.534552592
16S:836,G,G,0.015625,0.1875,0.7890625,0.0078125,0,0.870949533
16S:837,U,G,0.1015625,0.1328125,0.6015625,0.1640625,0,1.590829577
16S:838,G,G,0.15625,0.2890625,0.3359375,0.21875,0,1.944346416
16S:839,C,G,0.2265625,0.1328125,0.4921875,0.109375,0.0390625,1.757304431
16S:840,C,G,0.1328125,0.1640625,0.40625,0.125,0.171875,1.862211274
16S:841,C,U,0.1328125,0.2578125,0.0234375,0.390625,0.1953125,1.765141075
16S:842,U,U,0.2421875,0.0078125,0.0625,0.671875,0.015625,1.214839553
16S:843,U,U,0.1171875,0.4140625,0.0390625,0.421875,0.0078125,1.60593084
16S:844,G,G,0.15625,0.1796875,0.5078125,0.1484375,0.0078125,1.774422562
16S:845,A,A,0.6171875,0.1015625,0.0625,0.140625,0.078125,1.502652059
16S:846,G,C,0.03125,0.375,0.21875,0.1953125,0.1796875,1.809977463
16S:847,G,C,0.078125,0.4453125,0.1796875,0.2578125,0.0390625,1.788846285
16S:848,C,G,0.140625,0.2890625,0.375,0.1953125,0,1.906382583
16S:849,G,C,0.109375,0.40625,0.1875,0.296875,0,1.85010797
16S:850,U,U,0,0.25,0.203125,0.546875,0,1.443271532
16S:851,G,C,0.0625,0.546875,0.1640625,0.2265625,0,1.639297454
16S:852,G,G,0.375,0.125,0.4140625,0.0859375,0,1.736627094
16S:853,C,G,0.0078125,0.0546875,0.9140625,0.0234375,0,0.529382468
16S:854,U,U,0,0.203125,0.0390625,0.7578125,0,0.953026415
16S:855,U,G,0.2578125,0.015625,0.640625,0.0859375,0,1.313765483
16S:856,C,C,0.0703125,0.6171875,0.21875,0.09375,0,1.498800844
16S:857,C,C,0.0078125,0.890625,0.0078125,0.09375,0,0.578367097
16S:858,G,G,0.0234375,0.03125,0.78125,0.15625,0.0078125,0.994626438
16S:859,G,U,0.2421875,0.2890625,0.0859375,0.3828125,0,1.847621951
16S:860,A,A,0.890625,0.0703125,0.0234375,0.015625,0,0.638799421
16S:861,G,G,0.0078125,0.0234375,0.96875,0,0,0.225974766
16S:862,C,C,0.125,0.515625,0.328125,0.03125,0,1.551505128
16S:863,U,G,0.0390625,0.0234375,0.5078125,0.4296875,0,1.329740468
16S:864,A,A,1,0,0,0,0,0
16S:865,A,A,1,0,0,0,0,0
16S:866,C,C,0.2734375,0.4921875,0.234375,0,0,1.505466729
16S:867,G,G,0.015625,0.3359375,0.53125,0.1171875,0,1.469685808
16S:868,C,C,0,0.9296875,0.0234375,0.046875,0,0.431656435
16S:869,G,G,0.2109375,0,0.5703125,0.0234375,0.1953125,1.420034735
16S:870,U,U,0.109375,0.015625,0.0078125,0.6875,0.1796875,1.213885211
16S:871,U,U,0.171875,0.0078125,0.15625,0.6640625,0,1.301997757
16S:872,A,A,0.96875,0,0.0234375,0.0078125,0,0.225974766
16S:873,A,A,0.984375,0,0.015625,0,0,0.116115075
16S:874,G,G,0.1171875,0,0.8828125,0,0,0.521222018
16S:875,U,U,0,0.4140625,0.015625,0.5703125,0,1.082523618
16S:876,C,U,0.2734375,0.1953125,0.234375,0.296875,0,1.982427549
16S:877,G,G,0.109375,0.34375,0.375,0.171875,0,1.846065189
16S:878,A,G,0.234375,0.1171875,0.421875,0.2265625,0,1.863629291
16S:879,C,C,0,0.8203125,0,0.1796875,0,0.679392935
16S:880,C,C,0,0.8046875,0,0.1953125,0,0.712453445
16S:881,G,G,0.0859375,0.1953125,0.71875,0,0,1.106891777
16S:882,C,C,0.015625,0.9296875,0,0.0546875,0,0.420821888
16S:883,C,C,0,0.7890625,0.1953125,0.015625,0,0.82362684
16S:884,U,U,0,0,0.1953125,0.8046875,0,0.712453445
16S:885,G,G,0,0,1,0,0,0
16S:886,G,G,0.015625,0,0.984375,0,0,0.116115075
16S:887,G,G,0,0.0078125,0.9921875,0,0,0.065914412
16S:888,G,G,0.171875,0,0.8046875,0.0234375,0,0.815844239
16S:889,A,A,1,0,0,0,0,0
16S:890,G,G,0,0.0078125,0.9921875,0,0,0.065914412
16S:891,U,U,0,0,0,1,0,0
16S:892,A,A,1,0,0,0,0,0
16S:893,C,C,0,0.7890625,0,0.2109375,0,0.743270919
16S:894,G,G,0.0078125,0,0.984375,0.0078125,0,0.131740075
16S:895,G,G,0.0390625,0.1171875,0.7734375,0.0703125,0,1.10118258
16S:896,C,C,0.0625,0.484375,0.0078125,0.4453125,0,1.330977328
16S:897,C,C,0,0.8828125,0.015625,0.1015625,0,0.587609851
16S:898,G,G,0,0,0.9921875,0.0078125,0,0.065914412
16S:899,C,C,0,1,0,0,0,0
16S:900,A,A,1,0,0,0,0,0
16S:901,A,A,0.9921875,0.0078125,0,0,0,0.065914412
16S:902,G,G,0.078125,0.015625,0.90625,0,0,0.509804091
16S:903,G,G,0.2265625,0.015625,0.6875,0.0703125,0,1.219994091
16S:904,U,C,0.0546875,0.53125,0.1328125,0.28125,0,1.615600578
16S:905,U,U,0.0078125,0.0078125,0,0.984375,0,0.131740075
16S:906,A,G,0.296875,0.0078125,0.6953125,0,0,0.939363118
16S:907,A,A,1,0,0,0,0,0
16S:908,A,A,0.9921875,0,0,0.0078125,0,0.065914412
16S:909,A,A,1,0,0,0,0,0
16S:910,C,C,0,0.9921875,0.0078125,0,0,0.065914412
16S:911,U,U,0,0,0,1,0,0
16S:912,C,C,0.0078125,0.5234375,0,0.46875,0,1.055926473
16S:913,A,A,1,0,0,0,0,0
16S:914,A,A,1,0,0,0,0,0
16S:915,A,A,0.9921875,0,0.0078125,0,0,0.065914412
16S:916,U,G,0.0234375,0,0.8984375,0.078125,0,0.553081841
16S:917,G,G,0.0625,0,0.9375,0,0,0.337290067
16S:918,A,A,1,0,0,0,0,0
16S:919,A,A,1,0,0,0,0,0
16S:920,U,U,0,0,0,1,0,0
16S:921,U,U,0.015625,0,0,0.984375,0,0.116115075
16S:922,G,G,0,0,1,0,0,0
16S:923,A,A,0.7109375,0,0.2890625,0,0,0.867507134
16S:924,C,C,0,0.9921875,0,0.0078125,0,0.065914412
16S:925,G,G,0,0,1,0,0,0
16S:926,G,G,0,0,1,0,0,0
16S:927,G,G,0.1953125,0,0.8046875,0,0,0.712453445
16S:928,G,G,0.1953125,0,0.8046875,0,0,0.712453445
16S:929,G,G,0.09375,0.015625,0.875,0.015625,0,0.676224209
16S:930,C,C,0.2734375,0.515625,0.203125,0.0078125,0,1.52604414
16S:931,C,C,0,0.515625,0.4765625,0.0078125,0,1.05699227
16S:932,C,C,0,0.984375,0,0.015625,0,0.116115075
16S:933,G,G,0.484375,0,0.515625,0,0,0.999295444
16S:934,C,C,0,0.984375,0,0.0078125,0.0078125,0.119960689
16S:935,A,A,0.984375,0,0.015625,0,0,0.116115075
16S:936,C,C,0,1,0,0,0,0
16S:937,A,A,0.8515625,0.1484375,0,0,0,0.605916296
16S:938,A,A,1,0,0,0,0,0
16S:939,G,G,0,0.1796875,0.8203125,0,0,0.679392935
16S:940,C,C,0.046875,0.5703125,0.375,0.0078125,0,1.254334626
16S:941,G,G,0.171875,0.0625,0.765625,0,0,0.981647966
16S:942,G,G,0,0,1,0,0,0
16S:943,U,U,0.078125,0.0625,0,0.859375,0,0.725243364
16S:944,G,G,0,0,1,0,0,0
16S:945,G,G,0.0234375,0,0.9765625,0,0,0.160328726
16S:946,A,A,0.9921875,0,0.0078125,0,0,0.065914412
16S:947,G,G,0.0546875,0,0.875,0.0625,0.0078125,0.673255627
16S:948,C,C,0,0.875,0.0546875,0.0703125,0,0.667151869
16S:949,A,A,0.5078125,0.3671875,0.0703125,0.046875,0.0078125,1.512903393
16S:950,U,U,0,0.0078125,0,0.9921875,0,0.065914412
16S:951,G,G,0.0078125,0,0.9921875,0,0,0.065914412
16S:952,U,C,0,0.5078125,0,0.4921875,0,0.999823883
16S:953,G,G,0,0,1,0,0,0
16S:954,G,G,0,0,0.9921875,0,0.0078125,0.061162852
16S:955,U,U,0.0859375,0.2578125,0,0.65625,0,1.207238928
16S:956,U,U,0,0,0,1,0,0
16S:957,U,U,0,0.0234375,0,0.9765625,0,0.160328726
16S:958,A,A,1,0,0,0,0,0
16S:959,A,A,1,0,0,0,0,0
16S:960,U,U,0,0,0,1,0,0
16S:961,U,U,0,0.015625,0,0.984375,0,0.116115075
16S:962,C,C,0,0.515625,0.2890625,0.1953125,0,1.470498507
16S:963,G,G,0.0078125,0,0.9921875,0,0,0.065914412
16S:964,A,A,1,0,0,0,0,0
16S:965,U,U,0.171875,0.328125,0.0859375,0.4140625,0,1.795169068
16S:966,G,G,0,0,0.5234375,0.4765625,0,0.998414427
16S:967,C,C,0.0390625,0.9609375,0,0,0,0.237977151
16S:968,A,A,0.9296875,0,0.0078125,0.0625,0,0.402474111
16S:969,A,A,1,0,0,0,0,0
16S:970,C,C,0.0078125,0.9921875,0,0,0,0.065914412
16S:971,G,G,0.2109375,0,0.78125,0.0078125,0,0.806503269
16S:972,C,C,0,0.9921875,0,0.0078125,0,0.065914412
16S:973,G,G,0,0.2890625,0.7109375,0,0,0.867507134
16S:974,A,G,0.421875,0.0859375,0.453125,0.0390625,0,1.529763976
16S:975,A,G,0.484375,0,0.515625,0,0,0.999295444
16S:976,G,G,0.34375,0,0.65625,0,0,0.928362072
16S:977,A,A,0.890625,0.109375,0,0,0,0.498027887
16S:978,A,A,1,0,0,0,0,0
16S:979,C,C,0.1953125,0.65625,0.015625,0.1328125,0,1.339547371
16S:980,C,C,0.0078125,0.9765625,0,0.015625,0,0.181851285
16S:981,U,U,0,0,0,1,0,0
16S:982,U,U,0,0.328125,0,0.671875,0,0.912999214
16S:983,A,A,1,0,0,0,0,0
16S:984,C,C,0,1,0,0,0,0
16S:985,C,C,0,0.984375,0.0078125,0.0078125,0,0.131740075
16S:986,U,A,0.46875,0.1015625,0.1953125,0.234375,0,1.798263479
16S:987,G,G,0.2109375,0.015625,0.765625,0.0078125,0,0.917003693
16S:988,G,G,0.0625,0.2421875,0.671875,0.0234375,0,1.25786139
16S:989,U,G,0.0625,0.2109375,0.390625,0.3359375,0,1.781998777
16S:990,C,C,0.0625,0.640625,0.1796875,0.109375,0.0078125,1.464529282
16S:991,U,U,0.0234375,0.171875,0,0.5234375,0.28125,1.531473034
16S:992,U,U,0.109375,0,0.09375,0.515625,0.28125,1.593974081
16S:993,G,G,0.0234375,0,0.6953125,0,0.28125,1.153751838
16S:994,A,A,0.7734375,0.2109375,0,0.0078125,0.0078125,0.842498388
16S:995,C,C,0.0234375,0.671875,0.28125,0.0234375,0,1.154016844
16S:996,A,A,0.9765625,0,0,0.0234375,0,0.160328726
16S:997,U,U,0.0078125,0.359375,0.0390625,0.59375,0,1.214562645
16S:998,C,G,0.171875,0.2265625,0.5546875,0.046875,0,1.600540899
16S:999,C,C,0.265625,0.515625,0.078125,0.140625,0,1.686080629
16S:1000,A,A,0.3671875,0.1875,0.078125,0.3671875,0,1.801642711
16S:1001,C,G,0.1640625,0.1796875,0.3828125,0.2734375,0,1.914638447
16S:1002,G,G,0.1484375,0.0703125,0.390625,0.390625,0,1.73730026
16S:1003,G,G,0.203125,0,0.734375,0.0625,0,1.044196994
16S:1004,A,A,0.6796875,0.015625,0.0625,0.0390625,0.203125,1.259064429
16S:1005,A,A,0.46875,0.2109375,0.0234375,0.1015625,0.1953125,1.681924282
16S:1006,G,G,0.125,0.1640625,0.3515625,0.1640625,0.1953125,1.917777581
16S:1007,U,G,0.109375,0.1640625,0.40625,0.125,0.1953125,1.851649241
16S:1008,U,C,0.046875,0.3515625,0.078125,0.328125,0.1953125,1.761304065
16S:1009,U,A,0.34375,0.1171875,0.109375,0.234375,0.1953125,1.895948657
16S:1010,U,G,0.0859375,0.1875,0.4140625,0.1171875,0.1953125,1.825974573
16S:1011,C,C,0.015625,0.3125,0.2890625,0.1875,0.1953125,1.806359939
16S:1012,A,U,0.3046875,0.0546875,0.109375,0.3359375,0.1953125,1.820070413
16S:1013,G,G,0.0546875,0,0.75,0,0.1953125,1.022970664
16S:1014,A,A,0.8046875,0,0,0,0.1953125,0.833144312
16S:1015,G,G,0.28125,0.109375,0.359375,0.0546875,0.1953125,1.815050161
16S:1016,A,A,0.515625,0,0.2890625,0,0.1953125,1.420044892
16S:1017,U,U,0.2421875,0.1171875,0.140625,0.3046875,0.1953125,1.9333633
16S:1018,G,G,0.1484375,0.2734375,0.3359375,0.046875,0.1953125,1.842602508
16S:1019,A,C,0.0625,0.328125,0.2421875,0.171875,0.1953125,1.882509236
16S:1020,G,U,0.1796875,0.0625,0.1953125,0.3671875,0.1953125,1.862258618
16S:1021,A,G,0.234375,0.046875,0.3984375,0.125,0.1953125,1.797411048
16S:1022,A,C,0.09375,0.390625,0.171875,0.1484375,0.1953125,1.865004798
16S:1023,U,C,0.171875,0.3046875,0.1640625,0.1640625,0.1953125,1.961686502
16S:1024,G,G,0.046875,0.3046875,0.359375,0.265625,0.0234375,1.789194481
16S:1025,U,U,0.1953125,0.0703125,0,0.40625,0.328125,1.727638932
16S:1026,G,-,0.0078125,0.140625,0.265625,0.0078125,0.578125,1.870647089
16S:1027,C,C,0.0390625,0.3828125,0.2109375,0.0703125,0.296875,1.791714499
16S:1028,C,C,0.2109375,0.421875,0.0546875,0.0234375,0.2890625,1.720002182
16S:1029,U,U,0,0.015625,0.390625,0.59375,0,1.070036715
16S:1030,U,U,0.3671875,0.0390625,0.0859375,0.5078125,0,1.51419553
16S:1031,C,C,0.3515625,0.53125,0.0390625,0.078125,0,1.485079813
16S:1032,G,G,0.1171875,0,0.7421875,0.1328125,0.0078125,1.090189954
16S:1033,G,G,0.015625,0.046875,0.4296875,0.21875,0.2890625,1.691386747
16S:1034,G,G,0.0703125,0.203125,0.390625,0.0390625,0.296875,1.786146161
16S:1035,A,-,0.2734375,0.0078125,0.140625,0,0.578125,1.85908351
16S:1036,A,-,0.2578125,0.0078125,0.2109375,0.1953125,0.328125,1.873548998
16S:1037,C,C,0.171875,0.5546875,0.015625,0.2578125,0,1.506214476
16S:1038,C,G,0.1015625,0.2890625,0.34375,0.265625,0,1.890279542
16S:1039,G,C,0.078125,0.3984375,0.375,0.1484375,0,1.755454717
16S:1040,U,A,0.3515625,0.0703125,0.2421875,0.3359375,0,1.823654809
16S:1041,G,G,0.1171875,0.046875,0.5546875,0.28125,0,1.555761879
16S:1042,A,A,0.3359375,0.140625,0.0859375,0.15625,0.28125,1.905274698
16S:1043,G,A,0.3203125,0.2734375,0.2265625,0.1796875,0,1.96790694
16S:1044,A,A,0.578125,0.0234375,0.3828125,0.015625,0,1.208006102
16S:1045,C,C,0.015625,0.5,0,0.0078125,0.4765625,1.561600497
16S:1046,A,A,0.796875,0,0.0078125,0.1953125,0,0.775907894
16S:1047,G,G,0.0078125,0,0.9921875,0,0,0.065914412
16S:1048,G,G,0,0,1,0,0,0
16S:1049,U,U,0.234375,0,0,0.765625,0,0.785560292
16S:1050,G,G,0,0,1,0,0,0
16S:1051,C,G,0.0078125,0.34375,0.640625,0.0078125,0,1.050513628
16S:1052,U,U,0,0,0,1,0,0
16S:1053,G,G,0,0,1,0,0,0
16S:1054,C,C,0,1,0,0,0,0
16S:1055,A,A,1,0,0,0,0,0
16S:1056,U,U,0,0.0234375,0,0.9765625,0,0.160328726
16S:1057,G,G,0,0,1,0,0,0
16S:1058,G,G,0,0,1,0,0,0
16S:1059,C,C,0,0.8828125,0,0.1171875,0,0.521222018
16S:1060,U,C,0,0.5,0,0.5,0,1
16S:1061,G,G,0.0078125,0,0.984375,0,0.0078125,0.119960689
16S:1062,U,U,0,0.1171875,0,0.875,0.0078125,0.566949919
16S:1063,C,C,0,0.8046875,0,0.1875,0.0078125,0.739920492
16S:1064,G,G,0,0.1640625,0.8046875,0.0234375,0.0078125,0.832279086
16S:1065,U,U,0,0.09375,0,0.90625,0,0.448864489
16S:1066,C,C,0,0.8046875,0,0.1953125,0,0.712453445
16S:1067,A,A,0.9765625,0,0.0234375,0,0,0.160328726
16S:1068,G,G,0,0,1,0,0,0
16S:1069,C,C,0,0.71875,0,0.28125,0,0.857148437
16S:1070,U,U,0,0.0234375,0,0.9765625,0,0.160328726
16S:1071,C,C,0,0.8203125,0.171875,0.0078125,0,0.725755664
16S:1072,G,G,0,0,1,0,0,0
16S:1073,U,U,0,0,0,1,0,0
16S:1074,G,G,0.1875,0,0.8125,0,0,0.69621226
16S:1075,U,U,0.0078125,0.328125,0.1875,0.4765625,0,1.544598364
16S:1076,U,C,0.1953125,0.6328125,0,0.171875,0,1.314595699
16S:1077,G,G,0.0078125,0,0.984375,0.0078125,0,0.131740075
16S:1078,U,U,0,0.0703125,0,0.9296875,0,0.367088759
16S:1079,G,G,0.015625,0,0.984375,0,0,0.116115075
16S:1080,A,A,0.984375,0,0.015625,0,0,0.116115075
16S:1081,A,G,0.171875,0,0.6328125,0.1953125,0,1.314595699
16S:1082,A,A,0.4765625,0,0.328125,0.1953125,0,1.497275671
16S:1083,U,U,0,0.1875,0,0.8125,0,0.69621226
16S:1084,G,G,0.078125,0,0.921875,0,0,0.395537806
16S:1085,U,U,0,0.0078125,0,0.9921875,0,0.065914412
16S:1086,U,U,0,0.46875,0,0.53125,0,0.997180399
16S:1087,G,G,0,0.2890625,0.5078125,0.203125,0,1.481131914
16S:1088,G,G,0.0390625,0.0078125,0.7578125,0.1953125,0,1.000800071
16S:1089,G,G,0,0.078125,0.921875,0,0,0.395537806
16S:1090,U,U,0,0,0,1,0,0
16S:1091,U,U,0,0.0078125,0,0.9921875,0,0.065914412
16S:1092,A,A,0.953125,0.0078125,0.015625,0.0234375,0,0.341368417
16S:1093,A,A,1,0,0,0,0,0
16S:1094,G,G,0,0,0.8046875,0.1953125,0,0.712453445
16S:1095,U,U,0,0,0,1,0,0
16S:1096,C,C,0,0.921875,0.078125,0,0,0.395537806
16S:1097,C,C,0.1953125,0.765625,0,0.0390625,0,0.937909297
16S:1098,C,C,0,0.5078125,0.484375,0.0078125,0,1.057702507
16S:1099,G,G,0.15625,0,0.765625,0.078125,0,1.000785878
16S:1100,C,C,0.0078125,0.703125,0.0078125,0.28125,0,0.981374385
16S:1101,A,A,1,0,0,0,0,0
16S:1102,A,A,1,0,0,0,0,0
16S:1103,C,C,0,0.9921875,0,0.0078125,0,0.065914412
16S:1104,G,G,0.0078125,0.0078125,0.984375,0,0,0.131740075
16S:1105,A,A,0.96875,0,0.03125,0,0,0.200622324
16S:1106,G,G,0.1875,0,0.8125,0,0,0.69621226
16S:1107,C,C,0,1,0,0,0,0
16S:1108,G,G,0.0078125,0,0.9921875,0,0,0.065914412
16S:1109,C,C,0.46875,0.515625,0,0.015625,0,1.098879316
16S:1110,A,A,0.5234375,0,0.4765625,0,0,0.998414427
16S:1111,A,A,1,0,0,0,0,0
16S:1112,C,C,0,0.9765625,0,0.0234375,0,0.160328726
16S:1113,C,C,0,0.921875,0,0.078125,0,0.395537806
16S:1114,C,C,0,0.8984375,0.0078125,0.09375,0,0.513664798
16S:1115,U,U,0.1171875,0.2421875,0.1171875,0.5234375,0,1.709259537
16S:1116,U,C,0.125,0.4296875,0.0625,0.3828125,0,1.678940886
16S:1117,A,G,0.3359375,0,0.640625,0.0234375,0,1.067159872
16S:1118,U,C,0.03125,0.5390625,0,0.4296875,0,1.160445533
16S:1119,C,C,0.0703125,0.7734375,0.0234375,0.1328125,0,1.06970792
16S:1120,C,C,0.0859375,0.46875,0.109375,0.3359375,0,1.694534868
16S:1121,U,U,0.0703125,0.4453125,0.03125,0.453125,0,1.462758175
16S:1122,U,U,0.046875,0.1953125,0.0234375,0.734375,0,1.121152974
16S:1123,U,A,0.8125,0.015625,0.0078125,0.1640625,0,0.819653152
16S:1124,G,G,0.265625,0.0078125,0.703125,0.0234375,0,1.046910916
16S:1125,U,U,0,0,0,1,0,0
16S:1126,U,U,0.1953125,0,0,0.8046875,0,0.712453445
16S:1127,G,G,0.109375,0,0.890625,0,0,0.498027887
16S:1128,C,C,0.03125,0.8203125,0.03125,0.109375,0.0078125,0.91095656
16S:1129,C,C,0.0859375,0.640625,0.0625,0.203125,0.0078125,1.442043601
16S:1130,A,A,0.796875,0.0390625,0.015625,0.046875,0.1015625,0.950009335
16S:1131,G,G,0.0625,0.078125,0.453125,0.1796875,0.2265625,1.742716637
16S:1132,C,C,0.015625,0.78125,0.0625,0.0390625,0.1015625,1.002331595
16S:1133,G,A,0.53125,0.1953125,0.15625,0.078125,0.0390625,1.686652386
16S:1134,G,U,0.0859375,0.1953125,0.328125,0.359375,0.03125,1.846671538
16S:1135,U,G,0.157480315,0.133858268,0.299212598,0.125984252,0.283464567,1.948102286
16S:1136,C,U,0.0390625,0.0859375,0.109375,0.765625,0,1.13118811
16S:1137,C,C,0.28125,0.3359375,0.046875,0.3359375,0,1.779016844
16S:1138,G,A,0.421875,0.2421875,0.140625,0.1796875,0.015625,1.874546183
16S:1139,G,U,0.1171875,0.0859375,0.1796875,0.328125,0.2890625,1.905349351
16S:1140,C,C,0.09375,0.3046875,0.28125,0.296875,0.0234375,1.894153907
16S:1141,C,U,0.046875,0.1640625,0.2265625,0.5390625,0.0234375,1.62493905
16S:1142,G,G,0.0546875,0.1015625,0.7734375,0.0625,0.0078125,1.112841148
16S:1143,G,G,0.1875,0.03125,0.734375,0.0390625,0.0078125,1.131949827
16S:1144,G,G,0.1015625,0.03125,0.8359375,0.0234375,0.0078125,0.850183428
16S:1145,A,C,0.109375,0.65625,0.1484375,0.0859375,0,1.460765602
16S:1146,A,A,0.796875,0,0,0.203125,0,0.728134238
16S:1147,C,C,0,0.796875,0.0078125,0.1875,0.0078125,0.796352319
16S:1148,U,U,0.1796875,0.1953125,0,0.625,0,1.32896424
16S:1149,C,C,0,0.6953125,0.0078125,0.296875,0,0.939363118
16S:1150,A,U,0.125,0.0234375,0.0078125,0.84375,0,0.763416111
16S:1151,A,A,0.734375,0.0234375,0.1796875,0.0625,0,1.148998714
16S:1152,A,G,0.3046875,0.03125,0.59375,0.0703125,0,1.394511699
16S:1153,G,G,0.3203125,0.109375,0.484375,0.0859375,0,1.686120936
16S:1154,G,G,0.046875,0.015625,0.90625,0.03125,0,0.585659606
16S:1155,A,G,0.4140625,0,0.5546875,0.03125,0,1.154595081
16S:1156,G,G,0.0703125,0,0.90625,0.0234375,0,0.524921813
16S:1157,A,A,1,0,0,0,0,0
16S:1158,C,C,0,0.9609375,0,0.0390625,0,0.237977151
16S:1159,U,U,0.0859375,0.1796875,0.015625,0.71875,0,1.1854424
16S:1160,G,G,0.15625,0.015625,0.8046875,0.0234375,0,0.891382784
16S:1161,C,C,0.0078125,0.8203125,0.0625,0.109375,0,0.888291029
16S:1162,C,C,0,0.8359375,0.03125,0.1328125,0,0.759188782
16S:1163,A,G,0.09375,0.015625,0.734375,0.15625,0,1.159457313
16S:1164,G,G,0.046875,0.1328125,0.7578125,0.0625,0,1.146967273
16S:1165,U,U,0.0078125,0.3203125,0.078125,0.59375,0,1.31467653
16S:1166,G,G,0.03125,0.0234375,0.8984375,0.046875,0,0.628937357
16S:1167,A,A,0.4453125,0.125,0.0078125,0.3359375,0.0859375,1.598740238
16S:1168,U,U,0.015625,0.3671875,0,0.59375,0.0234375,1.135623713
16S:1169,A,A,0.84375,0.0546875,0.03125,0.0703125,0,0.861651096
16S:1170,A,A,0.984375,0.015625,0,0,0,0.116115075
16S:1171,A,G,0.4375,0.078125,0.4765625,0.0078125,0,1.373389577
16S:1172,C,C,0.046875,0.6875,0.140625,0.125,0,1.351574942
16S:1173,U,C,0.1328125,0.7265625,0.0390625,0.1015625,0,1.239500043
16S:1174,G,G,0.125,0.03125,0.84375,0,0,0.73806367
16S:1175,G,G,0.1015625,0.0625,0.828125,0.0078125,0,0.865114965
16S:1176,A,A,0.859375,0.046875,0.0390625,0.046875,0.0078125,0.799891714
16S:1177,G,G,0,0.0625,0.8984375,0.0390625,0,0.571554716
16S:1178,G,G,0,0,1,0,0,0
16S:1179,A,A,1,0,0,0,0,0
16S:1180,A,A,0.90625,0,0.015625,0,0.078125,0.494606422
16S:1181,G,G,0.03125,0,0.96875,0,0,0.200622324
16S:1182,G,G,0.0078125,0,0.8046875,0.109375,0.078125,0.863757579
16S:1183,U,U,0.3125,0.046875,0.0078125,0.6328125,0,1.203791023
16S:1184,G,G,0.078125,0.015625,0.734375,0.171875,0,1.14485837
16S:1185,G,G,0.046875,0.1171875,0.65625,0.1796875,0,1.413205293
16S:1186,G,G,0.09375,0.0078125,0.8984375,0,0,0.513664798
16S:1187,G,G,0.078125,0,0.921875,0,0,0.395537806
16S:1188,A,A,0.5390625,0,0.4453125,0.015625,0,1.094039701
16S:1189,U,C,0,0.5390625,0,0.4609375,0,0.995592754
16S:1190,G,G,0.2890625,0.0703125,0.609375,0.03125,0,1.378590058
16S:1191,A,A,1,0,0,0,0,0
16S:1192,C,C,0,0.8046875,0,0.1953125,0,0.712453445
16S:1193,G,G,0.1953125,0,0.8046875,0,0,0.712453445
16S:1194,U,U,0.1953125,0,0.28125,0.5234375,0,1.463736871
16S:1195,C,C,0,0.84375,0,0.15625,0,0.625262405
16S:1196,A,A,0.984375,0,0,0.015625,0,0.116115075
16S:1197,A,A,0.5,0,0.5,0,0,1
16S:1198,G,G,0.1171875,0,0.8828125,0,0,0.521222018
16S:1199,U,U,0,0,0,1,0,0
16S:1200,C,C,0.015625,0.984375,0,0,0,0.116115075
16S:1201,A,A,0.5859375,0.2109375,0,0.0078125,0.1953125,1.368698071
16S:1202,U,G,0,0,0.546875,0.453125,0,0.993650712
16S:1203,C,C,0,0.6328125,0,0.3671875,0,0.948488076
16S:1204,A,A,0.9921875,0,0.0078125,0,0,0.065914412
16S:1205,U,U,0,0.03125,0,0.96875,0,0.200622324
16S:1206,G,G,0,0,1,0,0,0
16S:1207,G,C,0,0.6328125,0.3515625,0.0078125,0.0078125,1.029340008
16S:1208,C,C,0,0.9765625,0,0.0234375,0,0.160328726
16S:1209,C,C,0,0.9921875,0,0.0078125,0,0.065914412
16S:1210,C,C,0,0.8046875,0,0.1953125,0,0.712453445
16S:1211,U,U,0.0078125,0,0.2734375,0.71875,0,0.908651519
16S:1212,U,U,0.4609375,0.015625,0,0.5234375,0,1.097625659
16S:1213,A,A,0.9921875,0.0078125,0,0,0,0.065914412
16S:1214,C,U,0.0859375,0.3046875,0.0078125,0.6015625,0,1.322445328
16S:1215,G,G,0.0625,0.1796875,0.7109375,0.046875,0,1.251867092
16S:1216,A,U,0.1875,0.2265625,0.171875,0.4140625,0,1.901501339
16S:1217,C,C,0.0234375,0.609375,0.2421875,0.125,0,1.432841045
16S:1218,C,C,0.0078125,0.765625,0.015625,0.2109375,0,0.917003693
16S:1219,A,U,0.234375,0.1953125,0.1015625,0.46875,0,1.798263479
16S:1220,G,G,0.0078125,0.0078125,0.984375,0,0,0.131740075
16S:1221,G,G,0,0,1,0,0,0
16S:1222,G,G,0.0078125,0,0.9921875,0,0,0.065914412
16S:1223,C,C,0,1,0,0,0,0
16S:1224,U,U,0.0390625,0.140625,0.046875,0.7734375,0,1.074340852
16S:1225,A,A,0.65625,0,0.2578125,0.0859375,0,1.207238928
16S:1226,C,C,0,1,0,0,0,0
16S:1227,A,A,0.9921875,0,0.0078125,0,0,0.065914412
16S:1228,C,C,0.0078125,0.9921875,0,0,0,0.065914412
16S:1229,A,G,0.4921875,0,0.5078125,0,0,0.999823883
16S:1230,C,C,0,1,0,0,0,0
16S:1231,G,G,0.0390625,0,0.9609375,0,0,0.237977151
16S:1232,U,U,0.0234375,0.2265625,0.21875,0.53125,0,1.576642599
16S:1233,G,G,0.078125,0.0546875,0.8671875,0,0,0.694914636
16S:1234,C,C,0.0625,0.8828125,0,0.0546875,0,0.638033537
16S:1235,U,U,0.0078125,0.0078125,0,0.984375,0,0.131740075
16S:1236,A,A,0.96875,0,0.0234375,0.0078125,0,0.225974766
16S:1237,C,C,0,1,0,0,0,0
16S:1238,A,A,1,0,0,0,0,0
16S:1239,A,A,0.859375,0.140625,0,0,0,0.585873293
16S:1240,U,U,0.015625,0,0,0.9765625,0.0078125,0.16829807
16S:1241,G,G,0,0,0.9921875,0,0.0078125,0.061162852
16S:1242,G,G,0.1484375,0.03125,0.78125,0.03125,0.0078125,1.013384513
16S:1243,C,C,0.109375,0.4921875,0.125,0.265625,0.0078125,1.742077327
16S:1244,G,G,0.109375,0.328125,0.3515625,0.2109375,0,1.880502714
16S:1245,C,G,0.15625,0.0859375,0.6796875,0.078125,0,1.388690041
16S:1246,A,G,0.2421875,0.046875,0.59375,0.1171875,0,1.511439761
16S:1247,U,G,0.0625,0.0859375,0.484375,0.3671875,0,1.591565663
16S:1248,A,A,0.828125,0.046875,0.0390625,0.0859375,0,0.919275535
16S:1249,C,C,0,0.96875,0.015625,0.015625,0,0.231872324
16S:1250,A,A,1,0,0,0,0,0
16S:1251,A,A,0.578125,0,0.4140625,0.0078125,0,1.03844271
16S:1252,A,A,0.421875,0.2890625,0.0078125,0.28125,0,1.612257815
16S:1253,G,G,0.0625,0.0078125,0.921875,0.0078125,0,0.467563439
16S:1254,A,G,0.21875,0.046875,0.65625,0.078125,0,1.372737052
16S:1255,G,G,0,0,1,0,0,0
16S:1256,A,U,0.2421875,0.234375,0.015625,0.5,0.0078125,1.590077497
16S:1257,A,U,0.34375,0.1328125,0.0546875,0.4609375,0.0078125,1.668421936
16S:1258,G,G,0.015625,0.328125,0.6015625,0.0390625,0.015625,1.272418357
16S:1259,C,C,0.0078125,0.96875,0,0.015625,0.0078125,0.22691664
16S:1260,G,G,0.2265625,0.1015625,0.3671875,0.2890625,0.015625,1.879860988
16S:1261,A,A,0.828125,0.03125,0.0703125,0.0546875,0.015625,0.908841969
16S:1262,C,C,0.2578125,0.4140625,0.171875,0.140625,0.015625,1.876374581
16S:1263,C,C,0.2109375,0.4609375,0.265625,0.0390625,0.0234375,1.703003784
16S:1264,U,C,0.0078125,0.7421875,0.0390625,0.203125,0.0078125,1.040227218
16S:1265,C,C,0.0546875,0.7578125,0.0625,0.109375,0.015625,1.154683253
16S:1266,G,G,0.015625,0,0.9765625,0,0.0078125,0.16829807
16S:1267,C,C,0.40625,0.4296875,0.0625,0.09375,0.0078125,1.629784546
16S:1268,G,G,0.3828125,0.0625,0.546875,0,0.0078125,1.277767558
16S:1269,A,A,0.984375,0,0.0078125,0,0.0078125,0.119960689
16S:1270,G,G,0.0859375,0.0625,0.7890625,0.0546875,0.0078125,1.065429739
16S:1271,A,G,0.1328125,0.0390625,0.8125,0.0078125,0.0078125,0.885030695
16S:1272,G,G,0.0390625,0.1328125,0.4609375,0.34375,0.0234375,1.639484059
16S:1273,C,G,0.0625,0.203125,0.6484375,0.078125,0.0078125,1.419036301
16S:1274,A,G,0.2421875,0.1328125,0.4765625,0.140625,0.0078125,1.795811111
16S:1275,A,A,0.703125,0.0546875,0.15625,0.078125,0.0078125,1.302592586
16S:1276,G,G,0,0,0.9921875,0,0.0078125,0.061162852
16S:1277,C,C,0.0078125,0.609375,0.3671875,0.0078125,0.0078125,1.095197269
16S:1278,G,A,0.3828125,0.0703125,0.1796875,0.359375,0.0078125,1.781755229
16S:1279,G,A,0.6796875,0,0.0390625,0,0.28125,1.199077977
16S:1280,A,A,1,0,0,0,0,0
16S:1281,C,U,0.0390625,0.109375,0,0.8515625,0,0.729338275
16S:1282,C,C,0,0.984375,0.0078125,0.0078125,0,0.131740075
16S:1283,U,U,0.03125,0.3984375,0.109375,0.453125,0.0078125,1.56130783
16S:1284,C,C,0,0.78125,0.0390625,0.1796875,0,0.905959497
16S:1285,A,A,0.40625,0.21875,0.046875,0.3046875,0.0234375,1.758762427
16S:1286,U,U,0.125,0.109375,0.2421875,0.359375,0.1640625,1.885310485
16S:1287,A,A,0.984375,0,0,0.015625,0,0.116115075
16S:1288,A,A,0.984375,0.015625,0,0,0,0.116115075
16S:1289,A,A,0.890625,0.0703125,0,0.03125,0.0078125,0.600953799
16S:1290,G,C,0.2265625,0.4609375,0.265625,0.046875,0,1.715305466
16S:1291,U,C,0.03125,0.59375,0.1328125,0.2421875,0,1.485082461
16S:1292,G,C,0.0625,0.65625,0.0859375,0.1953125,0,1.413243625
16S:1293,C,G,0.21875,0.3125,0.3359375,0.1328125,0,1.919536607
16S:1294,G,G,0.2265625,0.0859375,0.484375,0.203125,0,1.76322812
16S:1295,U,U,0.03125,0.234375,0.03125,0.703125,0,1.160363308
16S:1296,C,C,0,0.9921875,0,0.0078125,0,0.065914412
16S:1297,G,G,0.0234375,0.0625,0.46875,0.4453125,0,1.40903864
16S:1298,U,U,0.03125,0.46875,0,0.5,0,1.168645033
16S:1299,A,A,0.828125,0,0.171875,0,0,0.661976064
16S:1300,G,G,0.1015625,0.0703125,0.8046875,0.0234375,0,0.983597788
16S:1301,U,U,0,0.03125,0,0.96875,0,0.200622324
16S:1302,C,U,0.0390625,0.21875,0.1171875,0.625,0,1.448646994
16S:1303,C,C,0.0234375,0.6953125,0.28125,0,0,1.006152634
16S:1304,G,G,0.0546875,0,0.9453125,0,0,0.305984874
16S:1305,G,G,0.0234375,0,0.9765625,0,0,0.160328726
16S:1306,A,A,0.9921875,0.0078125,0,0,0,0.065914412
16S:1307,U,U,0,0.0390625,0,0.9609375,0,0.237977151
16S:1308,U,U,0.109375,0.3203125,0.0078125,0.5546875,0.0078125,1.414744731
16S:1309,G,G,0,0,0.9921875,0,0.0078125,0.061162852
16S:1310,G,A,0.34375,0.21875,0.2578125,0.171875,0.0078125,1.954806163
16S:1311,A,G,0.4296875,0.0078125,0.4609375,0.09375,0.0078125,1.426779222
16S:1312,G,G,0.0078125,0.1875,0.75,0.046875,0.0078125,1.041889208
16S:1313,U,U,0.171875,0.015625,0.390625,0.4140625,0.0078125,1.597218478
16S:1314,C,C,0,0.796875,0,0.1953125,0.0078125,0.755965261
16S:1315,U,U,0,0,0,0.984375,0.015625,0.110557131
16S:1316,G,G,0,0,1,0,0,0
16S:1317,C,C,0.109375,0.7421875,0.015625,0.1328125,0,1.149014687
16S:1318,A,A,1,0,0,0,0,0
16S:1319,A,A,1,0,0,0,0,0
16S:1320,C,C,0,0.8203125,0,0.1796875,0,0.679392935
16S:1321,U,U,0,0.0703125,0.0078125,0.9140625,0.0078125,0.472647063
16S:1322,C,C,0.1484375,0.8046875,0.0390625,0,0.0078125,0.867675016
16S:1323,G,G,0.015625,0,0.796875,0.1875,0,0.807605587
16S:1324,A,C,0.390625,0.3984375,0.0234375,0.1875,0,1.638433676
16S:1325,C,C,0.0234375,0.734375,0.21875,0.015625,0.0078125,1.043281498
16S:1326,U,C,0.078125,0.453125,0.0390625,0.4296875,0,1.511198411
16S:1327,C,U,0.125,0.25,0.265625,0.359375,0,1.913612605
16S:1328,C,C,0,0.9921875,0,0.0078125,0,0.065914412
16S:1329,A,A,0.6015625,0,0.2890625,0.109375,0,1.307849164
16S:1330,U,U,0,0.03125,0,0.96875,0,0.200622324
16S:1331,G,G,0.0234375,0.078125,0.8984375,0,0,0.553081841
16S:1332,A,A,1,0,0,0,0,0
16S:1333,A,A,0.9921875,0.0078125,0,0,0,0.065914412
16S:1334,G,G,0,0.2734375,0.703125,0.0234375,0,0.995729908
16S:1335,U,G,0,0.3046875,0.3671875,0.328125,0,1.580674263
16S:1336,C,U,0.2265625,0.3671875,0,0.40625,0,1.543984451
16S:1337,G,G,0,0,1,0,0,0
16S:1338,G,G,0,0,1,0,0,0
16S:1339,A,A,1,0,0,0,0,0
16S:1340,A,A,0.859375,0,0.0625,0.078125,0,0.725243364
16S:1341,U,U,0,0,0,1,0,0
16S:1342,C,C,0,0.765625,0.0625,0.171875,0,0.981647966
16S:1343,G,G,0.0078125,0.3671875,0.5703125,0.0546875,0,1.276762865
16S:1344,C,C,0,0.8203125,0.1796875,0,0,0.679392935
16S:1345,U,U,0,0.0546875,0,0.9375,0.0078125,0.354414019
16S:1346,A,A,0.96875,0.015625,0,0.015625,0,0.231872324
16S:1347,G,G,0,0,1,0,0,0
16S:1348,U,U,0,0,0,1,0,0
16S:1349,A,A,1,0,0,0,0,0
16S:1350,A,A,0.953125,0.015625,0.03125,0,0,0.316015975
16S:1351,U,U,0,0.1171875,0.1875,0.6953125,0,1.179822388
16S:1352,C,C,0,0.90625,0.0078125,0.0859375,0,0.487659818
16S:1353,G,G,0.0078125,0,0.9921875,0,0,0.065914412
16S:1354,U,C,0,0.8046875,0.0078125,0.1875,0,0.759776138
16S:1355,G,G,0.3046875,0.0078125,0.6796875,0.0078125,0,1.010415854
16S:1356,G,G,0.1953125,0.0859375,0.515625,0.203125,0,1.724284398
16S:1357,A,A,0.453125,0.0390625,0.40625,0.1015625,0,1.563272501
16S:1358,U,U,0.0078125,0,0,0.9921875,0,0.065914412
16S:1359,C,C,0,0.984375,0,0.015625,0,0.116115075
16S:1360,A,A,1,0,0,0,0,0
16S:1361,G,G,0.1171875,0.0625,0.578125,0.2421875,0,1.564976612
16S:1362,A,-,0.2734375,0.21875,0,0.0390625,0.46875,1.839342853
16S:1363,A,A,0.984375,0,0,0.015625,0,0.116115075
16S:1364,U,U,0.09375,0.0703125,0.2265625,0.609375,0,1.510221118
16S:1365,G,G,0.1953125,0.328125,0.46875,0.0078125,0,1.554787717
16S:1366,C,C,0.046875,0.4453125,0.2421875,0.265625,0,1.730169312
16S:1367,C,C,0.0078125,0.640625,0.0078125,0.34375,0,1.050513628
16S:1368,A,G,0.171875,0.0078125,0.8203125,0,0,0.725755664
16S:1369,C,C,0,0.96875,0,0.03125,0,0.200622324
16S:1370,G,G,0.0234375,0.015625,0.9609375,0,0,0.275904909
16S:1371,G,G,0.015625,0.046875,0.796875,0.140625,0,0.959720235
16S:1372,U,U,0,0.046875,0,0.9453125,0.0078125,0.321895978
16S:1373,G,G,0,0,1,0,0,0
16S:1374,A,A,1,0,0,0,0,0
16S:1375,A,A,0.828125,0.0234375,0,0.140625,0.0078125,0.775833013
16S:1376,U,U,0,0.0078125,0,0.984375,0.0078125,0.119960689
16S:1377,A,A,0.90625,0,0.0625,0.0234375,0.0078125,0.533249739
16S:1378,C,C,0.046875,0.8671875,0,0.0859375,0,0.689502469
16S:1379,G,G,0,0,1,0,0,0
16S:1380,U,U,0,0.015625,0,0.984375,0,0.116115075
16S:1381,U,U,0,0.4765625,0,0.5234375,0,0.998414427
16S:1382,C,C,0,1,0,0,0,0
16S:1383,C,C,0,0.9609375,0,0.0390625,0,0.237977151
16S:1384,C,C,0,0.515625,0,0.484375,0,0.999295444
16S:1385,G,G,0.015625,0,0.984375,0,0,0.116115075
16S:1386,G,G,0.0078125,0.4765625,0.515625,0,0,1.05699227
16S:1387,G,G,0.0078125,0.2109375,0.515625,0.265625,0,1.529017883
16S:1388,C,C,0.015625,0.875,0.015625,0.09375,0,0.676224209
16S:1389,C,C,0,0.8046875,0,0.1953125,0,0.712453445
16S:1390,U,U,0.0078125,0,0,0.9921875,0,0.065914412
16S:1391,U,U,0,0,0,1,0,0
16S:1392,G,G,0,0,1,0,0,0
16S:1393,U,U,0,0.28125,0,0.71875,0,0.857148437
16S:1394,A,A,1,0,0,0,0,0
16S:1395,C,C,0,1,0,0,0,0
16S:1396,A,A,0.984375,0,0,0.015625,0,0.116115075
16S:1397,C,C,0,1,0,0,0,0
16S:1398,A,A,1,0,0,0,0,0
16S:1399,C,C,0,1,0,0,0,0
16S:1400,C,C,0,0.9765625,0,0.0234375,0,0.160328726
16S:1401,G,G,0,0,1,0,0,0
16S:1402,C,C,0,1,0,0,0,0
16S:1403,C,C,0,1,0,0,0,0
16S:1404,C,C,0,0.9921875,0,0.0078125,0,0.065914412
16S:1405,G,G,0,0,1,0,0,0
16S:1406,U,U,0,0.0078125,0,0.9921875,0,0.065914412
16S:1407,C,C,0,1,0,0,0,0
16S:1408,A,A,0.7265625,0,0.265625,0.0078125,0,0.897535109
16S:1409,C,C,0.2265625,0.7578125,0,0.015625,0,0.88224223
16S:1410,A,A,0.5703125,0,0.1640625,0.265625,0,1.397893787
16S:1411,C,C,0.109375,0.75,0.0546875,0.0859375,0,1.194026553
16S:1412,C,C,0,0.9453125,0.0234375,0.03125,0,0.359864537
16S:1413,A,A,0.8046875,0.015625,0,0.1796875,0,0.791004068
16S:1414,U,U,0.1640625,0.375,0,0.4609375,0,1.473493704
16S:1415,G,G,0,0.46875,0.53125,0,0,0.997180399
16S:1416,G,C,0.1484375,0.453125,0.375,0.015625,0.0078125,1.560993226
16S:1417,G,G,0.140625,0,0.84375,0.0078125,0.0078125,0.687934599
16S:1418,A,A,0.9921875,0,0,0,0.0078125,0.061162852
16S:1419,G,G,0.03125,0.0234375,0.765625,0.171875,0.0078125,1.029378198
16S:1420,U,U,0.0234375,0.15625,0.234375,0.578125,0.0078125,1.502990631
16S:1421,G,G,0.1640625,0.09375,0.421875,0.3125,0.0078125,1.803802252
16S:1422,G,G,0.3046875,0.0078125,0.59375,0.0859375,0.0078125,1.341676867
16S:1423,G,G,0.0625,0.0234375,0.734375,0.171875,0.0078125,1.153446081
16S:1424,U,G,0.03125,0.125,0.4453125,0.390625,0.0078125,1.589883138
16S:1425,U,U,0.2265625,0.1015625,0.2109375,0.453125,0.0078125,1.81738297
16S:1426,G,U,0.2578125,0.1875,0.2265625,0.3203125,0.0078125,1.973007916
16S:1427,C,C,0.015625,0.46875,0.1015625,0.40625,0.0078125,1.480559575
16S:1428,A,A,0.453125,0.0625,0.296875,0.1796875,0.0078125,1.739565455
16S:1429,A,C,0.203125,0.4765625,0.3046875,0.0078125,0.0078125,1.56574771
16S:1430,A,C,0.1875,0.4453125,0.3203125,0.0390625,0.0078125,1.689353429
16S:1431,A,U,0.1953125,0.3203125,0,0.4765625,0.0078125,1.514846054
16S:1432,G,G,0.0234375,0.015625,0.9296875,0.0234375,0.0078125,0.466771406
16S:1433,A,A,0.9921875,0,0,0,0.0078125,0.061162852
16S:1434,A,A,0.515625,0.0078125,0,0,0.4765625,1.525585873
16S:1435,G,G,0.078125,0,0.9140625,0,0.0078125,0.442763826
16S:1436,U,G,0.0390625,0.1484375,0.484375,0.3203125,0.0078125,1.632295164
16S:1437,A,C,0.1796875,0.546875,0.109375,0.15625,0.0078125,1.69547237
16S:1438,G,G,0.078125,0.34375,0.4921875,0.078125,0.0078125,1.615658552
16S:1439,G,G,0.1171875,0.2578125,0.375,0.2421875,0.0078125,1.89805706
16S:1440,U,U,0.0234375,0.1875,0.0703125,0.703125,0.015625,1.23064455
16S:1441,A,-,0.265625,0.0078125,0.2421875,0.0078125,0.4765625,1.816879699
16S:1442,G,G,0.15625,0.296875,0.4140625,0.1171875,0.015625,1.839377934
16S:1443,C,G,0.046875,0.28125,0.4375,0.171875,0.0625,1.740443412
16S:1444,U,C,0.0390625,0.453125,0.296875,0.1328125,0.078125,1.689670518
16S:1445,U,U,0.203125,0.2265625,0.0234375,0.4140625,0.1328125,1.750792711
16S:1446,A,-,0.4921875,0,0,0,0.5078125,1.562294539
16S:1447,A,-,0.4765625,0,0.015625,0,0.5078125,1.596392414
16S:1448,C,C,0,0.609375,0.0390625,0.1171875,0.234375,1.397320574
16S:1449,C,C,0.015625,0.5859375,0.03125,0.0859375,0.28125,1.456619613
16S:1450,U,G,0.078740157,0.094488189,0.464566929,0.338582677,0.023622047,1.681344601
16S:1451,U,U,0.0859375,0.4140625,0.0234375,0.4765625,0,1.467473461
16S:1452,C,A,0.5078125,0.2421875,0.046875,0.1796875,0.0234375,1.667349815
16S:1453,G,A,0.4921875,0.078125,0.25,0.0546875,0.125,1.657015683
16S:1454,G,G,0.015625,0.0625,0.6328125,0.015625,0.2734375,1.343317741
16S:1455,G,G,0.140625,0.015625,0.6015625,0.0078125,0.234375,1.397500749
16S:1456,A,-,0.390625,0,0.0703125,0,0.5390625,1.735946231
16S:1457,G,G,0.1171875,0.015625,0.6953125,0.03125,0.140625,1.222685409
16S:1458,G,G,0.2109375,0.0546875,0.5703125,0.078125,0.0859375,1.551583184
16S:1459,G,G,0.2734375,0.25,0.375,0.0390625,0.0625,1.784626523
16S:1460,C,A,0.3046875,0.296875,0.28125,0.1015625,0.015625,1.90320157
16S:1461,G,G,0.140625,0.0703125,0.65625,0.1171875,0.015625,1.446136298
16S:1462,C,C,0.1171875,0.421875,0.234375,0.21875,0.0078125,1.863487755
16S:1463,U,G,0.0625,0.3046875,0.3515625,0.2734375,0.0078125,1.820567754
16S:1464,U,G,0.1328125,0.0546875,0.546875,0.2578125,0.0078125,1.604500007
16S:1465,A,U,0.2421875,0.2265625,0.0625,0.4609375,0.0078125,1.752631126
16S:1466,C,C,0,0.8984375,0,0.09375,0.0078125,0.495437582
16S:1467,C,G,0.109375,0.2734375,0.4921875,0.1171875,0.0078125,1.733156595
16S:1468,A,A,0.9921875,0,0,0,0.0078125,0.061162852
16S:1469,C,A,0.5859375,0.25,0.125,0.03125,0.0078125,1.492756612
16S:1470,U,G,0.03125,0.3125,0.453125,0.1953125,0.0078125,1.666798404
16S:1471,U,G,0.0078125,0.2890625,0.4765625,0.21875,0.0078125,1.573394008
16S:1472,U,U,0.0390625,0.1796875,0.015625,0.7578125,0.0078125,1.039608577
16S:1473,G,G,0.2734375,0.0703125,0.5703125,0.078125,0.0078125,1.538769715
16S:1474,U,G,0.25,0.0390625,0.5,0.203125,0.0078125,1.657952597
16S:1475,G,G,0.046875,0.078125,0.6640625,0.203125,0.0078125,1.363673945
16S:1476,A,G,0.21875,0.2734375,0.3203125,0.1796875,0.0078125,1.966910355
16S:1477,U,U,0.140625,0.3046875,0.046875,0.5,0.0078125,1.635440304
16S:1478,U,U,0.0703125,0.3203125,0.0078125,0.59375,0.0078125,1.310809498
16S:1479,C,C,0.203125,0.375,0.21875,0.1953125,0.0078125,1.942383652
16S:1480,A,G,0.2265625,0.0390625,0.5078125,0.21875,0.0078125,1.65227534
16S:1481,U,U,0.171875,0.34375,0.0234375,0.453125,0.0078125,1.619985262
16S:1482,G,G,0.2265625,0,0.765625,0,0.0078125,0.814730128
16S:1483,A,A,0.9921875,0,0,0,0.0078125,0.061162852
16S:1484,C,G,0.0078125,0.375,0.4609375,0.1484375,0.0078125,1.521233277
16S:1485,U,U,0,0.0234375,0.46875,0.5078125,0,1.13576382
16S:1486,G,G,0.25,0,0.75,0,0,0.811278124
16S:1487,G,G,0.1796875,0,0.8203125,0,0,0.679392935
16S:1488,G,G,0,0.0234375,0.9765625,0,0,0.160328726
16S:1489,G,G,0.09375,0.0546875,0.7421875,0.109375,0,1.217888389
16S:1490,U,U,0.265625,0.15625,0,0.578125,0,1.383501191
16S:1491,G,G,0.125,0,0.6484375,0.2265625,0,1.26554905
16S:1492,A,A,1,0,0,0,0,0
16S:1493,A,A,1,0,0,0,0,0
16S:1494,G,G,0,0.0078125,0.984375,0.0078125,0,0.131740075
16S:1495,U,U,0,0,0,1,0,0
16S:1496,C,C,0,1,0,0,0,0
16S:1497,G,G,0.0078125,0,0.9921875,0,0,0.065914412
16S:1498,U,U,0.0078125,0,0,0.9921875,0,0.065914412
16S:1499,A,A,0.9921875,0.0078125,0,0,0,0.065914412
16S:1500,A,A,1,0,0,0,0,0
16S:1501,C,C,0,1,0,0,0,0
16S:1502,A,A,1,0,0,0,0,0
16S:1503,A,A,0.9921875,0,0,0,0.0078125,0.061162852
16S:1504,G,G,0,0,0.9921875,0,0.0078125,0.061162852
16S:1505,G,G,0,0,1,0,0,0
16S:1506,U,U,0,0,0,1,0,0
16S:1507,A,A,0.8359375,0,0.015625,0.1484375,0,0.718378201
16S:1508,A,G,0.0625,0,0.7421875,0.1953125,0,1.029432129
16S:1509,C,C,0,1,0,0,0,0
16S:1510,C,C,0.0078125,0.9140625,0.015625,0.0625,0,0.516932249
16S:1511,G,G,0,0.0234375,0.9765625,0,0,0.160328726
16S:1512,U,U,0,0,0,1,0,0
16S:1513,A,A,1,0,0,0,0,0
16S:1514,G,G,0,0.1953125,0.71875,0.0859375,0,1.106891777
16S:1515,G,G,0.0078125,0.265625,0.7265625,0,0,0.897535109
16S:1516,G,G,0,0,0.796875,0.203125,0,0.728134238
16S:1517,G,G,0,0,1,0,0,0
16S:1518,A,A,1,0,0,0,0,0
16S:1519,A,A,1,0,0,0,0,0
16S:1520,C,C,0,0.6015625,0.265625,0.1328125,0,1.335912746
16S:1521,C,C,0,0.71875,0.28125,0,0,0.857148437
16S:1522,U,U,0,0,0,1,0,0
16S:1523,G,G,0.015625,0,0.984375,0,0,0.116115075
16S:1524,C,C,0,0.9296875,0.0234375,0.046875,0,0.431656435
16S:1525,G,G,0.0546875,0.0078125,0.9375,0,0,0.371262844
16S:1526,G,G,0,0,1,0,0,0
16S:1527,U,C,0.1875,0.734375,0,0.078125,0,1.067267711
16S:1528,U,U,0.140625,0.015625,0.03125,0.8125,0,0.891372026
16S:1529,G,G,0,0.015625,0.984375,0,0,0.116115075
16S:1530,G,G,0.0234375,0,0.9453125,0,0.03125,0.331640975
16S:1531,A,A,0.9453125,0,0,0.0234375,0.03125,0.331640975
16S:1532,U,U,0.0234375,0.0234375,0,0.921875,0.03125,0.464974111
16S:1533,C,C,0.0234375,0.9375,0,0.0078125,0.03125,0.381387096
16S:1534,A,A,0.9453125,0.015625,0,0.0078125,0.03125,0.341368417
16S:1535,C,C,0,0.7734375,0,0.1875,0.0390625,0.868497129
16S:1536,C,C,0.0078125,0.7578125,0.0078125,0.1796875,0.046875,0.969202064
16S:1537,U,U,0.1171875,0.03125,0.0234375,0.7734375,0.0546875,1.033205385
16S:1538,C,C,0.0078125,0.71875,0,0.015625,0.2578125,1.09666945
16S:1539,C,C,0,0.7109375,0,0.0078125,0.28125,1.104191016
16S:1540,U,U,0.03125,0.015625,0,0.625,0.328125,1.333247558
16S:1541,U,-,0.0234375,0,0,0.4296875,0.546875,1.672670854
16S:1542,A,-,0.0546875,0,0.015625,0.3046875,0.625,1.843719063
