resNum,DataCol
16S:1,4000
16S:2,3999
16S:3,3998
16S:4,3997
16S:5,3996
16S:6,3995
16S:7,3994
16S:8,3993
16S:9,3992
16S:10,3991
16S:11,3990
16S:12,3989
16S:13,3988
16S:14,3987
16S:15,3986
16S:16,3985
16S:17,3984
16S:18,3983
16S:19,3982
16S:20,3981
16S:21,3980
16S:22,3979
16S:23,3978
16S:24,3977
16S:25,3976
16S:26,3975
16S:27,3974
16S:28,3973
16S:29,3972
16S:30,3971
16S:31,3970
16S:32,3969
16S:33,3968
16S:34,3967
16S:35,3966
16S:36,3965
16S:37,3964
16S:38,3963
16S:39,3962
16S:40,3961
16S:41,3960
16S:42,3959
16S:43,3958
16S:44,3957
16S:45,3956
16S:46,3955
16S:47,3954
16S:48,3953
16S:49,3952
16S:50,3951
16S:51,3950
16S:52,3949
16S:53,3948
16S:54,3947
16S:55,3946
16S:56,3945
16S:57,3944
16S:58,3943
16S:59,3942
16S:60,3941
16S:61,3940
16S:62,3939
16S:63,3938
16S:64,3937
16S:65,3936
16S:66,3935
16S:67,3934
16S:68,3933
16S:69,3932
16S:70,3931
16S:71,3930
16S:72,3929
16S:73,3928
16S:76,3927
16S:77,3926
16S:78,3925
16S:79,3924
16S:80,3923
16S:81,3922
16S:82,3921
16S:83,3920
16S:84,3919
16S:88,3918
16S:89,3917
16S:90,3916
16S:91,3915
16S:92,3914
16S:93,3913
16S:96,3912
16S:97,3911
16S:98,3910
16S:99,3909
16S:100,3908
16S:101,3907
16S:102,3906
16S:103,3905
16S:104,3904
16S:105,3903
16S:106,3902
16S:107,3901
16S:108,3900
16S:109,3899
16S:110,3898
16S:111,3897
16S:112,3896
16S:113,3895
16S:114,3894
16S:115,3893
16S:116,3892
16S:117,3891
16S:118,3890
16S:119,3889
16S:120,3888
16S:121,3887
16S:122,3886
16S:123,3885
16S:124,3884
16S:125,3883
16S:126,3882
16S:127,3881
16S:128,3880
16S:129,3879
16S:129A,3878
16S:130,3877
16S:131,3876
16S:132,3875
16S:133,3874
16S:134,3873
16S:135,3872
16S:136,3871
16S:137,3870
16S:138,3869
16S:139,3868
16S:140,3867
16S:141,3866
16S:142,3865
16S:143,3864
16S:144,3863
16S:145,3862
16S:146,3861
16S:147,3860
16S:148,3859
16S:149,3858
16S:150,3857
16S:151,3856
16S:152,3855
16S:153,3854
16S:154,3853
16S:155,3852
16S:156,3851
16S:157,3850
16S:158,3849
16S:159,3848
16S:160,3847
16S:161,3846
16S:162,3845
16S:163,3844
16S:164,3843
16S:165,3842
16S:166,3841
16S:167,3840
16S:168,3839
16S:169,3838
16S:170,3837
16S:171,3836
16S:172,3835
16S:173,3834
16S:174,3833
16S:175,3832
16S:176,3831
16S:177,3830
16S:178,3829
16S:179,3828
16S:180,3827
16S:181,3826
16S:182,3825
16S:183,3824
16S:184,3823
16S:185,3822
16S:186,3821
16S:187,3820
16S:188,3819
16S:189,3818
16S:189A,3817
16S:189B,3816
16S:189C,3815
16S:189D,3814
16S:189E,3813
16S:189F,3812
16S:189G,3811
16S:189H,3810
16S:189I,3809
16S:189J,3808
16S:189K,3807
16S:189L,3806
16S:190,3805
16S:191,3804
16S:192,3803
16S:193,3802
16S:194,3801
16S:195,3800
16S:196,3799
16S:197,3798
16S:198,3797
16S:199,3796
16S:200,3795
16S:201,3794
16S:202,3793
16S:203,3792
16S:204,3791
16S:216,3790
16S:217,3789
16S:218,3788
16S:219,3787
16S:220,3786
16S:221,3785
16S:222,3784
16S:223,3783
16S:224,3782
16S:225,3781
16S:226,3780
16S:227,3779
16S:228,3778
16S:229,3777
16S:230,3776
16S:231,3775
16S:232,3774
16S:233,3773
16S:234,3772
16S:235,3771
16S:236,3770
16S:237,3769
16S:238,3768
16S:239,3767
16S:240,3766
16S:241,3765
16S:242,3764
16S:243,3763
16S:244,3762
16S:245,3761
16S:246,3760
16S:247,3759
16S:248,3758
16S:249,3757
16S:250,3756
16S:251,3755
16S:252,3754
16S:253,3753
16S:254,3752
16S:255,3751
16S:256,3750
16S:257,3749
16S:258,3748
16S:259,3747
16S:260,3746
16S:261,3745
16S:262,3744
16S:263,3743
16S:264,3742
16S:265,3741
16S:266,3740
16S:267,3739
16S:268,3738
16S:269,3737
16S:270,3736
16S:271,3735
16S:272,3734
16S:273,3733
16S:274,3732
16S:275,3731
16S:276,3730
16S:277,3729
16S:278,3728
16S:279,3727
16S:280,3726
16S:281,3725
16S:282,3724
16S:283,3723
16S:284,3722
16S:285,3721
16S:286,3720
16S:287,3719
16S:288,3718
16S:289,3717
16S:290,3716
16S:291,3715
16S:292,3714
16S:293,3713
16S:294,3712
16S:295,3711
16S:296,3710
16S:297,3709
16S:298,3708
16S:299,3707
16S:300,3706
16S:301,3705
16S:302,3704
16S:303,3703
16S:304,3702
16S:305,3701
16S:306,3700
16S:307,3699
16S:308,3698
16S:309,3697
16S:310,3696
16S:311,3695
16S:312,3694
16S:313,3693
16S:314,3692
16S:315,3691
16S:316,3690
16S:317,3689
16S:318,3688
16S:319,3687
16S:320,3686
16S:321,3685
16S:322,3684
16S:323,3683
16S:324,3682
16S:325,3681
16S:326,3680
16S:327,3679
16S:328,3678
16S:329,3677
16S:330,3676
16S:331,3675
16S:332,3674
16S:333,3673
16S:334,3672
16S:335,3671
16S:336,3670
16S:337,3669
16S:338,3668
16S:339,3667
16S:340,3666
16S:341,3665
16S:342,3664
16S:343,3663
16S:344,3662
16S:345,3661
16S:346,3660
16S:347,3659
16S:348,3658
16S:349,3657
16S:350,3656
16S:351,3655
16S:352,3654
16S:353,3653
16S:354,3652
16S:355,3651
16S:356,3650
16S:357,3649
16S:358,3648
16S:359,3647
16S:360,3646
16S:361,3645
16S:362,3644
16S:363,3643
16S:364,3642
16S:365,3641
16S:366,3640
16S:367,3639
16S:368,3638
16S:369,3637
16S:370,3636
16S:371,3635
16S:372,3634
16S:373,3633
16S:374,3632
16S:375,3631
16S:376,3630
16S:377,3629
16S:378,3628
16S:379,3627
16S:380,3626
16S:381,3625
16S:382,3624
16S:383,3623
16S:384,3622
16S:385,3621
16S:386,3620
16S:387,3619
16S:388,3618
16S:389,3617
16S:390,3616
16S:391,3615
16S:392,3614
16S:393,3613
16S:394,3612
16S:395,3611
16S:396,3610
16S:397,3609
16S:398,3608
16S:399,3607
16S:400,3606
16S:401,3605
16S:402,3604
16S:403,3603
16S:404,3602
16S:405,3601
16S:406,3600
16S:407,3599
16S:408,3598
16S:409,3597
16S:410,3596
16S:411,3595
16S:412,3594
16S:413,3593
16S:414,3592
16S:415,3591
16S:416,3590
16S:417,3589
16S:418,3588
16S:419,3587
16S:420,3586
16S:421,3585
16S:422,3584
16S:423,3583
16S:424,3582
16S:425,3581
16S:426,3580
16S:427,3579
16S:428,3578
16S:429,3577
16S:430,3576
16S:431,3575
16S:432,3574
16S:433,3573
16S:434,3572
16S:435,3571
16S:436,3570
16S:437,3569
16S:438,3568
16S:439,3567
16S:441,3566
16S:442,3565
16S:443,3564
16S:444,3563
16S:445,3562
16S:446,3561
16S:447,3560
16S:448,3559
16S:449,3558
16S:450,3557
16S:451,3556
16S:452,3555
16S:453,3554
16S:454,3553
16S:455,3552
16S:456,3551
16S:457,3550
16S:458,3549
16S:460,3548
16S:461,3547
16S:470,3546
16S:471,3545
16S:472,3544
16S:473,3543
16S:474,3542
16S:475,3541
16S:476,3540
16S:477,3539
16S:479,3538
16S:480,3537
16S:481,3536
16S:482,3535
16S:483,3534
16S:484,3533
16S:485,3532
16S:486,3531
16S:487,3530
16S:488,3529
16S:489,3528
16S:490,3527
16S:491,3526
16S:492,3525
16S:493,3524
16S:494,3523
16S:495,3522
16S:496,3521
16S:498,3520
16S:499,3519
16S:500,3518
16S:501,3517
16S:502,3516
16S:503,3515
16S:504,3514
16S:505,3513
16S:506,3512
16S:507,3511
16S:508,3510
16S:509,3509
16S:510,3508
16S:511,3507
16S:512,3506
16S:513,3505
16S:514,3504
16S:515,3503
16S:516,3502
16S:517,3501
16S:518,3500
16S:519,3499
16S:520,3498
16S:521,3497
16S:522,3496
16S:523,3495
16S:524,3494
16S:525,3493
16S:526,3492
16S:527,3491
16S:528,3490
16S:529,3489
16S:530,3488
16S:531,3487
16S:532,3486
16S:533,3485
16S:534,3484
16S:535,3483
16S:536,3482
16S:537,3481
16S:538,3480
16S:539,3479
16S:540,3478
16S:541,3477
16S:542,3476
16S:543,3475
16S:544,3474
16S:545,3473
16S:546,3472
16S:547,3471
16S:548,3470
16S:549,3469
16S:550,3468
16S:551,3467
16S:552,3466
16S:553,3465
16S:554,3464
16S:555,3463
16S:556,3462
16S:557,3461
16S:558,3460
16S:559,3459
16S:560,3458
16S:561,3457
16S:562,3456
16S:563,3455
16S:564,3454
16S:565,3453
16S:566,3452
16S:567,3451
16S:568,3450
16S:569,3449
16S:570,3448
16S:571,3447
16S:572,3446
16S:573,3445
16S:574,3444
16S:575,3443
16S:576,3442
16S:577,3441
16S:578,3440
16S:579,3439
16S:580,3438
16S:581,3437
16S:582,3436
16S:583,3435
16S:584,3434
16S:585,3433
16S:586,3432
16S:587,3431
16S:588,3430
16S:589,3429
16S:590,3428
16S:591,3427
16S:592,3426
16S:593,3425
16S:594,3424
16S:595,3423
16S:596,3422
16S:597,3421
16S:598,3420
16S:599,3419
16S:600,3418
16S:601,3417
16S:602,3416
16S:603,3415
16S:604,3414
16S:605,3413
16S:606,3412
16S:607,3411
16S:608,3410
16S:609,3409
16S:610,3408
16S:611,3407
16S:612,3406
16S:613,3405
16S:614,3404
16S:615,3403
16S:616,3402
16S:617,3401
16S:618,3400
16S:619,3399
16S:620,3398
16S:621,3397
16S:622,3396
16S:623,3395
16S:624,3394
16S:625,3393
16S:626,3392
16S:627,3391
16S:628,3390
16S:629,3389
16S:630,3388
16S:631,3387
16S:632,3386
16S:633,3385
16S:634,3384
16S:635,3383
16S:636,3382
16S:637,3381
16S:638,3380
16S:639,3379
16S:640,3378
16S:641,3377
16S:642,3376
16S:643,3375
16S:644,3374
16S:645,3373
16S:646,3372
16S:647,3371
16S:648,3370
16S:649,3369
16S:650,3368
16S:651,3367
16S:652,3366
16S:653,3365
16S:654,3364
16S:655,3363
16S:656,3362
16S:657,3361
16S:658,3360
16S:659,3359
16S:660,3358
16S:661,3357
16S:662,3356
16S:663,3355
16S:664,3354
16S:665,3353
16S:666,3352
16S:667,3351
16S:668,3350
16S:669,3349
16S:670,3348
16S:671,3347
16S:672,3346
16S:673,3345
16S:674,3344
16S:675,3343
16S:676,3342
16S:677,3341
16S:678,3340
16S:679,3339
16S:680,3338
16S:681,3337
16S:682,3336
16S:683,3335
16S:684,3334
16S:685,3333
16S:686,3332
16S:687,3331
16S:688,3330
16S:689,3329
16S:690,3328
16S:691,3327
16S:692,3326
16S:693,3325
16S:694,3324
16S:695,3323
16S:696,3322
16S:697,3321
16S:698,3320
16S:699,3319
16S:700,3318
16S:701,3317
16S:702,3316
16S:703,3315
16S:704,3314
16S:705,3313
16S:706,3312
16S:707,3311
16S:708,3310
16S:709,3309
16S:710,3308
16S:711,3307
16S:712,3306
16S:713,3305
16S:714,3304
16S:715,3303
16S:716,3302
16S:717,3301
16S:718,3300
16S:719,3299
16S:720,3298
16S:721,3297
16S:722,3296
16S:723,3295
16S:724,3294
16S:725,3293
16S:726,3292
16S:727,3291
16S:728,3290
16S:729,3289
16S:730,3288
16S:731,3287
16S:732,3286
16S:733,3285
16S:734,3284
16S:735,3283
16S:736,3282
16S:737,3281
16S:738,3280
16S:739,3279
16S:740,3278
16S:741,3277
16S:742,3276
16S:743,3275
16S:744,3274
16S:745,3273
16S:746,3272
16S:747,3271
16S:748,3270
16S:749,3269
16S:750,3268
16S:751,3267
16S:752,3266
16S:753,3265
16S:754,3264
16S:755,3263
16S:756,3262
16S:757,3261
16S:758,3260
16S:759,3259
16S:760,3258
16S:761,3257
16S:762,3256
16S:763,3255
16S:764,3254
16S:765,3253
16S:766,3252
16S:767,3251
16S:768,3250
16S:769,3249
16S:770,3248
16S:771,3247
16S:772,3246
16S:773,3245
16S:774,3244
16S:775,3243
16S:776,3242
16S:777,3241
16S:778,3240
16S:779,3239
16S:780,3238
16S:781,3237
16S:782,3236
16S:783,3235
16S:784,3234
16S:785,3233
16S:786,3232
16S:787,3231
16S:788,3230
16S:789,3229
16S:790,3228
16S:791,3227
16S:792,3226
16S:793,3225
16S:794,3224
16S:795,3223
16S:796,3222
16S:797,3221
16S:798,3220
16S:799,3219
16S:800,3218
16S:801,3217
16S:802,3216
16S:803,3215
16S:804,3214
16S:805,3213
16S:806,3212
16S:807,3211
16S:808,3210
16S:809,3209
16S:810,3208
16S:811,3207
16S:812,3206
16S:813,3205
16S:814,3204
16S:815,3203
16S:816,3202
16S:817,3201
16S:818,3200
16S:819,3199
16S:820,3198
16S:821,3197
16S:822,3196
16S:823,3195
16S:824,3194
16S:825,3193
16S:826,3192
16S:827,3191
16S:828,3190
16S:829,3189
16S:830,3188
16S:831,3187
16S:832,3186
16S:833,3185
16S:834,3184
16S:835,3183
16S:836,3182
16S:837,3181
16S:838,3180
16S:839,3179
16S:840,3178
16S:841,3177
16S:848,3176
16S:849,3175
16S:850,3174
16S:851,3173
16S:852,3172
16S:853,3171
16S:854,3170
16S:855,3169
16S:856,3168
16S:857,3167
16S:858,3166
16S:859,3165
16S:860,3164
16S:861,3163
16S:862,3162
16S:863,3161
16S:864,3160
16S:865,3159
16S:866,3158
16S:867,3157
16S:868,3156
16S:869,3155
16S:870,3154
16S:871,3153
16S:872,3152
16S:873,3151
16S:874,3150
16S:875,3149
16S:876,3148
16S:877,3147
16S:878,3146
16S:879,3145
16S:880,3144
16S:881,3143
16S:882,3142
16S:883,3141
16S:884,3140
16S:885,3139
16S:886,3138
16S:887,3137
16S:888,3136
16S:889,3135
16S:890,3134
16S:891,3133
16S:892,3132
16S:893,3131
16S:894,3130
16S:895,3129
16S:896,3128
16S:897,3127
16S:898,3126
16S:899,3125
16S:900,3124
16S:901,3123
16S:902,3122
16S:903,3121
16S:904,3120
16S:905,3119
16S:906,3118
16S:907,3117
16S:908,3116
16S:909,3115
16S:910,3114
16S:911,3113
16S:912,3112
16S:913,3111
16S:914,3110
16S:915,3109
16S:916,3108
16S:917,3107
16S:918,3106
16S:919,3105
16S:920,3104
16S:921,3103
16S:922,3102
16S:923,3101
16S:924,3100
16S:925,3099
16S:926,3098
16S:927,3097
16S:928,3096
16S:929,3095
16S:930,3094
16S:931,3093
16S:932,3092
16S:933,3091
16S:934,3090
16S:935,3089
16S:936,3088
16S:937,3087
16S:938,3086
16S:939,3085
16S:940,3084
16S:941,3083
16S:942,3082
16S:943,3081
16S:944,3080
16S:945,3079
16S:946,3078
16S:947,3077
16S:948,3076
16S:949,3075
16S:950,3074
16S:951,3073
16S:952,3072
16S:953,3071
16S:954,3070
16S:955,3069
16S:956,3068
16S:957,3067
16S:958,3066
16S:959,3065
16S:960,3064
16S:961,3063
16S:962,3062
16S:963,3061
16S:964,3060
16S:965,3059
16S:966,3058
16S:967,3057
16S:968,3056
16S:969,3055
16S:970,3054
16S:971,3053
16S:972,3052
16S:973,3051
16S:974,3050
16S:975,3049
16S:976,3048
16S:977,3047
16S:978,3046
16S:979,3045
16S:980,3044
16S:981,3043
16S:982,3042
16S:983,3041
16S:984,3040
16S:985,3039
16S:986,3038
16S:987,3037
16S:988,3036
16S:989,3035
16S:990,3034
16S:991,3033
16S:992,3032
16S:993,3031
16S:994,3030
16S:995,3029
16S:996,3028
16S:997,3027
16S:998,3026
16S:999,3025
16S:1000,3024
16S:1001,3023
16S:1001A,3022
16S:1002,3021
16S:1003,3020
16S:1004,3019
16S:1005,3018
16S:1006,3017
16S:1007,3016
16S:1008,3015
16S:1009,3014
16S:1010,3013
16S:1011,3012
16S:1012,3011
16S:1013,3010
16S:1014,3009
16S:1015,3008
16S:1016,3007
16S:1017,3006
16S:1018,3005
16S:1019,3004
16S:1020,3003
16S:1021,3002
16S:1022,3001
16S:1023,3000
16S:1024,2999
16S:1025,2998
16S:1026,2997
16S:1027,2996
16S:1028,2995
16S:1029,2994
16S:1030,2993
16S:1030A,2992
16S:1030B,2991
16S:1030C,2990
16S:1030D,2989
16S:1031,2988
16S:1032,2987
16S:1033,2986
16S:1034,2985
16S:1035,2984
16S:1036,2983
16S:1037,2982
16S:1038,2981
16S:1039,2980
16S:1040,2979
16S:1041,2978
16S:1042,2977
16S:1043,2976
16S:1044,2975
16S:1045,2974
16S:1046,2973
16S:1047,2972
16S:1048,2971
16S:1049,2970
16S:1050,2969
16S:1051,2968
16S:1052,2967
16S:1053,2966
16S:1054,2965
16S:1055,2964
16S:1056,2963
16S:1057,2962
16S:1058,2961
16S:1059,2960
16S:1060,2959
16S:1061,2958
16S:1062,2957
16S:1063,2956
16S:1064,2955
16S:1065,2954
16S:1066,2953
16S:1067,2952
16S:1068,2951
16S:1069,2950
16S:1070,2949
16S:1071,2948
16S:1072,2947
16S:1073,2946
16S:1074,2945
16S:1075,2944
16S:1076,2943
16S:1077,2942
16S:1078,2941
16S:1079,2940
16S:1080,2939
16S:1081,2938
16S:1082,2937
16S:1083,2936
16S:1084,2935
16S:1085,2934
16S:1086,2933
16S:1087,2932
16S:1088,2931
16S:1089,2930
16S:1090,2929
16S:1091,2928
16S:1092,2927
16S:1093,2926
16S:1094,2925
16S:1095,2924
16S:1096,2923
16S:1097,2922
16S:1098,2921
16S:1099,2920
16S:1100,2919
16S:1101,2918
16S:1102,2917
16S:1103,2916
16S:1104,2915
16S:1105,2914
16S:1106,2913
16S:1107,2912
16S:1108,2911
16S:1109,2910
16S:1110,2909
16S:1111,2908
16S:1112,2907
16S:1113,2906
16S:1114,2905
16S:1115,2904
16S:1116,2903
16S:1117,2902
16S:1118,2901
16S:1119,2900
16S:1120,2899
16S:1121,2898
16S:1122,2897
16S:1123,2896
16S:1124,2895
16S:1125,2894
16S:1126,2893
16S:1127,2892
16S:1128,2891
16S:1129,2890
16S:1130,2889
16S:1131,2888
16S:1132,2887
16S:1133,2886
16S:1134,2885
16S:1135,2884
16S:1136,2883
16S:1137,2882
16S:1138,2881
16S:1139,2880
16S:1140,2879
16S:1141,2878
16S:1142,2877
16S:1143,2876
16S:1144,2875
16S:1145,2874
16S:1146,2873
16S:1147,2872
16S:1148,2871
16S:1149,2870
16S:1150,2869
16S:1151,2868
16S:1152,2867
16S:1153,2866
16S:1154,2865
16S:1155,2864
16S:1156,2863
16S:1157,2862
16S:1158,2861
16S:1159,2860
16S:1160,2859
16S:1161,2858
16S:1162,2857
16S:1163,2856
16S:1164,2855
16S:1165,2854
16S:1166,2853
16S:1168,2852
16S:1169,2851
16S:1170,2850
16S:1171,2849
16S:1172,2848
16S:1173,2847
16S:1174,2846
16S:1175,2845
16S:1176,2844
16S:1177,2843
16S:1178,2842
16S:1179,2841
16S:1180,2840
16S:1181,2839
16S:1182,2838
16S:1183,2837
16S:1184,2836
16S:1185,2835
16S:1186,2834
16S:1187,2833
16S:1188,2832
16S:1189,2831
16S:1190,2830
16S:1191,2829
16S:1192,2828
16S:1193,2827
16S:1194,2826
16S:1195,2825
16S:1196,2824
16S:1197,2823
16S:1198,2822
16S:1199,2821
16S:1200,2820
16S:1201,2819
16S:1202,2818
16S:1203,2817
16S:1204,2816
16S:1205,2815
16S:1206,2814
16S:1207,2813
16S:1208,2812
16S:1209,2811
16S:1210,2810
16S:1211,2809
16S:1212,2808
16S:1213,2807
16S:1214,2806
16S:1215,2805
16S:1216,2804
16S:1217,2803
16S:1218,2802
16S:1219,2801
16S:1220,2800
16S:1221,2799
16S:1222,2798
16S:1223,2797
16S:1224,2796
16S:1225,2795
16S:1226,2794
16S:1227,2793
16S:1228,2792
16S:1229,2791
16S:1230,2790
16S:1231,2789
16S:1232,2788
16S:1233,2787
16S:1234,2786
16S:1235,2785
16S:1236,2784
16S:1237,2783
16S:1238,2782
16S:1239,2781
16S:1240,2780
16S:1241,2779
16S:1242,2778
16S:1243,2777
16S:1244,2776
16S:1245,2775
16S:1246,2774
16S:1247,2773
16S:1248,2772
16S:1249,2771
16S:1250,2770
16S:1251,2769
16S:1252,2768
16S:1253,2767
16S:1254,2766
16S:1255,2765
16S:1256,2764
16S:1257,2763
16S:1258,2762
16S:1259,2761
16S:1260,2760
16S:1261,2759
16S:1262,2758
16S:1263,2757
16S:1264,2756
16S:1265,2755
16S:1266,2754
16S:1267,2753
16S:1268,2752
16S:1269,2751
16S:1270,2750
16S:1271,2749
16S:1272,2748
16S:1273,2747
16S:1274,2746
16S:1275,2745
16S:1276,2744
16S:1277,2743
16S:1278,2742
16S:1279,2741
16S:1280,2740
16S:1281,2739
16S:1282,2738
16S:1283,2737
16S:1284,2736
16S:1285,2735
16S:1286,2734
16S:1287,2733
16S:1288,2732
16S:1289,2731
16S:1290,2730
16S:1291,2729
16S:1292,2728
16S:1293,2727
16S:1294,2726
16S:1295,2725
16S:1296,2724
16S:1297,2723
16S:1298,2722
16S:1299,2721
16S:1300,2720
16S:1301,2719
16S:1302,2718
16S:1303,2717
16S:1304,2716
16S:1305,2715
16S:1306,2714
16S:1307,2713
16S:1308,2712
16S:1309,2711
16S:1310,2710
16S:1311,2709
16S:1312,2708
16S:1313,2707
16S:1314,2706
16S:1315,2705
16S:1316,2704
16S:1317,2703
16S:1318,2702
16S:1319,2701
16S:1320,2700
16S:1321,2699
16S:1322,2698
16S:1323,2697
16S:1324,2696
16S:1325,2695
16S:1326,2694
16S:1327,2693
16S:1328,2692
16S:1329,2691
16S:1330,2690
16S:1331,2689
16S:1332,2688
16S:1333,2687
16S:1334,2686
16S:1335,2685
16S:1336,2684
16S:1337,2683
16S:1338,2682
16S:1339,2681
16S:1340,2680
16S:1341,2679
16S:1342,2678
16S:1343,2677
16S:1344,2676
16S:1345,2675
16S:1346,2674
16S:1347,2673
16S:1348,2672
16S:1349,2671
16S:1350,2670
16S:1351,2669
16S:1352,2668
16S:1353,2667
16S:1354,2666
16S:1355,2665
16S:1356,2664
16S:1357,2663
16S:1358,2662
16S:1359,2661
16S:1360,2660
16S:1361,2659
16S:1362,2658
16S:1363,2657
16S:1363A,2656
16S:1364,2655
16S:1365,2654
16S:1366,2653
16S:1367,2652
16S:1368,2651
16S:1369,2650
16S:1370,2649
16S:1371,2648
16S:1372,2647
16S:1373,2646
16S:1374,2645
16S:1375,2644
16S:1376,2643
16S:1377,2642
16S:1378,2641
16S:1379,2640
16S:1380,2639
16S:1381,2638
16S:1382,2637
16S:1383,2636
16S:1384,2635
16S:1385,2634
16S:1386,2633
16S:1387,2632
16S:1388,2631
16S:1389,2630
16S:1390,2629
16S:1391,2628
16S:1392,2627
16S:1393,2626
16S:1394,2625
16S:1395,2624
16S:1396,2623
16S:1397,2622
16S:1398,2621
16S:1399,2620
16S:1400,2619
16S:1401,2618
16S:1402,2617
16S:1403,2616
16S:1404,2615
16S:1405,2614
16S:1406,2613
16S:1407,2612
16S:1408,2611
16S:1409,2610
16S:1410,2609
16S:1411,2608
16S:1412,2607
16S:1413,2606
16S:1414,2605
16S:1415,2604
16S:1416,2603
16S:1417,2602
16S:1418,2601
16S:1419,2600
16S:1420,2599
16S:1421,2598
16S:1422,2597
16S:1423,2596
16S:1424,2595
16S:1425,2594
16S:1426,2593
16S:1427,2592
16S:1428,2591
16S:1429,2590
16S:1430,2589
16S:1431,2588
16S:1432,2587
16S:1433,2586
16S:1434,2585
16S:1435,2584
16S:1436,2583
16S:1437,2582
16S:1438,2581
16S:1439,2580
16S:1440,2579
16S:1441,2578
16S:1442,2577
16S:1442A,2576
16S:1442B,2575
16S:1443,2574
16S:1444,2573
16S:1445,2572
16S:1446,2571
16S:1447,2570
16S:1452,2569
16S:1456,2568
16S:1457,2567
16S:1458,2566
16S:1459,2565
16S:1460,2564
16S:1461,2563
16S:1462,2562
16S:1463,2561
16S:1464,2560
16S:1465,2559
16S:1466,2558
16S:1467,2557
16S:1468,2556
16S:1469,2555
16S:1470,2554
16S:1471,2553
16S:1472,2552
16S:1473,2551
16S:1474,2550
16S:1475,2549
16S:1476,2548
16S:1477,2547
16S:1478,2546
16S:1479,2545
16S:1480,2544
16S:1481,2543
16S:1482,2542
16S:1483,2541
16S:1484,2540
16S:1485,2539
16S:1486,2538
16S:1487,2537
16S:1488,2536
16S:1489,2535
16S:1490,2534
16S:1491,2533
16S:1492,2532
16S:1493,2531
16S:1494,2530
16S:1495,2529
16S:1496,2528
16S:1497,2527
16S:1498,2526
16S:1499,2525
16S:1500,2524
16S:1501,2523
16S:1502,2522
16S:1503,2521
16S:1504,2520
16S:1505,2519
16S:1506,2518
16S:1507,2517
16S:1508,2516
16S:1509,2515
16S:1510,2514
16S:1511,2513
16S:1512,2512
16S:1513,2511
16S:1514,2510
16S:1515,2509
16S:1516,2508
16S:1517,2507
16S:1518,2506
16S:1519,2505
16S:1520,2504
16S:1521,2503
16S:1522,2502
16S:1523,2501
16S:1524,2500
16S:1525,2499
16S:1526,2498
16S:1527,2497
16S:1528,2496
16S:1529,2495
16S:1530,2494
16S:1531,2493
16S:1532,2492
16S:1533,2491
16S:1534,2490
16S:1535,2489
16S:1536,2488
16S:1537,2487
16S:1538,2486
16S:1539,2485
16S:1540,2484
16S:1541,2483
16S:1542,2482
