map_Index,ProtName,StructureName
15,bL32,5V7Q
16,bL32,5V7Q
17,bL32,5V7Q
18,bL32,5V7Q
606,bL32,5V7Q
1393,bL32,5V7Q
1394,bL32,5V7Q
1395,bL32,5V7Q
1397,bL32,5V7Q
2253,bL32,5V7Q
2254,bL32,5V7Q
2255,bL32,5V7Q
2257,bL32,5V7Q
2258,bL32,5V7Q
2259,bL32,5V7Q
2260,bL32,5V7Q
2283,bL32,5V7Q
2292,bL32,5V7Q
2293,bL32,5V7Q
2294,bL32,5V7Q
2850,bL32,5V7Q
2852,bL32,5V7Q
2853,bL32,5V7Q
2854,bL32,5V7Q
3049,bL32,5V7Q
3050,bL32,5V7Q
3119,bL32,5V7Q
3120,bL32,5V7Q
3121,bL32,5V7Q
15,bL33,5V7Q
16,bL33,5V7Q
17,bL33,5V7Q
18,bL33,5V7Q
606,bL33,5V7Q
1393,bL33,5V7Q
1394,bL33,5V7Q
1395,bL33,5V7Q
1397,bL33,5V7Q
2253,bL33,5V7Q
2254,bL33,5V7Q
2255,bL33,5V7Q
2257,bL33,5V7Q
2258,bL33,5V7Q
2259,bL33,5V7Q
2260,bL33,5V7Q
2283,bL33,5V7Q
2292,bL33,5V7Q
2293,bL33,5V7Q
2294,bL33,5V7Q
2850,bL33,5V7Q
2852,bL33,5V7Q
2853,bL33,5V7Q
2854,bL33,5V7Q
3049,bL33,5V7Q
3050,bL33,5V7Q
3119,bL33,5V7Q
3120,bL33,5V7Q
3121,bL33,5V7Q
15,bL34,5V7Q
16,bL34,5V7Q
17,bL34,5V7Q
18,bL34,5V7Q
606,bL34,5V7Q
1393,bL34,5V7Q
1394,bL34,5V7Q
1395,bL34,5V7Q
1397,bL34,5V7Q
2253,bL34,5V7Q
2254,bL34,5V7Q
2255,bL34,5V7Q
2257,bL34,5V7Q
2258,bL34,5V7Q
2259,bL34,5V7Q
2260,bL34,5V7Q
2283,bL34,5V7Q
2292,bL34,5V7Q
2293,bL34,5V7Q
2294,bL34,5V7Q
2850,bL34,5V7Q
2852,bL34,5V7Q
2853,bL34,5V7Q
2854,bL34,5V7Q
3049,bL34,5V7Q
3050,bL34,5V7Q
3119,bL34,5V7Q
3120,bL34,5V7Q
3121,bL34,5V7Q
15,bL35,5V7Q
16,bL35,5V7Q
17,bL35,5V7Q
18,bL35,5V7Q
606,bL35,5V7Q
1393,bL35,5V7Q
1394,bL35,5V7Q
1395,bL35,5V7Q
1397,bL35,5V7Q
2253,bL35,5V7Q
2254,bL35,5V7Q
2255,bL35,5V7Q
2257,bL35,5V7Q
2258,bL35,5V7Q
2259,bL35,5V7Q
2260,bL35,5V7Q
2283,bL35,5V7Q
2292,bL35,5V7Q
2293,bL35,5V7Q
2294,bL35,5V7Q
2850,bL35,5V7Q
2852,bL35,5V7Q
2853,bL35,5V7Q
2854,bL35,5V7Q
3049,bL35,5V7Q
3050,bL35,5V7Q
3119,bL35,5V7Q
3120,bL35,5V7Q
3121,bL35,5V7Q
15,bL36,5V7Q
16,bL36,5V7Q
17,bL36,5V7Q
18,bL36,5V7Q
606,bL36,5V7Q
1393,bL36,5V7Q
1394,bL36,5V7Q
1395,bL36,5V7Q
1397,bL36,5V7Q
2253,bL36,5V7Q
2254,bL36,5V7Q
2255,bL36,5V7Q
2257,bL36,5V7Q
2258,bL36,5V7Q
2259,bL36,5V7Q
2260,bL36,5V7Q
2283,bL36,5V7Q
2292,bL36,5V7Q
2293,bL36,5V7Q
2294,bL36,5V7Q
2850,bL36,5V7Q
2852,bL36,5V7Q
2853,bL36,5V7Q
2854,bL36,5V7Q
3049,bL36,5V7Q
3050,bL36,5V7Q
3119,bL36,5V7Q
3120,bL36,5V7Q
3121,bL36,5V7Q
15,bL31,5V7Q
16,bL31,5V7Q
17,bL31,5V7Q
18,bL31,5V7Q
606,bL31,5V7Q
1393,bL31,5V7Q
1394,bL31,5V7Q
1395,bL31,5V7Q
1397,bL31,5V7Q
2253,bL31,5V7Q
2254,bL31,5V7Q
2255,bL31,5V7Q
2257,bL31,5V7Q
2258,bL31,5V7Q
2259,bL31,5V7Q
2260,bL31,5V7Q
2283,bL31,5V7Q
2292,bL31,5V7Q
2293,bL31,5V7Q
2294,bL31,5V7Q
2850,bL31,5V7Q
2852,bL31,5V7Q
2853,bL31,5V7Q
2854,bL31,5V7Q
3049,bL31,5V7Q
3050,bL31,5V7Q
3119,bL31,5V7Q
3120,bL31,5V7Q
3121,bL31,5V7Q
15,uL2,5V7Q
16,uL2,5V7Q
17,uL2,5V7Q
18,uL2,5V7Q
606,uL2,5V7Q
1393,uL2,5V7Q
1394,uL2,5V7Q
1395,uL2,5V7Q
1397,uL2,5V7Q
2253,uL2,5V7Q
2254,uL2,5V7Q
2255,uL2,5V7Q
2257,uL2,5V7Q
2258,uL2,5V7Q
2259,uL2,5V7Q
2260,uL2,5V7Q
2283,uL2,5V7Q
2292,uL2,5V7Q
2293,uL2,5V7Q
2294,uL2,5V7Q
2850,uL2,5V7Q
2852,uL2,5V7Q
2853,uL2,5V7Q
2854,uL2,5V7Q
3049,uL2,5V7Q
3050,uL2,5V7Q
3119,uL2,5V7Q
3120,uL2,5V7Q
3121,uL2,5V7Q
15,uL3,5V7Q
16,uL3,5V7Q
17,uL3,5V7Q
18,uL3,5V7Q
606,uL3,5V7Q
1393,uL3,5V7Q
1394,uL3,5V7Q
1395,uL3,5V7Q
1397,uL3,5V7Q
2253,uL3,5V7Q
2254,uL3,5V7Q
2255,uL3,5V7Q
2257,uL3,5V7Q
2258,uL3,5V7Q
2259,uL3,5V7Q
2260,uL3,5V7Q
2283,uL3,5V7Q
2292,uL3,5V7Q
2293,uL3,5V7Q
2294,uL3,5V7Q
2850,uL3,5V7Q
2852,uL3,5V7Q
2853,uL3,5V7Q
2854,uL3,5V7Q
3049,uL3,5V7Q
3050,uL3,5V7Q
3119,uL3,5V7Q
3120,uL3,5V7Q
3121,uL3,5V7Q
15,uL4,5V7Q
16,uL4,5V7Q
17,uL4,5V7Q
18,uL4,5V7Q
606,uL4,5V7Q
1393,uL4,5V7Q
1394,uL4,5V7Q
1395,uL4,5V7Q
1397,uL4,5V7Q
2253,uL4,5V7Q
2254,uL4,5V7Q
2255,uL4,5V7Q
2257,uL4,5V7Q
2258,uL4,5V7Q
2259,uL4,5V7Q
2260,uL4,5V7Q
2283,uL4,5V7Q
2292,uL4,5V7Q
2293,uL4,5V7Q
2294,uL4,5V7Q
2850,uL4,5V7Q
2852,uL4,5V7Q
2853,uL4,5V7Q
2854,uL4,5V7Q
3049,uL4,5V7Q
3050,uL4,5V7Q
3119,uL4,5V7Q
3120,uL4,5V7Q
3121,uL4,5V7Q
15,uL5,5V7Q
16,uL5,5V7Q
17,uL5,5V7Q
18,uL5,5V7Q
606,uL5,5V7Q
1393,uL5,5V7Q
1394,uL5,5V7Q
1395,uL5,5V7Q
1397,uL5,5V7Q
2253,uL5,5V7Q
2254,uL5,5V7Q
2255,uL5,5V7Q
2257,uL5,5V7Q
2258,uL5,5V7Q
2259,uL5,5V7Q
2260,uL5,5V7Q
2283,uL5,5V7Q
2292,uL5,5V7Q
2293,uL5,5V7Q
2294,uL5,5V7Q
2850,uL5,5V7Q
2852,uL5,5V7Q
2853,uL5,5V7Q
2854,uL5,5V7Q
3049,uL5,5V7Q
3050,uL5,5V7Q
3119,uL5,5V7Q
3120,uL5,5V7Q
3121,uL5,5V7Q
15,uL6,5V7Q
16,uL6,5V7Q
17,uL6,5V7Q
18,uL6,5V7Q
606,uL6,5V7Q
1393,uL6,5V7Q
1394,uL6,5V7Q
1395,uL6,5V7Q
1397,uL6,5V7Q
2253,uL6,5V7Q
2254,uL6,5V7Q
2255,uL6,5V7Q
2257,uL6,5V7Q
2258,uL6,5V7Q
2259,uL6,5V7Q
2260,uL6,5V7Q
2283,uL6,5V7Q
2292,uL6,5V7Q
2293,uL6,5V7Q
2294,uL6,5V7Q
2850,uL6,5V7Q
2852,uL6,5V7Q
2853,uL6,5V7Q
2854,uL6,5V7Q
3049,uL6,5V7Q
3050,uL6,5V7Q
3119,uL6,5V7Q
3120,uL6,5V7Q
3121,uL6,5V7Q
15,bL9,5V7Q
16,bL9,5V7Q
17,bL9,5V7Q
18,bL9,5V7Q
606,bL9,5V7Q
1393,bL9,5V7Q
1394,bL9,5V7Q
1395,bL9,5V7Q
1397,bL9,5V7Q
2253,bL9,5V7Q
2254,bL9,5V7Q
2255,bL9,5V7Q
2257,bL9,5V7Q
2258,bL9,5V7Q
2259,bL9,5V7Q
2260,bL9,5V7Q
2283,bL9,5V7Q
2292,bL9,5V7Q
2293,bL9,5V7Q
2294,bL9,5V7Q
2850,bL9,5V7Q
2852,bL9,5V7Q
2853,bL9,5V7Q
2854,bL9,5V7Q
3049,bL9,5V7Q
3050,bL9,5V7Q
3119,bL9,5V7Q
3120,bL9,5V7Q
3121,bL9,5V7Q
15,uL13,5V7Q
16,uL13,5V7Q
17,uL13,5V7Q
18,uL13,5V7Q
606,uL13,5V7Q
1393,uL13,5V7Q
1394,uL13,5V7Q
1395,uL13,5V7Q
1397,uL13,5V7Q
2253,uL13,5V7Q
2254,uL13,5V7Q
2255,uL13,5V7Q
2257,uL13,5V7Q
2258,uL13,5V7Q
2259,uL13,5V7Q
2260,uL13,5V7Q
2283,uL13,5V7Q
2292,uL13,5V7Q
2293,uL13,5V7Q
2294,uL13,5V7Q
2850,uL13,5V7Q
2852,uL13,5V7Q
2853,uL13,5V7Q
2854,uL13,5V7Q
3049,uL13,5V7Q
3050,uL13,5V7Q
3119,uL13,5V7Q
3120,uL13,5V7Q
3121,uL13,5V7Q
15,uL14,5V7Q
16,uL14,5V7Q
17,uL14,5V7Q
18,uL14,5V7Q
606,uL14,5V7Q
1393,uL14,5V7Q
1394,uL14,5V7Q
1395,uL14,5V7Q
1397,uL14,5V7Q
2253,uL14,5V7Q
2254,uL14,5V7Q
2255,uL14,5V7Q
2257,uL14,5V7Q
2258,uL14,5V7Q
2259,uL14,5V7Q
2260,uL14,5V7Q
2283,uL14,5V7Q
2292,uL14,5V7Q
2293,uL14,5V7Q
2294,uL14,5V7Q
2850,uL14,5V7Q
2852,uL14,5V7Q
2853,uL14,5V7Q
2854,uL14,5V7Q
3049,uL14,5V7Q
3050,uL14,5V7Q
3119,uL14,5V7Q
3120,uL14,5V7Q
3121,uL14,5V7Q
15,uL15,5V7Q
16,uL15,5V7Q
17,uL15,5V7Q
18,uL15,5V7Q
606,uL15,5V7Q
1393,uL15,5V7Q
1394,uL15,5V7Q
1395,uL15,5V7Q
1397,uL15,5V7Q
2253,uL15,5V7Q
2254,uL15,5V7Q
2255,uL15,5V7Q
2257,uL15,5V7Q
2258,uL15,5V7Q
2259,uL15,5V7Q
2260,uL15,5V7Q
2283,uL15,5V7Q
2292,uL15,5V7Q
2293,uL15,5V7Q
2294,uL15,5V7Q
2850,uL15,5V7Q
2852,uL15,5V7Q
2853,uL15,5V7Q
2854,uL15,5V7Q
3049,uL15,5V7Q
3050,uL15,5V7Q
3119,uL15,5V7Q
3120,uL15,5V7Q
3121,uL15,5V7Q
15,uL16,5V7Q
16,uL16,5V7Q
17,uL16,5V7Q
18,uL16,5V7Q
606,uL16,5V7Q
1393,uL16,5V7Q
1394,uL16,5V7Q
1395,uL16,5V7Q
1397,uL16,5V7Q
2253,uL16,5V7Q
2254,uL16,5V7Q
2255,uL16,5V7Q
2257,uL16,5V7Q
2258,uL16,5V7Q
2259,uL16,5V7Q
2260,uL16,5V7Q
2283,uL16,5V7Q
2292,uL16,5V7Q
2293,uL16,5V7Q
2294,uL16,5V7Q
2850,uL16,5V7Q
2852,uL16,5V7Q
2853,uL16,5V7Q
2854,uL16,5V7Q
3049,uL16,5V7Q
3050,uL16,5V7Q
3119,uL16,5V7Q
3120,uL16,5V7Q
3121,uL16,5V7Q
15,bL17,5V7Q
16,bL17,5V7Q
17,bL17,5V7Q
18,bL17,5V7Q
606,bL17,5V7Q
1393,bL17,5V7Q
1394,bL17,5V7Q
1395,bL17,5V7Q
1397,bL17,5V7Q
2253,bL17,5V7Q
2254,bL17,5V7Q
2255,bL17,5V7Q
2257,bL17,5V7Q
2258,bL17,5V7Q
2259,bL17,5V7Q
2260,bL17,5V7Q
2283,bL17,5V7Q
2292,bL17,5V7Q
2293,bL17,5V7Q
2294,bL17,5V7Q
2850,bL17,5V7Q
2852,bL17,5V7Q
2853,bL17,5V7Q
2854,bL17,5V7Q
3049,bL17,5V7Q
3050,bL17,5V7Q
3119,bL17,5V7Q
3120,bL17,5V7Q
3121,bL17,5V7Q
15,uL18,5V7Q
16,uL18,5V7Q
17,uL18,5V7Q
18,uL18,5V7Q
606,uL18,5V7Q
1393,uL18,5V7Q
1394,uL18,5V7Q
1395,uL18,5V7Q
1397,uL18,5V7Q
2253,uL18,5V7Q
2254,uL18,5V7Q
2255,uL18,5V7Q
2257,uL18,5V7Q
2258,uL18,5V7Q
2259,uL18,5V7Q
2260,uL18,5V7Q
2283,uL18,5V7Q
2292,uL18,5V7Q
2293,uL18,5V7Q
2294,uL18,5V7Q
2850,uL18,5V7Q
2852,uL18,5V7Q
2853,uL18,5V7Q
2854,uL18,5V7Q
3049,uL18,5V7Q
3050,uL18,5V7Q
3119,uL18,5V7Q
3120,uL18,5V7Q
3121,uL18,5V7Q
15,bL19,5V7Q
16,bL19,5V7Q
17,bL19,5V7Q
18,bL19,5V7Q
606,bL19,5V7Q
1393,bL19,5V7Q
1394,bL19,5V7Q
1395,bL19,5V7Q
1397,bL19,5V7Q
2253,bL19,5V7Q
2254,bL19,5V7Q
2255,bL19,5V7Q
2257,bL19,5V7Q
2258,bL19,5V7Q
2259,bL19,5V7Q
2260,bL19,5V7Q
2283,bL19,5V7Q
2292,bL19,5V7Q
2293,bL19,5V7Q
2294,bL19,5V7Q
2850,bL19,5V7Q
2852,bL19,5V7Q
2853,bL19,5V7Q
2854,bL19,5V7Q
3049,bL19,5V7Q
3050,bL19,5V7Q
3119,bL19,5V7Q
3120,bL19,5V7Q
3121,bL19,5V7Q
15,bL20,5V7Q
16,bL20,5V7Q
17,bL20,5V7Q
18,bL20,5V7Q
606,bL20,5V7Q
1393,bL20,5V7Q
1394,bL20,5V7Q
1395,bL20,5V7Q
1397,bL20,5V7Q
2253,bL20,5V7Q
2254,bL20,5V7Q
2255,bL20,5V7Q
2257,bL20,5V7Q
2258,bL20,5V7Q
2259,bL20,5V7Q
2260,bL20,5V7Q
2283,bL20,5V7Q
2292,bL20,5V7Q
2293,bL20,5V7Q
2294,bL20,5V7Q
2850,bL20,5V7Q
2852,bL20,5V7Q
2853,bL20,5V7Q
2854,bL20,5V7Q
3049,bL20,5V7Q
3050,bL20,5V7Q
3119,bL20,5V7Q
3120,bL20,5V7Q
3121,bL20,5V7Q
15,bL21,5V7Q
16,bL21,5V7Q
17,bL21,5V7Q
18,bL21,5V7Q
606,bL21,5V7Q
1393,bL21,5V7Q
1394,bL21,5V7Q
1395,bL21,5V7Q
1397,bL21,5V7Q
2253,bL21,5V7Q
2254,bL21,5V7Q
2255,bL21,5V7Q
2257,bL21,5V7Q
2258,bL21,5V7Q
2259,bL21,5V7Q
2260,bL21,5V7Q
2283,bL21,5V7Q
2292,bL21,5V7Q
2293,bL21,5V7Q
2294,bL21,5V7Q
2850,bL21,5V7Q
2852,bL21,5V7Q
2853,bL21,5V7Q
2854,bL21,5V7Q
3049,bL21,5V7Q
3050,bL21,5V7Q
3119,bL21,5V7Q
3120,bL21,5V7Q
3121,bL21,5V7Q
15,uL22,5V7Q
16,uL22,5V7Q
17,uL22,5V7Q
18,uL22,5V7Q
606,uL22,5V7Q
1393,uL22,5V7Q
1394,uL22,5V7Q
1395,uL22,5V7Q
1397,uL22,5V7Q
2253,uL22,5V7Q
2254,uL22,5V7Q
2255,uL22,5V7Q
2257,uL22,5V7Q
2258,uL22,5V7Q
2259,uL22,5V7Q
2260,uL22,5V7Q
2283,uL22,5V7Q
2292,uL22,5V7Q
2293,uL22,5V7Q
2294,uL22,5V7Q
2850,uL22,5V7Q
2852,uL22,5V7Q
2853,uL22,5V7Q
2854,uL22,5V7Q
3049,uL22,5V7Q
3050,uL22,5V7Q
3119,uL22,5V7Q
3120,uL22,5V7Q
3121,uL22,5V7Q
15,uL23,5V7Q
16,uL23,5V7Q
17,uL23,5V7Q
18,uL23,5V7Q
606,uL23,5V7Q
1393,uL23,5V7Q
1394,uL23,5V7Q
1395,uL23,5V7Q
1397,uL23,5V7Q
2253,uL23,5V7Q
2254,uL23,5V7Q
2255,uL23,5V7Q
2257,uL23,5V7Q
2258,uL23,5V7Q
2259,uL23,5V7Q
2260,uL23,5V7Q
2283,uL23,5V7Q
2292,uL23,5V7Q
2293,uL23,5V7Q
2294,uL23,5V7Q
2850,uL23,5V7Q
2852,uL23,5V7Q
2853,uL23,5V7Q
2854,uL23,5V7Q
3049,uL23,5V7Q
3050,uL23,5V7Q
3119,uL23,5V7Q
3120,uL23,5V7Q
3121,uL23,5V7Q
15,uL24,5V7Q
16,uL24,5V7Q
17,uL24,5V7Q
18,uL24,5V7Q
606,uL24,5V7Q
1393,uL24,5V7Q
1394,uL24,5V7Q
1395,uL24,5V7Q
1397,uL24,5V7Q
2253,uL24,5V7Q
2254,uL24,5V7Q
2255,uL24,5V7Q
2257,uL24,5V7Q
2258,uL24,5V7Q
2259,uL24,5V7Q
2260,uL24,5V7Q
2283,uL24,5V7Q
2292,uL24,5V7Q
2293,uL24,5V7Q
2294,uL24,5V7Q
2850,uL24,5V7Q
2852,uL24,5V7Q
2853,uL24,5V7Q
2854,uL24,5V7Q
3049,uL24,5V7Q
3050,uL24,5V7Q
3119,uL24,5V7Q
3120,uL24,5V7Q
3121,uL24,5V7Q
15,bL25,5V7Q
16,bL25,5V7Q
17,bL25,5V7Q
18,bL25,5V7Q
606,bL25,5V7Q
1393,bL25,5V7Q
1394,bL25,5V7Q
1395,bL25,5V7Q
1397,bL25,5V7Q
2253,bL25,5V7Q
2254,bL25,5V7Q
2255,bL25,5V7Q
2257,bL25,5V7Q
2258,bL25,5V7Q
2259,bL25,5V7Q
2260,bL25,5V7Q
2283,bL25,5V7Q
2292,bL25,5V7Q
2293,bL25,5V7Q
2294,bL25,5V7Q
2850,bL25,5V7Q
2852,bL25,5V7Q
2853,bL25,5V7Q
2854,bL25,5V7Q
3049,bL25,5V7Q
3050,bL25,5V7Q
3119,bL25,5V7Q
3120,bL25,5V7Q
3121,bL25,5V7Q
15,bL27,5V7Q
16,bL27,5V7Q
17,bL27,5V7Q
18,bL27,5V7Q
606,bL27,5V7Q
1393,bL27,5V7Q
1394,bL27,5V7Q
1395,bL27,5V7Q
1397,bL27,5V7Q
2253,bL27,5V7Q
2254,bL27,5V7Q
2255,bL27,5V7Q
2257,bL27,5V7Q
2258,bL27,5V7Q
2259,bL27,5V7Q
2260,bL27,5V7Q
2283,bL27,5V7Q
2292,bL27,5V7Q
2293,bL27,5V7Q
2294,bL27,5V7Q
2850,bL27,5V7Q
2852,bL27,5V7Q
2853,bL27,5V7Q
2854,bL27,5V7Q
3049,bL27,5V7Q
3050,bL27,5V7Q
3119,bL27,5V7Q
3120,bL27,5V7Q
3121,bL27,5V7Q
15,bL28,5V7Q
16,bL28,5V7Q
17,bL28,5V7Q
18,bL28,5V7Q
606,bL28,5V7Q
1393,bL28,5V7Q
1394,bL28,5V7Q
1395,bL28,5V7Q
1397,bL28,5V7Q
2253,bL28,5V7Q
2254,bL28,5V7Q
2255,bL28,5V7Q
2257,bL28,5V7Q
2258,bL28,5V7Q
2259,bL28,5V7Q
2260,bL28,5V7Q
2283,bL28,5V7Q
2292,bL28,5V7Q
2293,bL28,5V7Q
2294,bL28,5V7Q
2850,bL28,5V7Q
2852,bL28,5V7Q
2853,bL28,5V7Q
2854,bL28,5V7Q
3049,bL28,5V7Q
3050,bL28,5V7Q
3119,bL28,5V7Q
3120,bL28,5V7Q
3121,bL28,5V7Q
15,uL29,5V7Q
16,uL29,5V7Q
17,uL29,5V7Q
18,uL29,5V7Q
606,uL29,5V7Q
1393,uL29,5V7Q
1394,uL29,5V7Q
1395,uL29,5V7Q
1397,uL29,5V7Q
2253,uL29,5V7Q
2254,uL29,5V7Q
2255,uL29,5V7Q
2257,uL29,5V7Q
2258,uL29,5V7Q
2259,uL29,5V7Q
2260,uL29,5V7Q
2283,uL29,5V7Q
2292,uL29,5V7Q
2293,uL29,5V7Q
2294,uL29,5V7Q
2850,uL29,5V7Q
2852,uL29,5V7Q
2853,uL29,5V7Q
2854,uL29,5V7Q
3049,uL29,5V7Q
3050,uL29,5V7Q
3119,uL29,5V7Q
3120,uL29,5V7Q
3121,uL29,5V7Q
15,uL30,5V7Q
16,uL30,5V7Q
17,uL30,5V7Q
18,uL30,5V7Q
606,uL30,5V7Q
1393,uL30,5V7Q
1394,uL30,5V7Q
1395,uL30,5V7Q
1397,uL30,5V7Q
2253,uL30,5V7Q
2254,uL30,5V7Q
2255,uL30,5V7Q
2257,uL30,5V7Q
2258,uL30,5V7Q
2259,uL30,5V7Q
2260,uL30,5V7Q
2283,uL30,5V7Q
2292,uL30,5V7Q
2293,uL30,5V7Q
2294,uL30,5V7Q
2850,uL30,5V7Q
2852,uL30,5V7Q
2853,uL30,5V7Q
2854,uL30,5V7Q
3049,uL30,5V7Q
3050,uL30,5V7Q
3119,uL30,5V7Q
3120,uL30,5V7Q
3121,uL30,5V7Q
