resNum,resName,FontWeight,DataDescription
16S:1,A,400,This is essentially nucleotide identiy being mapped to font weight. It is just an example of how to use this feature. 
16S:2,A,400,
16S:3,A,400,
16S:4,U,100,
16S:5,U,100,
16S:6,G,900,
16S:7,A,400,
16S:8,A,400,
16S:9,G,900,
16S:10,A,400,
16S:11,G,900,
16S:12,U,100,
16S:13,U,100,
16S:14,U,100,
16S:15,G,900,
16S:16,A,400,
16S:17,U,100,
16S:18,C,700,
16S:19,A,400,
16S:20,U,100,
16S:21,G,900,
16S:22,G,900,
16S:23,C,700,
16S:24,U,100,
16S:25,C,700,
16S:26,A,400,
16S:27,G,900,
16S:28,A,400,
16S:29,U,100,
16S:30,U,100,
16S:31,G,900,
16S:32,A,400,
16S:33,A,400,
16S:34,C,700,
16S:35,G,900,
16S:36,C,700,
16S:37,U,100,
16S:38,G,900,
16S:39,G,900,
16S:40,C,700,
16S:41,G,900,
16S:42,G,900,
16S:43,C,700,
16S:44,A,400,
16S:45,G,900,
16S:46,G,900,
16S:47,C,700,
16S:48,C,700,
16S:49,U,100,
16S:50,A,400,
16S:51,A,400,
16S:52,C,700,
16S:53,A,400,
16S:54,C,700,
16S:55,A,400,
16S:56,U,100,
16S:57,G,900,
16S:58,C,700,
16S:59,A,400,
16S:60,A,400,
16S:61,G,900,
16S:62,U,100,
16S:63,C,700,
16S:64,G,900,
16S:65,A,400,
16S:66,A,400,
16S:67,C,700,
16S:68,G,900,
16S:69,G,900,
16S:70,U,100,
16S:71,A,400,
16S:72,A,400,
16S:73,C,700,
16S:74,A,400,
16S:75,G,900,
16S:76,G,900,
16S:77,A,400,
16S:78,A,400,
16S:79,G,900,
16S:80,A,400,
16S:81,A,400,
16S:82,G,900,
16S:83,C,700,
16S:84,U,100,
16S:85,U,100,
16S:86,G,900,
16S:87,C,700,
16S:88,U,100,
16S:89,U,100,
16S:90,C,700,
16S:91,U,100,
16S:92,U,100,
16S:93,U,100,
16S:94,G,900,
16S:95,C,700,
16S:96,U,100,
16S:97,G,900,
16S:98,A,400,
16S:99,C,700,
16S:100,G,900,
16S:101,A,400,
16S:102,G,900,
16S:103,U,100,
16S:104,G,900,
16S:105,G,900,
16S:106,C,700,
16S:107,G,900,
16S:108,G,900,
16S:109,A,400,
16S:110,C,700,
16S:111,G,900,
16S:112,G,900,
16S:113,G,900,
16S:114,U,100,
16S:115,G,900,
16S:116,A,400,
16S:117,G,900,
16S:118,U,100,
16S:119,A,400,
16S:120,A,400,
16S:121,U,100,
16S:122,G,900,
16S:123,U,100,
16S:124,C,700,
16S:125,U,100,
16S:126,G,900,
16S:127,G,900,
16S:128,G,900,
16S:129,A,400,
16S:130,A,400,
16S:131,A,400,
16S:132,C,700,
16S:133,U,100,
16S:134,G,900,
16S:135,C,700,
16S:136,C,700,
16S:137,U,100,
16S:138,G,900,
16S:139,A,400,
16S:140,U,100,
16S:141,G,900,
16S:142,G,900,
16S:143,A,400,
16S:144,G,900,
16S:145,G,900,
16S:146,G,900,
16S:147,G,900,
16S:148,G,900,
16S:149,A,400,
16S:150,U,100,
16S:151,A,400,
16S:152,A,400,
16S:153,C,700,
16S:154,U,100,
16S:155,A,400,
16S:156,C,700,
16S:157,U,100,
16S:158,G,900,
16S:159,G,900,
16S:160,A,400,
16S:161,A,400,
16S:162,A,400,
16S:163,C,700,
16S:164,G,900,
16S:165,G,900,
16S:166,U,100,
16S:167,A,400,
16S:168,G,900,
16S:169,C,700,
16S:170,U,100,
16S:171,A,400,
16S:172,A,400,
16S:173,U,100,
16S:174,A,400,
16S:175,C,700,
16S:176,C,700,
16S:177,G,900,
16S:178,C,700,
16S:179,A,400,
16S:180,U,100,
16S:181,A,400,
16S:182,A,400,
16S:183,C,700,
16S:184,G,900,
16S:185,U,100,
16S:186,C,700,
16S:187,G,900,
16S:188,C,700,
16S:189,A,400,
16S:190,A,400,
16S:191,G,900,
16S:192,A,400,
16S:193,C,700,
16S:194,C,700,
16S:195,A,400,
16S:196,A,400,
16S:197,A,400,
16S:198,G,900,
16S:199,A,400,
16S:200,G,900,
16S:201,G,900,
16S:202,G,900,
16S:203,G,900,
16S:204,G,900,
16S:205,A,400,
16S:206,C,700,
16S:207,C,700,
16S:208,U,100,
16S:209,U,100,
16S:210,C,700,
16S:211,G,900,
16S:212,G,900,
16S:213,G,900,
16S:214,C,700,
16S:215,C,700,
16S:216,U,100,
16S:217,C,700,
16S:218,U,100,
16S:219,U,100,
16S:220,G,900,
16S:221,C,700,
16S:222,C,700,
16S:223,A,400,
16S:224,U,100,
16S:225,C,700,
16S:226,G,900,
16S:227,G,900,
16S:228,A,400,
16S:229,U,100,
16S:230,G,900,
16S:231,U,100,
16S:232,G,900,
16S:233,C,700,
16S:234,C,700,
16S:235,C,700,
16S:236,A,400,
16S:237,G,900,
16S:238,A,400,
16S:239,U,100,
16S:240,G,900,
16S:241,G,900,
16S:242,G,900,
16S:243,A,400,
16S:244,U,100,
16S:245,U,100,
16S:246,A,400,
16S:247,G,900,
16S:248,C,700,
16S:249,U,100,
16S:250,A,400,
16S:251,G,900,
16S:252,U,100,
16S:253,A,400,
16S:254,G,900,
16S:255,G,900,
16S:256,U,100,
16S:257,G,900,
16S:258,G,900,
16S:259,G,900,
16S:260,G,900,
16S:261,U,100,
16S:262,A,400,
16S:263,A,400,
16S:264,C,700,
16S:265,G,900,
16S:266,G,900,
16S:267,C,700,
16S:268,U,100,
16S:269,C,700,
16S:270,A,400,
16S:271,C,700,
16S:272,C,700,
16S:273,U,100,
16S:274,A,400,
16S:275,G,900,
16S:276,G,900,
16S:277,C,700,
16S:278,G,900,
16S:279,A,400,
16S:280,C,700,
16S:281,G,900,
16S:282,A,400,
16S:283,U,100,
16S:284,C,700,
16S:285,C,700,
16S:286,C,700,
16S:287,U,100,
16S:288,A,400,
16S:289,G,900,
16S:290,C,700,
16S:291,U,100,
16S:292,G,900,
16S:293,G,900,
16S:294,U,100,
16S:295,C,700,
16S:296,U,100,
16S:297,G,900,
16S:298,A,400,
16S:299,G,900,
16S:300,A,400,
16S:301,G,900,
16S:302,G,900,
16S:303,A,400,
16S:304,U,100,
16S:305,G,900,
16S:306,A,400,
16S:307,C,700,
16S:308,C,700,
16S:309,A,400,
16S:310,G,900,
16S:311,C,700,
16S:312,C,700,
16S:313,A,400,
16S:314,C,700,
16S:315,A,400,
16S:316,C,700,
16S:317,U,100,
16S:318,G,900,
16S:319,G,900,
16S:320,A,400,
16S:321,A,400,
16S:322,C,700,
16S:323,U,100,
16S:324,G,900,
16S:325,A,400,
16S:326,G,900,
16S:327,A,400,
16S:328,C,700,
16S:329,A,400,
16S:330,C,700,
16S:331,G,900,
16S:332,G,900,
16S:333,U,100,
16S:334,C,700,
16S:335,C,700,
16S:336,A,400,
16S:337,G,900,
16S:338,A,400,
16S:339,C,700,
16S:340,U,100,
16S:341,C,700,
16S:342,C,700,
16S:343,U,100,
16S:344,A,400,
16S:345,C,700,
16S:346,G,900,
16S:347,G,900,
16S:348,G,900,
16S:349,A,400,
16S:350,G,900,
16S:351,G,900,
16S:352,C,700,
16S:353,A,400,
16S:354,G,900,
16S:355,C,700,
16S:356,A,400,
16S:357,G,900,
16S:358,U,100,
16S:359,G,900,
16S:360,G,900,
16S:361,G,900,
16S:362,G,900,
16S:363,A,400,
16S:364,A,400,
16S:365,U,100,
16S:366,A,400,
16S:367,U,100,
16S:368,U,100,
16S:369,G,900,
16S:370,C,700,
16S:371,A,400,
16S:372,C,700,
16S:373,A,400,
16S:374,A,400,
16S:375,U,100,
16S:376,G,900,
16S:377,G,900,
16S:378,G,900,
16S:379,C,700,
16S:380,G,900,
16S:381,C,700,
16S:382,A,400,
16S:383,A,400,
16S:384,G,900,
16S:385,C,700,
16S:386,C,700,
16S:387,U,100,
16S:388,G,900,
16S:389,A,400,
16S:390,U,100,
16S:391,G,900,
16S:392,C,700,
16S:393,A,400,
16S:394,G,900,
16S:395,C,700,
16S:396,C,700,
16S:397,A,400,
16S:398,U,100,
16S:399,G,900,
16S:400,C,700,
16S:401,C,700,
16S:402,G,900,
16S:403,C,700,
16S:404,G,900,
16S:405,U,100,
16S:406,G,900,
16S:407,U,100,
16S:408,A,400,
16S:409,U,100,
16S:410,G,900,
16S:411,A,400,
16S:412,A,400,
16S:413,G,900,
16S:414,A,400,
16S:415,A,400,
16S:416,G,900,
16S:417,G,900,
16S:418,C,700,
16S:419,C,700,
16S:420,U,100,
16S:421,U,100,
16S:422,C,700,
16S:423,G,900,
16S:424,G,900,
16S:425,G,900,
16S:426,U,100,
16S:427,U,100,
16S:428,G,900,
16S:429,U,100,
16S:430,A,400,
16S:431,A,400,
16S:432,A,400,
16S:433,G,900,
16S:434,U,100,
16S:435,A,400,
16S:436,C,700,
16S:437,U,100,
16S:438,U,100,
16S:439,U,100,
16S:440,C,700,
16S:441,A,400,
16S:442,G,900,
16S:443,C,700,
16S:444,G,900,
16S:445,G,900,
16S:446,G,900,
16S:447,G,900,
16S:448,A,400,
16S:449,G,900,
16S:450,G,900,
16S:451,A,400,
16S:452,A,400,
16S:453,G,900,
16S:454,G,900,
16S:455,G,900,
16S:456,A,400,
16S:457,G,900,
16S:458,U,100,
16S:459,A,400,
16S:460,A,400,
16S:461,A,400,
16S:462,G,900,
16S:463,U,100,
16S:464,U,100,
16S:465,A,400,
16S:466,A,400,
16S:467,U,100,
16S:468,A,400,
16S:469,C,700,
16S:470,C,700,
16S:471,U,100,
16S:472,U,100,
16S:473,U,100,
16S:474,G,900,
16S:475,C,700,
16S:476,U,100,
16S:477,C,700,
16S:478,A,400,
16S:479,U,100,
16S:480,U,100,
16S:481,G,900,
16S:482,A,400,
16S:483,C,700,
16S:484,G,900,
16S:485,U,100,
16S:486,U,100,
16S:487,A,400,
16S:488,C,700,
16S:489,C,700,
16S:490,C,700,
16S:491,G,900,
16S:492,C,700,
16S:493,A,400,
16S:494,G,900,
16S:495,A,400,
16S:496,A,400,
16S:497,G,900,
16S:498,A,400,
16S:499,A,400,
16S:500,G,900,
16S:501,C,700,
16S:502,A,400,
16S:503,C,700,
16S:504,C,700,
16S:505,G,900,
16S:506,G,900,
16S:507,C,700,
16S:508,U,100,
16S:509,A,400,
16S:510,A,400,
16S:511,C,700,
16S:512,U,100,
16S:513,C,700,
16S:514,C,700,
16S:515,G,900,
16S:516,U,100,
16S:517,G,900,
16S:518,C,700,
16S:519,C,700,
16S:520,A,400,
16S:521,G,900,
16S:522,C,700,
16S:523,A,400,
16S:524,G,900,
16S:525,C,700,
16S:526,C,700,
16S:527,G,900,
16S:528,C,700,
16S:529,G,900,
16S:530,G,900,
16S:531,U,100,
16S:532,A,400,
16S:533,A,400,
16S:534,U,100,
16S:535,A,400,
16S:536,C,700,
16S:537,G,900,
16S:538,G,900,
16S:539,A,400,
16S:540,G,900,
16S:541,G,900,
16S:542,G,900,
16S:543,U,100,
16S:544,G,900,
16S:545,C,700,
16S:546,A,400,
16S:547,A,400,
16S:548,G,900,
16S:549,C,700,
16S:550,G,900,
16S:551,U,100,
16S:552,U,100,
16S:553,A,400,
16S:554,A,400,
16S:555,U,100,
16S:556,C,700,
16S:557,G,900,
16S:558,G,900,
16S:559,A,400,
16S:560,A,400,
16S:561,U,100,
16S:562,U,100,
16S:563,A,400,
16S:564,C,700,
16S:565,U,100,
16S:566,G,900,
16S:567,G,900,
16S:568,G,900,
16S:569,C,700,
16S:570,G,900,
16S:571,U,100,
16S:572,A,400,
16S:573,A,400,
16S:574,A,400,
16S:575,G,900,
16S:576,C,700,
16S:577,G,900,
16S:578,C,700,
16S:579,A,400,
16S:580,C,700,
16S:581,G,900,
16S:582,C,700,
16S:583,A,400,
16S:584,G,900,
16S:585,G,900,
16S:586,C,700,
16S:587,G,900,
16S:588,G,900,
16S:589,U,100,
16S:590,U,100,
16S:591,U,100,
16S:592,G,900,
16S:593,U,100,
16S:594,U,100,
16S:595,A,400,
16S:596,A,400,
16S:597,G,900,
16S:598,U,100,
16S:599,C,700,
16S:600,A,400,
16S:601,G,900,
16S:602,A,400,
16S:603,U,100,
16S:604,G,900,
16S:605,U,100,
16S:606,G,900,
16S:607,A,400,
16S:608,A,400,
16S:609,A,400,
16S:610,U,100,
16S:611,C,700,
16S:612,C,700,
16S:613,C,700,
16S:614,C,700,
16S:615,G,900,
16S:616,G,900,
16S:617,G,900,
16S:618,C,700,
16S:619,U,100,
16S:620,C,700,
16S:621,A,400,
16S:622,A,400,
16S:623,C,700,
16S:624,C,700,
16S:625,U,100,
16S:626,G,900,
16S:627,G,900,
16S:628,G,900,
16S:629,A,400,
16S:630,A,400,
16S:631,C,700,
16S:632,U,100,
16S:633,G,900,
16S:634,C,700,
16S:635,A,400,
16S:636,U,100,
16S:637,C,700,
16S:638,U,100,
16S:639,G,900,
16S:640,A,400,
16S:641,U,100,
16S:642,A,400,
16S:643,C,700,
16S:644,U,100,
16S:645,G,900,
16S:646,G,900,
16S:647,C,700,
16S:648,A,400,
16S:649,A,400,
16S:650,G,900,
16S:651,C,700,
16S:652,U,100,
16S:653,U,100,
16S:654,G,900,
16S:655,A,400,
16S:656,G,900,
16S:657,U,100,
16S:658,C,700,
16S:659,U,100,
16S:660,C,700,
16S:661,G,900,
16S:662,U,100,
16S:663,A,400,
16S:664,G,900,
16S:665,A,400,
16S:666,G,900,
16S:667,G,900,
16S:668,G,900,
16S:669,G,900,
16S:670,G,900,
16S:671,G,900,
16S:672,U,100,
16S:673,A,400,
16S:674,G,900,
16S:675,A,400,
16S:676,A,400,
16S:677,U,100,
16S:678,U,100,
16S:679,C,700,
16S:680,C,700,
16S:681,A,400,
16S:682,G,900,
16S:683,G,900,
16S:684,U,100,
16S:685,G,900,
16S:686,U,100,
16S:687,A,400,
16S:688,G,900,
16S:689,C,700,
16S:690,G,900,
16S:691,G,900,
16S:692,U,100,
16S:693,G,900,
16S:694,A,400,
16S:695,A,400,
16S:696,A,400,
16S:697,U,100,
16S:698,G,900,
16S:699,C,700,
16S:700,G,900,
16S:701,U,100,
16S:702,A,400,
16S:703,G,900,
16S:704,A,400,
16S:705,G,900,
16S:706,A,400,
16S:707,U,100,
16S:708,C,700,
16S:709,U,100,
16S:710,G,900,
16S:711,G,900,
16S:712,A,400,
16S:713,G,900,
16S:714,G,900,
16S:715,A,400,
16S:716,A,400,
16S:717,U,100,
16S:718,A,400,
16S:719,C,700,
16S:720,C,700,
16S:721,G,900,
16S:722,G,900,
16S:723,U,100,
16S:724,G,900,
16S:725,G,900,
16S:726,C,700,
16S:727,G,900,
16S:728,A,400,
16S:729,A,400,
16S:730,G,900,
16S:731,G,900,
16S:732,C,700,
16S:733,G,900,
16S:734,G,900,
16S:735,C,700,
16S:736,C,700,
16S:737,C,700,
16S:738,C,700,
16S:739,C,700,
16S:740,U,100,
16S:741,G,900,
16S:742,G,900,
16S:743,A,400,
16S:744,C,700,
16S:745,G,900,
16S:746,A,400,
16S:747,A,400,
16S:748,G,900,
16S:749,A,400,
16S:750,C,700,
16S:751,U,100,
16S:752,G,900,
16S:753,A,400,
16S:754,C,700,
16S:755,G,900,
16S:756,C,700,
16S:757,U,100,
16S:758,C,700,
16S:759,A,400,
16S:760,G,900,
16S:761,G,900,
16S:762,U,100,
16S:763,G,900,
16S:764,C,700,
16S:765,G,900,
16S:766,A,400,
16S:767,A,400,
16S:768,A,400,
16S:769,G,900,
16S:770,C,700,
16S:771,G,900,
16S:772,U,100,
16S:773,G,900,
16S:774,G,900,
16S:775,G,900,
16S:776,G,900,
16S:777,A,400,
16S:778,G,900,
16S:779,C,700,
16S:780,A,400,
16S:781,A,400,
16S:782,A,400,
16S:783,C,700,
16S:784,A,400,
16S:785,G,900,
16S:786,G,900,
16S:787,A,400,
16S:788,U,100,
16S:789,U,100,
16S:790,A,400,
16S:791,G,900,
16S:792,A,400,
16S:793,U,100,
16S:794,A,400,
16S:795,C,700,
16S:796,C,700,
16S:797,C,700,
16S:798,U,100,
16S:799,G,900,
16S:800,G,900,
16S:801,U,100,
16S:802,A,400,
16S:803,G,900,
16S:804,U,100,
16S:805,C,700,
16S:806,C,700,
16S:807,A,400,
16S:808,C,700,
16S:809,G,900,
16S:810,C,700,
16S:811,C,700,
16S:812,G,900,
16S:813,U,100,
16S:814,A,400,
16S:815,A,400,
16S:816,A,400,
16S:817,C,700,
16S:818,G,900,
16S:819,A,400,
16S:820,U,100,
16S:821,G,900,
16S:822,U,100,
16S:823,C,700,
16S:824,G,900,
16S:825,A,400,
16S:826,C,700,
16S:827,U,100,
16S:828,U,100,
16S:829,G,900,
16S:830,G,900,
16S:831,A,400,
16S:832,G,900,
16S:833,G,900,
16S:834,U,100,
16S:835,U,100,
16S:836,G,900,
16S:837,U,100,
16S:838,G,900,
16S:839,C,700,
16S:840,C,700,
16S:841,C,700,
16S:842,U,100,
16S:843,U,100,
16S:844,G,900,
16S:845,A,400,
16S:846,G,900,
16S:847,G,900,
16S:848,C,700,
16S:849,G,900,
16S:850,U,100,
16S:851,G,900,
16S:852,G,900,
16S:853,C,700,
16S:854,U,100,
16S:855,U,100,
16S:856,C,700,
16S:857,C,700,
16S:858,G,900,
16S:859,G,900,
16S:860,A,400,
16S:861,G,900,
16S:862,C,700,
16S:863,U,100,
16S:864,A,400,
16S:865,A,400,
16S:866,C,700,
16S:867,G,900,
16S:868,C,700,
16S:869,G,900,
16S:870,U,100,
16S:871,U,100,
16S:872,A,400,
16S:873,A,400,
16S:874,G,900,
16S:875,U,100,
16S:876,C,700,
16S:877,G,900,
16S:878,A,400,
16S:879,C,700,
16S:880,C,700,
16S:881,G,900,
16S:882,C,700,
16S:883,C,700,
16S:884,U,100,
16S:885,G,900,
16S:886,G,900,
16S:887,G,900,
16S:888,G,900,
16S:889,A,400,
16S:890,G,900,
16S:891,U,100,
16S:892,A,400,
16S:893,C,700,
16S:894,G,900,
16S:895,G,900,
16S:896,C,700,
16S:897,C,700,
16S:898,G,900,
16S:899,C,700,
16S:900,A,400,
16S:901,A,400,
16S:902,G,900,
16S:903,G,900,
16S:904,U,100,
16S:905,U,100,
16S:906,A,400,
16S:907,A,400,
16S:908,A,400,
16S:909,A,400,
16S:910,C,700,
16S:911,U,100,
16S:912,C,700,
16S:913,A,400,
16S:914,A,400,
16S:915,A,400,
16S:916,U,100,
16S:917,G,900,
16S:918,A,400,
16S:919,A,400,
16S:920,U,100,
16S:921,U,100,
16S:922,G,900,
16S:923,A,400,
16S:924,C,700,
16S:925,G,900,
16S:926,G,900,
16S:927,G,900,
16S:928,G,900,
16S:929,G,900,
16S:930,C,700,
16S:931,C,700,
16S:932,C,700,
16S:933,G,900,
16S:934,C,700,
16S:935,A,400,
16S:936,C,700,
16S:937,A,400,
16S:938,A,400,
16S:939,G,900,
16S:940,C,700,
16S:941,G,900,
16S:942,G,900,
16S:943,U,100,
16S:944,G,900,
16S:945,G,900,
16S:946,A,400,
16S:947,G,900,
16S:948,C,700,
16S:949,A,400,
16S:950,U,100,
16S:951,G,900,
16S:952,U,100,
16S:953,G,900,
16S:954,G,900,
16S:955,U,100,
16S:956,U,100,
16S:957,U,100,
16S:958,A,400,
16S:959,A,400,
16S:960,U,100,
16S:961,U,100,
16S:962,C,700,
16S:963,G,900,
16S:964,A,400,
16S:965,U,100,
16S:966,G,900,
16S:967,C,700,
16S:968,A,400,
16S:969,A,400,
16S:970,C,700,
16S:971,G,900,
16S:972,C,700,
16S:973,G,900,
16S:974,A,400,
16S:975,A,400,
16S:976,G,900,
16S:977,A,400,
16S:978,A,400,
16S:979,C,700,
16S:980,C,700,
16S:981,U,100,
16S:982,U,100,
16S:983,A,400,
16S:984,C,700,
16S:985,C,700,
16S:986,U,100,
16S:987,G,900,
16S:988,G,900,
16S:989,U,100,
16S:990,C,700,
16S:991,U,100,
16S:992,U,100,
16S:993,G,900,
16S:994,A,400,
16S:995,C,700,
16S:996,A,400,
16S:997,U,100,
16S:998,C,700,
16S:999,C,700,
16S:1000,A,400,
16S:1001,C,700,
16S:1002,G,900,
16S:1003,G,900,
16S:1004,A,400,
16S:1005,A,400,
16S:1006,G,900,
16S:1007,U,100,
16S:1008,U,100,
16S:1009,U,100,
16S:1010,U,100,
16S:1011,C,700,
16S:1012,A,400,
16S:1013,G,900,
16S:1014,A,400,
16S:1015,G,900,
16S:1016,A,400,
16S:1017,U,100,
16S:1018,G,900,
16S:1019,A,400,
16S:1020,G,900,
16S:1021,A,400,
16S:1022,A,400,
16S:1023,U,100,
16S:1024,G,900,
16S:1025,U,100,
16S:1026,G,900,
16S:1027,C,700,
16S:1028,C,700,
16S:1029,U,100,
16S:1030,U,100,
16S:1031,C,700,
16S:1032,G,900,
16S:1033,G,900,
16S:1034,G,900,
16S:1035,A,400,
16S:1036,A,400,
16S:1037,C,700,
16S:1038,C,700,
16S:1039,G,900,
16S:1040,U,100,
16S:1041,G,900,
16S:1042,A,400,
16S:1043,G,900,
16S:1044,A,400,
16S:1045,C,700,
16S:1046,A,400,
16S:1047,G,900,
16S:1048,G,900,
16S:1049,U,100,
16S:1050,G,900,
16S:1051,C,700,
16S:1052,U,100,
16S:1053,G,900,
16S:1054,C,700,
16S:1055,A,400,
16S:1056,U,100,
16S:1057,G,900,
16S:1058,G,900,
16S:1059,C,700,
16S:1060,U,100,
16S:1061,G,900,
16S:1062,U,100,
16S:1063,C,700,
16S:1064,G,900,
16S:1065,U,100,
16S:1066,C,700,
16S:1067,A,400,
16S:1068,G,900,
16S:1069,C,700,
16S:1070,U,100,
16S:1071,C,700,
16S:1072,G,900,
16S:1073,U,100,
16S:1074,G,900,
16S:1075,U,100,
16S:1076,U,100,
16S:1077,G,900,
16S:1078,U,100,
16S:1079,G,900,
16S:1080,A,400,
16S:1081,A,400,
16S:1082,A,400,
16S:1083,U,100,
16S:1084,G,900,
16S:1085,U,100,
16S:1086,U,100,
16S:1087,G,900,
16S:1088,G,900,
16S:1089,G,900,
16S:1090,U,100,
16S:1091,U,100,
16S:1092,A,400,
16S:1093,A,400,
16S:1094,G,900,
16S:1095,U,100,
16S:1096,C,700,
16S:1097,C,700,
16S:1098,C,700,
16S:1099,G,900,
16S:1100,C,700,
16S:1101,A,400,
16S:1102,A,400,
16S:1103,C,700,
16S:1104,G,900,
16S:1105,A,400,
16S:1106,G,900,
16S:1107,C,700,
16S:1108,G,900,
16S:1109,C,700,
16S:1110,A,400,
16S:1111,A,400,
16S:1112,C,700,
16S:1113,C,700,
16S:1114,C,700,
16S:1115,U,100,
16S:1116,U,100,
16S:1117,A,400,
16S:1118,U,100,
16S:1119,C,700,
16S:1120,C,700,
16S:1121,U,100,
16S:1122,U,100,
16S:1123,U,100,
16S:1124,G,900,
16S:1125,U,100,
16S:1126,U,100,
16S:1127,G,900,
16S:1128,C,700,
16S:1129,C,700,
16S:1130,A,400,
16S:1131,G,900,
16S:1132,C,700,
16S:1133,G,900,
16S:1134,G,900,
16S:1135,U,100,
16S:1136,C,700,
16S:1137,C,700,
16S:1138,G,900,
16S:1139,G,900,
16S:1140,C,700,
16S:1141,C,700,
16S:1142,G,900,
16S:1143,G,900,
16S:1144,G,900,
16S:1145,A,400,
16S:1146,A,400,
16S:1147,C,700,
16S:1148,U,100,
16S:1149,C,700,
16S:1150,A,400,
16S:1151,A,400,
16S:1152,A,400,
16S:1153,G,900,
16S:1154,G,900,
16S:1155,A,400,
16S:1156,G,900,
16S:1157,A,400,
16S:1158,C,700,
16S:1159,U,100,
16S:1160,G,900,
16S:1161,C,700,
16S:1162,C,700,
16S:1163,A,400,
16S:1164,G,900,
16S:1165,U,100,
16S:1166,G,900,
16S:1167,A,400,
16S:1168,U,100,
16S:1169,A,400,
16S:1170,A,400,
16S:1171,A,400,
16S:1172,C,700,
16S:1173,U,100,
16S:1174,G,900,
16S:1175,G,900,
16S:1176,A,400,
16S:1177,G,900,
16S:1178,G,900,
16S:1179,A,400,
16S:1180,A,400,
16S:1181,G,900,
16S:1182,G,900,
16S:1183,U,100,
16S:1184,G,900,
16S:1185,G,900,
16S:1186,G,900,
16S:1187,G,900,
16S:1188,A,400,
16S:1189,U,100,
16S:1190,G,900,
16S:1191,A,400,
16S:1192,C,700,
16S:1193,G,900,
16S:1194,U,100,
16S:1195,C,700,
16S:1196,A,400,
16S:1197,A,400,
16S:1198,G,900,
16S:1199,U,100,
16S:1200,C,700,
16S:1201,A,400,
16S:1202,U,100,
16S:1203,C,700,
16S:1204,A,400,
16S:1205,U,100,
16S:1206,G,900,
16S:1207,G,900,
16S:1208,C,700,
16S:1209,C,700,
16S:1210,C,700,
16S:1211,U,100,
16S:1212,U,100,
16S:1213,A,400,
16S:1214,C,700,
16S:1215,G,900,
16S:1216,A,400,
16S:1217,C,700,
16S:1218,C,700,
16S:1219,A,400,
16S:1220,G,900,
16S:1221,G,900,
16S:1222,G,900,
16S:1223,C,700,
16S:1224,U,100,
16S:1225,A,400,
16S:1226,C,700,
16S:1227,A,400,
16S:1228,C,700,
16S:1229,A,400,
16S:1230,C,700,
16S:1231,G,900,
16S:1232,U,100,
16S:1233,G,900,
16S:1234,C,700,
16S:1235,U,100,
16S:1236,A,400,
16S:1237,C,700,
16S:1238,A,400,
16S:1239,A,400,
16S:1240,U,100,
16S:1241,G,900,
16S:1242,G,900,
16S:1243,C,700,
16S:1244,G,900,
16S:1245,C,700,
16S:1246,A,400,
16S:1247,U,100,
16S:1248,A,400,
16S:1249,C,700,
16S:1250,A,400,
16S:1251,A,400,
16S:1252,A,400,
16S:1253,G,900,
16S:1254,A,400,
16S:1255,G,900,
16S:1256,A,400,
16S:1257,A,400,
16S:1258,G,900,
16S:1259,C,700,
16S:1260,G,900,
16S:1261,A,400,
16S:1262,C,700,
16S:1263,C,700,
16S:1264,U,100,
16S:1265,C,700,
16S:1266,G,900,
16S:1267,C,700,
16S:1268,G,900,
16S:1269,A,400,
16S:1270,G,900,
16S:1271,A,400,
16S:1272,G,900,
16S:1273,C,700,
16S:1274,A,400,
16S:1275,A,400,
16S:1276,G,900,
16S:1277,C,700,
16S:1278,G,900,
16S:1279,G,900,
16S:1280,A,400,
16S:1281,C,700,
16S:1282,C,700,
16S:1283,U,100,
16S:1284,C,700,
16S:1285,A,400,
16S:1286,U,100,
16S:1287,A,400,
16S:1288,A,400,
16S:1289,A,400,
16S:1290,G,900,
16S:1291,U,100,
16S:1292,G,900,
16S:1293,C,700,
16S:1294,G,900,
16S:1295,U,100,
16S:1296,C,700,
16S:1297,G,900,
16S:1298,U,100,
16S:1299,A,400,
16S:1300,G,900,
16S:1301,U,100,
16S:1302,C,700,
16S:1303,C,700,
16S:1304,G,900,
16S:1305,G,900,
16S:1306,A,400,
16S:1307,U,100,
16S:1308,U,100,
16S:1309,G,900,
16S:1310,G,900,
16S:1311,A,400,
16S:1312,G,900,
16S:1313,U,100,
16S:1314,C,700,
16S:1315,U,100,
16S:1316,G,900,
16S:1317,C,700,
16S:1318,A,400,
16S:1319,A,400,
16S:1320,C,700,
16S:1321,U,100,
16S:1322,C,700,
16S:1323,G,900,
16S:1324,A,400,
16S:1325,C,700,
16S:1326,U,100,
16S:1327,C,700,
16S:1328,C,700,
16S:1329,A,400,
16S:1330,U,100,
16S:1331,G,900,
16S:1332,A,400,
16S:1333,A,400,
16S:1334,G,900,
16S:1335,U,100,
16S:1336,C,700,
16S:1337,G,900,
16S:1338,G,900,
16S:1339,A,400,
16S:1340,A,400,
16S:1341,U,100,
16S:1342,C,700,
16S:1343,G,900,
16S:1344,C,700,
16S:1345,U,100,
16S:1346,A,400,
16S:1347,G,900,
16S:1348,U,100,
16S:1349,A,400,
16S:1350,A,400,
16S:1351,U,100,
16S:1352,C,700,
16S:1353,G,900,
16S:1354,U,100,
16S:1355,G,900,
16S:1356,G,900,
16S:1357,A,400,
16S:1358,U,100,
16S:1359,C,700,
16S:1360,A,400,
16S:1361,G,900,
16S:1362,A,400,
16S:1363,A,400,
16S:1364,U,100,
16S:1365,G,900,
16S:1366,C,700,
16S:1367,C,700,
16S:1368,A,400,
16S:1369,C,700,
16S:1370,G,900,
16S:1371,G,900,
16S:1372,U,100,
16S:1373,G,900,
16S:1374,A,400,
16S:1375,A,400,
16S:1376,U,100,
16S:1377,A,400,
16S:1378,C,700,
16S:1379,G,900,
16S:1380,U,100,
16S:1381,U,100,
16S:1382,C,700,
16S:1383,C,700,
16S:1384,C,700,
16S:1385,G,900,
16S:1386,G,900,
16S:1387,G,900,
16S:1388,C,700,
16S:1389,C,700,
16S:1390,U,100,
16S:1391,U,100,
16S:1392,G,900,
16S:1393,U,100,
16S:1394,A,400,
16S:1395,C,700,
16S:1396,A,400,
16S:1397,C,700,
16S:1398,A,400,
16S:1399,C,700,
16S:1400,C,700,
16S:1401,G,900,
16S:1402,C,700,
16S:1403,C,700,
16S:1404,C,700,
16S:1405,G,900,
16S:1406,U,100,
16S:1407,C,700,
16S:1408,A,400,
16S:1409,C,700,
16S:1410,A,400,
16S:1411,C,700,
16S:1412,C,700,
16S:1413,A,400,
16S:1414,U,100,
16S:1415,G,900,
16S:1416,G,900,
16S:1417,G,900,
16S:1418,A,400,
16S:1419,G,900,
16S:1420,U,100,
16S:1421,G,900,
16S:1422,G,900,
16S:1423,G,900,
16S:1424,U,100,
16S:1425,U,100,
16S:1426,G,900,
16S:1427,C,700,
16S:1428,A,400,
16S:1429,A,400,
16S:1430,A,400,
16S:1431,A,400,
16S:1432,G,900,
16S:1433,A,400,
16S:1434,A,400,
16S:1435,G,900,
16S:1436,U,100,
16S:1437,A,400,
16S:1438,G,900,
16S:1439,G,900,
16S:1440,U,100,
16S:1441,A,400,
16S:1442,G,900,
16S:1443,C,700,
16S:1444,U,100,
16S:1445,U,100,
16S:1446,A,400,
16S:1447,A,400,
16S:1448,C,700,
16S:1449,C,700,
16S:1450,U,100,
16S:1451,U,100,
16S:1452,C,700,
16S:1453,G,900,
16S:1454,G,900,
16S:1455,G,900,
16S:1456,A,400,
16S:1457,G,900,
16S:1458,G,900,
16S:1459,G,900,
16S:1460,C,700,
16S:1461,G,900,
16S:1462,C,700,
16S:1463,U,100,
16S:1464,U,100,
16S:1465,A,400,
16S:1466,C,700,
16S:1467,C,700,
16S:1468,A,400,
16S:1469,C,700,
16S:1470,U,100,
16S:1471,U,100,
16S:1472,U,100,
16S:1473,G,900,
16S:1474,U,100,
16S:1475,G,900,
16S:1476,A,400,
16S:1477,U,100,
16S:1478,U,100,
16S:1479,C,700,
16S:1480,A,400,
16S:1481,U,100,
16S:1482,G,900,
16S:1483,A,400,
16S:1484,C,700,
16S:1485,U,100,
16S:1486,G,900,
16S:1487,G,900,
16S:1488,G,900,
16S:1489,G,900,
16S:1490,U,100,
16S:1491,G,900,
16S:1492,A,400,
16S:1493,A,400,
16S:1494,G,900,
16S:1495,U,100,
16S:1496,C,700,
16S:1497,G,900,
16S:1498,U,100,
16S:1499,A,400,
16S:1500,A,400,
16S:1501,C,700,
16S:1502,A,400,
16S:1503,A,400,
16S:1504,G,900,
16S:1505,G,900,
16S:1506,U,100,
16S:1507,A,400,
16S:1508,A,400,
16S:1509,C,700,
16S:1510,C,700,
16S:1511,G,900,
16S:1512,U,100,
16S:1513,A,400,
16S:1514,G,900,
16S:1515,G,900,
16S:1516,G,900,
16S:1517,G,900,
16S:1518,A,400,
16S:1519,A,400,
16S:1520,C,700,
16S:1521,C,700,
16S:1522,U,100,
16S:1523,G,900,
16S:1524,C,700,
16S:1525,G,900,
16S:1526,G,900,
16S:1527,U,100,
16S:1528,U,100,
16S:1529,G,900,
16S:1530,G,900,
16S:1531,A,400,
16S:1532,U,100,
16S:1533,C,700,
16S:1534,A,400,
16S:1535,C,700,
16S:1536,C,700,
16S:1537,U,100,
16S:1538,C,700,
16S:1539,C,700,
16S:1540,U,100,
16S:1541,U,100,
16S:1542,A,400,
