pairIndex,resIndex1,resIndex2,bp_type
1,8,2744,n7BPh"
2,12,13,n0BPh"
3,25,549,5BPh"
4,26,549,n3BPh"
5,31,485,n7BPh"
6,43,42,n9BPh"
7,45,203,0BPh"
8,45,202,7BPh"
9,47,165,5BPh"
10,67,73,3BPh"
11,81,101,n7BPh"
12,82,101,3BPh"
13,82,81,n0BPh"
14,90,517,1BPh"
15,99,98,n9BPh"
16,103,102,7BPh"
17,110,69,5BPh"
18,111,110,9BPh"
19,115,51,5BPh"
20,116,117,n0BPh"
21,117,116,0BPh"
22,117,51,6BPh"
23,118,117,n9BPh"
24,122,115,n6BPh"
25,125,114,n9BPh"
26,134,137,n5BPh"
27,145,144,9BPh"
28,155,154,n2BPh"
29,157,156,0BPh"
30,157,155,9BPh"
31,165,164,n3BPh"
32,177,194,4BPh"
33,181,180,9BPh"
34,183,187,6BPh"
35,183,186,n7BPh"
36,186,185,8BPh"
37,186,184,n7BPh"
38,189,188,9BPh"
39,192,179,6BPh"
40,193,178,3BPh"
41,196,195,n9BPh"
42,205,173,2BPh"
43,207,467,n6BPh"
44,208,467,5BPh"
45,209,254,n2BPh"
46,210,460,0BPh"
47,210,222,n2BPh"
48,215,247,n6BPh"
49,216,2523,7BPh"
50,216,215,n0BPh"
51,217,218,n0BPh"
52,228,244,5BPh"
53,228,245,n3BPh"
54,229,244,6BPh"
55,230,243,3BPh"
56,233,232,n0BPh"
57,235,239,3BPh"
58,237,236,0BPh"
59,242,231,5BPh"
60,261,260,n7BPh"
61,266,265,n9BPh"
62,275,278,5BPh"
63,297,258,4BPh"
64,298,257,9BPh"
65,302,298,2BPh"
66,303,405,3BPh"
67,306,305,9BPh"
68,312,311,n9BPh"
69,314,313,n0BPh"
70,330,385,4BPh"
71,332,330,n6BPh"
72,336,378,5BPh"
73,336,379,n3BPh"
74,337,362,n2BPh"
75,346,349,3BPh"
76,347,515,n3BPh"
77,348,369,n2BPh"
78,359,362,1BPh"
79,374,373,7BPh"
80,375,373,7BPh"
81,409,443,6BPh"
82,412,440,n6BPh"
83,413,439,3BPh"
84,416,415,9BPh"
85,423,422,n9BPh"
86,424,427,5BPh"
87,429,428,n7BPh"
88,438,414,4BPh"
89,439,446,n2BPh"
90,441,411,n1BPh"
91,443,442,n0BPh"
92,443,407,n9BPh"
93,446,212,n1BPh"
94,462,411,6BPh"
95,463,462,9BPh"
96,467,253,n2BPh"
97,470,469,n9BPh"
98,485,511,n2BPh"
99,486,27,9BPh"
100,488,492,5BPh"
101,489,492,7BPh"
102,489,491,n9BPh"
103,490,496,n3BPh"
104,493,492,9BPh"
105,493,511,n6BPh"
106,495,509,6BPh"
107,496,508,n3BPh"
108,499,498,9BPh"
109,501,504,4BPh"
110,507,497,5BPh"
111,514,517,5BPh"
112,517,519,2BPh"
113,526,530,n3BPh"
114,529,530,n0BPh"
115,540,549,n2BPh"
116,547,546,9BPh"
117,552,551,7BPh"
118,559,645,n1BPh"
119,561,13,3BPh"
120,564,2165,2BPh"
121,564,565,n0BPh"
122,565,2145,3BPh"
123,566,2145,n3BPh"
124,568,567,n0BPh"
125,575,560,n1BPh"
126,579,580,n0BPh"
127,583,582,n0BPh"
128,591,590,9BPh"
129,598,627,n1BPh"
130,602,623,4BPh"
131,606,605,7BPh"
132,611,614,4BPh"
133,612,1149,n9BPh"
134,620,604,5BPh"
135,621,604,6BPh"
136,622,603,4BPh"
137,625,624,9BPh"
138,626,599,5BPh"
139,640,1362,n3BPh"
140,651,568,1BPh"
141,651,567,n5BPh"
142,653,663,n9BPh"
143,654,663,7BPh"
144,658,661,5BPh"
145,660,2613,n5BPh"
146,661,665,2BPh"
147,661,2614,6BPh"
148,663,2153,2BPh"
149,664,2156,n7BPh"
150,665,663,7BPh"
151,666,663,n7BPh"
152,675,1394,4BPh"
153,677,803,1BPh"
154,690,696,1BPh"
155,697,698,n0BPh"
156,699,249,n2BPh"
157,704,709,n3BPh"
158,705,708,5BPh"
159,711,710,n9BPh"
160,714,698,n5BPh"
161,715,714,9BPh"
162,722,732,6BPh"
163,724,773,n1BPh"
164,725,728,3BPh"
165,727,774,6BPh"
166,729,728,n9BPh"
167,733,785,9BPh"
168,740,762,4BPh"
169,761,741,4BPh"
170,763,978,1BPh"
171,763,979,4BPh"
172,775,778,n1BPh"
173,777,776,7BPh"
174,778,779,n0BPh"
175,779,2464,n1BPh"
176,781,725,n1BPh"
177,787,693,6BPh"
178,802,801,7BPh"
179,806,2559,1BPh"
180,809,181,2BPh"
181,816,922,1BPh"
182,819,922,n6BPh"
183,820,819,9BPh"
184,846,849,2BPh"
185,857,837,n5BPh"
186,858,837,3BPh"
187,862,897,9BPh"
188,865,896,n5BPh"
189,866,1900,7BPh"
190,866,891,n6BPh"
191,867,831,5BPh"
192,876,2723,5BPh"
193,876,2695,n9BPh"
194,880,2724,n3BPh"
195,881,2727,9BPh"
196,882,884,0BPh"
197,895,867,5BPh"
198,909,928,n1BPh"
199,910,2194,5BPh"
200,910,2353,n1BPh"
201,910,2195,n3BPh"
202,917,1917,2BPh"
203,917,918,n0BPh"
204,922,817,n7BPh"
205,923,886,2BPh"
206,923,1769,n6BPh"
207,924,922,9BPh"
208,925,922,7BPh"
209,927,2195,7BPh"
210,935,804,3BPh"
211,935,805,n1BPh"
212,936,181,n2BPh"
213,939,962,5BPh"
214,939,963,n1BPh"
215,940,939,n7BPh"
216,945,1391,5BPh"
217,945,677,n9BPh"
218,952,1330,5BPh"
219,954,1080,n2BPh"
220,956,955,n0BPh"
221,961,2546,9BPh"
222,962,963,n1BPh"
223,963,2360,9BPh"
224,964,941,2BPh"
225,970,955,n3BPh"
226,971,970,n9BPh"
227,979,1070,n3BPh"
228,983,982,n9BPh"
229,993,2382,n1BPh"
230,994,1052,3BPh"
231,1023,1027,3BPh"
232,1023,1022,n0BPh"
233,1027,1026,n0BPh"
234,1029,1027,7BPh"
235,1029,1028,n9BPh"
236,1045,1090,2BPh"
237,1045,1091,6BPh"
238,1047,1045,7BPh"
239,1047,1046,n9BPh"
240,1053,2381,6BPh"
241,1054,1053,n9BPh"
242,1071,1070,9BPh"
243,1076,1334,n1BPh"
244,1080,966,n9BPh"
245,1080,967,n9BPh"
246,1081,2561,6BPh"
247,1082,956,0BPh"
248,1082,660,n1BPh"
249,1092,1095,3BPh"
250,1104,1103,n9BPh"
251,1107,954,6BPh"
252,1108,1106,0BPh"
253,1109,1124,n6BPh"
254,1113,1115,n0BPh"
255,1114,1273,n7BPh"
256,1116,1115,9BPh"
257,1119,1118,8BPh"
258,1123,1105,5BPh"
259,1123,1109,n3BPh"
260,1133,1293,n6BPh"
261,1144,1138,0BPh"
262,1153,1279,n6BPh"
263,1154,1155,n0BPh"
264,1159,1158,n0BPh"
265,1159,1273,n5BPh"
266,1161,1114,6BPh"
267,1161,1160,n7BPh"
268,1164,1163,n7BPh"
269,1166,1264,n6BPh"
270,1172,1153,n1BPh"
271,1184,1185,0BPh"
272,1184,1182,n0BPh"
273,1186,1188,0BPh"
274,1194,1195,n0BPh"
275,1194,1239,n5BPh"
276,1199,1207,n2BPh"
277,1202,1208,n7BPh"
278,1204,1207,5BPh"
279,1204,1205,n0BPh"
280,1204,1203,n9BPh"
281,1207,1211,n2BPh"
282,1208,1235,0BPh"
283,1210,1235,9BPh"
284,1210,1236,n7BPh"
285,1215,1227,n6BPh"
286,1216,1215,9BPh"
287,1217,1226,8BPh"
288,1221,1224,5BPh"
289,1223,1195,2BPh"
290,1225,1226,n0BPh"
291,1231,1235,n3BPh"
292,1232,1235,n5BPh"
293,1242,1241,9BPh"
294,1244,1245,0BPh"
295,1248,1186,4BPh"
296,1258,1152,3BPh"
297,1263,1167,n3BPh"
298,1264,1166,6BPh"
299,1266,2604,0BPh"
300,1267,2605,7BPh"
301,1268,2147,n5BPh"
302,1272,1275,9BPh"
303,1273,2161,1BPh"
304,1273,1114,n0BPh"
305,1280,1279,n0BPh"
306,1292,1133,5BPh"
307,1295,1294,7BPh"
308,1296,1295,8BPh"
309,1312,1315,5BPh"
310,1323,1324,n0BPh"
311,1325,1324,9BPh"
312,1326,1325,n9BPh"
313,1328,1108,n1BPh"
314,1329,953,3BPh"
315,1333,974,n1BPh"
316,1356,548,3BPh"
317,1364,1367,n3BPh"
318,1365,949,n5BPh"
319,1376,1354,5BPh"
320,1377,1354,n3BPh"
321,1389,1390,n0BPh"
322,1389,483,n9BPh"
323,1392,1394,n0BPh"
324,1392,676,n6BPh"
325,1394,944,n0BPh"
326,1396,2182,5BPh"
327,1397,1395,n9BPh"
328,1405,2137,5BPh"
329,1406,2137,n6BPh"
330,1407,2136,n3BPh"
331,1412,1411,0BPh"
332,1413,879,3BPh"
333,1414,1413,7BPh"
334,1415,1794,5BPh"
335,1425,1428,3BPh"
336,1427,1471,5BPh"
337,1427,1470,n1BPh"
338,1431,1430,7BPh"
339,1441,1796,5BPh"
340,1442,1779,n3BPh"
341,1448,1762,n6BPh"
342,1453,1452,n3BPh"
343,1456,1455,9BPh"
344,1457,1456,n9BPh"
345,1462,1472,n9BPh"
346,1467,1805,n0BPh"
347,1469,1431,n6BPh"
348,1472,1471,8BPh"
349,1475,1474,n9BPh"
350,1486,1485,n9BPh"
351,1487,1486,8BPh"
352,1490,1489,n9BPh"
353,1491,1490,8BPh"
354,1492,1521,n7BPh"
355,1505,1508,5BPh"
356,1509,199,9BPh"
357,1510,1509,9BPh"
358,1520,1494,5BPh"
359,1520,1495,n3BPh"
360,1526,1489,5BPh"
361,1528,1487,n7BPh"
362,1530,1541,n7BPh"
363,1535,1538,5BPh"
364,1538,1539,n0BPh"
365,1541,1483,n5BPh"
366,1541,1540,n9BPh"
367,1542,1541,8BPh"
368,1543,1541,n7BPh"
369,1561,1562,n0BPh"
370,1565,1568,n3BPh"
371,1576,1734,6BPh"
372,1578,1579,n0BPh"
373,1585,1725,3BPh"
374,1586,1724,n6BPh"
375,1587,1723,7BPh"
376,1597,1598,n0BPh"
377,1598,1599,n0BPh"
378,1599,1600,n0BPh"
379,1622,1700,n7BPh"
380,1624,1676,n6BPh"
381,1640,1659,3BPh"
382,1641,1659,n3BPh"
383,1643,1644,n0BPh"
384,1649,1652,5BPh"
385,1650,858,2BPh"
386,1656,1643,n3BPh"
387,1657,1656,n2BPh"
388,1659,1642,6BPh"
389,1661,1660,9BPh"
390,1668,1711,0BPh"
391,1675,1624,4BPh"
392,1690,1689,9BPh"
393,1700,1622,n9BPh"
394,1735,1734,n0BPh"
395,1740,1560,6BPh"
396,1741,1560,n6BPh"
397,1742,1560,3BPh"
398,1744,1745,0BPh"
399,1745,1744,9BPh"
400,1753,127,n7BPh"
401,1754,1753,9BPh"
402,1759,1758,9BPh"
403,1761,1449,5BPh"
404,1766,1765,8BPh"
405,1767,1765,n7BPh"
406,1770,884,6BPh"
407,1770,885,n7BPh"
408,1772,1769,n6BPh"
409,1781,1780,n0BPh"
410,1781,830,n9BPh"
411,1782,1707,9BPh"
412,1784,2814,n1BPh"
413,1787,1790,4BPh"
414,1787,1788,n0BPh"
415,1790,1782,0BPh"
416,1790,830,6BPh"
417,1802,1431,n9BPh"
418,1803,1416,n3BPh"
419,1803,1413,n3BPh"
420,1804,1467,n9BPh"
421,1805,1412,n9BPh"
422,1813,2172,2BPh"
423,1814,1813,9BPh"
424,1814,1812,n7BPh"
425,1825,2115,4BPh"
426,1828,1827,n9BPh"
427,1829,1832,5BPh"
428,1829,1828,n9BPh"
429,1834,2116,2BPh"
430,1837,1902,n6BPh"
431,1838,1902,5BPh"
432,1839,1901,1BPh"
433,1841,1840,9BPh"
434,1845,1858,5BPh"
435,1847,1856,6BPh"
436,1847,1905,n2BPh"
437,1848,2101,n6BPh"
438,1849,1848,n7BPh"
439,1852,1851,n7BPh"
440,1854,2101,n1BPh"
441,1856,1847,n6BPh"
442,1857,1840,n3BPh"
443,1858,1905,2BPh"
444,1877,1878,n0BPh"
445,1879,1704,2BPh"
446,1891,1894,3BPh"
447,1897,1896,n7BPh"
448,1898,1897,n9BPh"
449,1899,1898,n9BPh"
450,1901,1859,n3BPh"
451,1910,1912,n1BPh"
452,1918,820,n6BPh"
453,1922,872,n6BPh"
454,1925,1924,n7BPh"
455,1926,1925,n9BPh"
456,1927,1912,6BPh"
457,1928,1927,n9BPh"
458,1929,1967,n6BPh"
459,1937,1957,4BPh"
460,1945,1948,3BPh"
461,1946,1506,2BPh"
462,1952,1951,n9BPh"
463,1966,1928,5BPh"
464,1966,1929,n3BPh"
465,1976,2022,8BPh"
466,1987,1986,n9BPh"
467,1990,2013,3BPh"
468,1990,2012,5BPh"
469,1999,2004,3BPh"
470,1999,2003,n5BPh"
471,2000,2003,5BPh"
472,2005,2004,n9BPh"
473,2011,1991,n0BPh"
474,2011,1989,n5BPh"
475,2017,2016,9BPh"
476,2022,1976,6BPh"
477,2022,2023,n0BPh"
478,2035,2036,n0BPh"
479,2037,2038,n0BPh"
480,2037,2036,n9BPh"
481,2041,2035,6BPh"
482,2043,2042,8BPh"
483,2052,2029,0BPh"
484,2053,2029,0BPh"
485,2053,2092,4BPh"
486,2056,2097,1BPh"
487,2058,2086,4BPh"
488,2060,2088,n6BPh"
489,2064,2088,9BPh"
490,2065,2064,n9BPh"
491,2074,2077,5BPh"
492,2077,2109,n2BPh"
493,2079,2078,n0BPh"
494,2079,2109,n1BPh"
495,2084,2059,7BPh"
496,2085,2084,7BPh"
497,2085,2059,n6BPh"
498,2086,2087,n0BPh"
499,2088,2063,7BPh"
500,2091,2054,5BPh"
501,2095,1966,n0BPh"
502,2103,1924,1BPh"
503,2104,1923,0BPh"
504,2122,2803,1BPh"
505,2128,1812,3BPh"
506,2129,2128,8BPh"
507,2135,1408,5BPh"
508,2139,2138,n7BPh"
509,2151,2155,5BPh"
510,2152,661,7BPh"
511,2153,2151,n1BPh"
512,2158,2157,8BPh"
513,2159,2157,7BPh"
514,2177,2618,n2BPh"
515,2181,2180,2BPh"
516,2181,2617,7BPh"
517,2183,2616,0BPh"
518,2184,2185,n0BPh"
519,2186,2185,9BPh"
520,2214,2338,5BPh"
521,2237,2238,n0BPh"
522,2237,2235,n5BPh"
523,2239,2241,1BPh"
524,2240,2232,9BPh"
525,2241,2291,n6BPh"
526,2247,2293,3BPh"
527,2248,2293,7BPh"
528,2249,2250,n0BPh"
529,2254,2253,n9BPh"
530,2267,2268,0BPh"
531,2269,2270,n0BPh"
532,2269,2233,n1BPh"
533,2269,2232,n3BPh"
534,2271,2231,1BPh"
535,2278,2257,n3BPh"
536,2279,2256,n3BPh"
537,2280,2253,6BPh"
538,2286,2285,n6BPh"
539,2287,2285,n9BPh"
540,2287,2286,n9BPh"
541,2289,2292,5BPh"
542,2289,2288,n9BPh"
543,2291,2243,2BPh"
544,2293,2295,n2BPh"
545,2295,2294,0BPh"
546,2296,2294,9BPh"
547,2311,2312,n0BPh"
548,2318,2337,7BPh"
549,2322,2321,8BPh"
550,2327,2330,3BPh"
551,2336,2321,n3BPh"
552,2339,2338,n0BPh"
553,2350,2199,5BPh"
554,2350,2198,n1BPh"
555,2361,2365,n5BPh"
556,2361,2360,n9BPh"
557,2362,2363,n0BPh"
558,2362,2611,n0BPh"
559,2363,2187,n1BPh"
560,2367,2366,n0BPh"
561,2379,2386,6BPh"
562,2381,1053,n6BPh"
563,2384,1101,4BPh"
564,2385,2384,9BPh"
565,2402,2459,n1BPh"
566,2431,2410,5BPh"
567,2458,2498,1BPh"
568,2470,2476,n6BPh"
569,2472,2471,n9BPh"
570,2475,2474,7BPh"
571,2491,2494,3BPh"
572,2493,2406,n6BPh"
573,2495,2405,1BPh"
574,2498,2482,9BPh"
575,2498,2499,n0BPh"
576,2505,2395,1BPh"
577,2505,2506,n0BPh"
578,2506,2507,n0BPh"
579,2507,2541,3BPh"
580,2509,237,n2BPh"
581,2510,2509,9BPh"
582,2539,2508,n6BPh"
583,2544,2470,n7BPh"
584,2546,2357,6BPh"
585,2546,2548,n0BPh"
586,2555,2553,9BPh"
587,2561,2615,0BPh"
588,2561,2564,1BPh"
589,2562,2561,n0BPh"
590,2574,2573,9BPh"
591,2575,2574,n9BPh"
592,2586,2591,5BPh"
593,2587,2588,n0BPh"
594,2589,2588,8BPh"
595,2589,2587,n6BPh"
596,2590,2582,n7BPh"
597,2593,2592,9BPh"
598,2598,2597,n9BPh"
599,2611,2565,6BPh"
600,2616,1396,n3BPh"
601,2643,2587,1BPh"
602,2644,2643,n9BPh"
603,2649,2644,3BPh"
604,2657,2762,3BPh"
605,2666,2669,n5BPh"
606,2670,2669,9BPh"
607,2677,2680,n5BPh"
608,2684,1268,1BPh"
609,2686,2689,0BPh"
610,2686,2619,2BPh"
611,2686,2690,n7BPh"
612,2687,2567,n9BPh"
613,2690,2620,4BPh"
614,2695,2694,n3BPh"
615,2709,2712,3BPh"
616,2716,2699,2BPh"
617,2717,2063,n1BPh"
618,2722,2700,5BPh"
619,2722,2701,n3BPh"
620,2741,2889,5BPh"
621,2743,8,n5BPh"
622,2752,2888,4BPh"
623,2757,2759,n1BPh"
624,2768,2767,n9BPh"
625,2769,2781,6BPh"
626,2770,2780,3BPh"
627,2773,2772,8BPh"
628,2774,2777,n3BPh"
629,2779,2771,5BPh"
630,2781,2769,n6BPh"
631,2803,2833,6BPh"
632,2805,2804,0BPh"
633,2806,2804,n7BPh"
634,2815,2817,n7BPh"
635,2819,2818,n9BPh"
636,2822,1795,n1BPh"
637,2826,2828,0BPh"
638,2826,2829,n7BPh"
639,2830,2985,n1BPh"
640,2832,2804,4BPh"
641,2845,2760,n2BPh"
642,2852,2876,n6BPh"
643,2859,2868,4BPh"
644,2864,2863,n7BPh"
645,2867,2855,6BPh"
646,2867,2856,9BPh"
647,2875,2852,5BPh"
648,2877,2762,n0BPh"
649,2879,2878,n9BPh"
650,2883,2882,9BPh"
651,2888,2894,n2BPh"
652,2889,563,6BPh"
653,2901,3038,n1BPh"
654,2902,2901,9BPh"
655,2912,2929,n6BPh"
656,2914,2913,n9BPh"
657,2923,2926,4BPh"
658,2959,1810,n3BPh"
659,2960,2130,n2BPh"
660,2968,3030,1BPh"
661,2969,3030,9BPh"
662,2972,3025,n6BPh"
663,2996,1869,1BPh"
664,2996,2995,n0BPh"
665,3005,2995,n3BPh"
666,3007,3006,n9BPh"
667,3012,2987,n5BPh"
668,3014,2987,n2BPh"
669,3020,3019,n9BPh"
670,3036,2947,n3BPh"
671,3037,2902,2BPh"
672,3039,4,5BPh"
