pairIndex,resIndex1,resIndex2,bp_type,ProteinName
1,2250,2251,NPN,L1P
2,2250,2296,NPN,L1P
3,2250,2297,NPN,L1P
4,2251,2296,NPN,L1P
5,2251,2297,NPN,L1P
6,2296,2297,NPN,L1P
7,2250,2296,NPN,L1P
8,1997,1998,NPN,L1P
9,2287,2288,NPN,L1P
10,2286,2287,NPN,L1P
11,2244,2247,NPN,L1P
12,2245,2246,NPN,L1P
13,2243,2299,NPN,L1P
14,1232,1235,NPN,L11P
15,1232,1236,NPN,L11P
16,1235,1236,NPN,L11P
17,1197,1198,NPN,L11P
18,1218,1219,NPN,L11P
19,1196,1197,NPN,L11P
20,1197,1198,NPN,L11P
21,1197,1226,NPN,L11P
22,1198,1226,NPN,L11P
23,1197,1198,NPN,L11P
24,1200,1226,NPN,L11P
25,1200,1201,NPN,L11P
26,1201,1202,NPN,L11P
27,1138,1145,NPN,L13P
28,1138,1281,NPN,L13P
29,1145,1281,NPN,L13P
30,1140,1142,NPN,L13P
31,1155,1278,NPN,L13P
32,2755,2756,NPN,L13P
33,2163,2732,NPN,L13P
34,2163,2733,NPN,L13P
35,2732,2733,NPN,L13P
36,1276,2755,NPN,L13P
37,2162,2163,NPN,L13P
38,2162,2164,NPN,L13P
39,2163,2164,NPN,L13P
40,565,2161,NPN,L13P
41,2891,2892,NPN,L13P
42,2892,2893,NPN,L13P
43,1277,1278,NPN,L13P
44,1277,1280,NPN,L13P
45,1277,1281,NPN,L13P
46,1278,1280,NPN,L13P
47,1278,1281,NPN,L13P
48,1280,1281,NPN,L13P
49,2075,2675,NPN,L14P
50,2761,2789,NPN,L14P
51,2661,2662,NPN,L14P
52,2117,2118,NPN,L14P
53,2117,2625,NPN,L14P
54,2117,2662,NPN,L14P
55,2118,2625,NPN,L14P
56,2118,2662,NPN,L14P
57,2625,2662,NPN,L14P
58,2119,2790,NPN,L14P
59,1827,2118,NPN,L14P
60,1827,2662,NPN,L14P
61,2118,2662,NPN,L14P
62,1390,1391,NPN,L15P
63,946,1337,NPN,L15P
64,946,1338,NPN,L15P
65,1337,1338,NPN,L15P
66,946,947,NPN,L15P
67,946,1335,NPN,L15P
68,947,1335,NPN,L15P
69,945,946,NPN,L15P
70,945,947,NPN,L15P
71,945,1391,NPN,L15P
72,946,947,NPN,L15P
73,946,1391,NPN,L15P
74,947,1391,NPN,L15P
75,946,947,NPN,L15P
76,946,948,NPN,L15P
77,947,948,NPN,L15P
78,948,1334,NPN,L15P
79,944,945,NPN,L15P
80,677,944,NPN,L15P
81,677,945,NPN,L15P
82,944,945,NPN,L15P
83,657,942,NPN,L15P
84,940,941,NPN,L15P
85,940,2562,NPN,L15P
86,941,2562,NPN,L15P
87,1079,1080,NPN,L15P
88,677,803,NPN,L15P
89,939,940,NPN,L15P
90,939,941,NPN,L15P
91,940,941,NPN,L15P
92,938,939,NPN,L15P
93,184,939,NPN,L15P
94,184,965,NPN,L15P
95,184,966,NPN,L15P
96,939,965,NPN,L15P
97,939,966,NPN,L15P
98,965,966,NPN,L15P
99,182,183,NPN,L15P
100,182,799,NPN,L15P
101,182,937,NPN,L15P
102,182,938,NPN,L15P
103,183,799,NPN,L15P
104,183,937,NPN,L15P
105,183,938,NPN,L15P
106,799,937,NPN,L15P
107,799,938,NPN,L15P
108,937,938,NPN,L15P
109,798,799,NPN,L15P
110,2544,2545,NPN,L15P
111,960,961,NPN,L15P
112,960,2546,NPN,L15P
113,961,2546,NPN,L15P
114,959,960,NPN,L15P
115,959,966,NPN,L15P
116,959,2544,NPN,L15P
117,960,966,NPN,L15P
118,960,2544,NPN,L15P
119,966,2544,NPN,L15P
120,184,966,NPN,L15P
121,959,966,NPN,L15P
122,959,967,NPN,L15P
123,966,967,NPN,L15P
124,967,968,NPN,L15P
125,238,2509,NPN,L15P
126,238,2509,NPN,L15P
127,238,2510,NPN,L15P
128,2509,2510,NPN,L15P
129,2533,2534,NPN,L15P
130,2532,2533,NPN,L15P
131,2531,2532,NPN,L15P
132,214,215,NPN,L15P
133,214,449,NPN,L15P
134,214,2522,NPN,L15P
135,214,2523,NPN,L15P
136,215,449,NPN,L15P
137,215,2522,NPN,L15P
138,215,2523,NPN,L15P
139,449,2522,NPN,L15P
140,449,2523,NPN,L15P
141,2522,2523,NPN,L15P
142,731,732,NPN,L15P
143,722,732,NPN,L15P
144,732,733,NPN,L15P
145,2322,2323,NPN,L15E
146,1503,1504,NPN,L15E
147,289,290,NPN,L15E
148,289,291,NPN,L15E
149,290,291,NPN,L15E
150,412,413,NPN,L15E
151,412,463,NPN,L15E
152,413,463,NPN,L15E
153,258,259,NPN,L15E
154,258,292,NPN,L15E
155,258,293,NPN,L15E
156,259,292,NPN,L15E
157,259,293,NPN,L15E
158,292,293,NPN,L15E
159,288,289,NPN,L15E
160,288,293,NPN,L15E
161,289,293,NPN,L15E
162,287,288,NPN,L15E
163,176,177,NPN,L15E
164,176,1506,NPN,L15E
165,177,1506,NPN,L15E
166,1947,2342,NPN,L15E
167,2203,2353,NPN,L15E
168,812,2353,NPN,L15E
169,812,2354,NPN,L15E
170,2353,2354,NPN,L15E
171,179,189,NPN,L15E
172,179,190,NPN,L15E
173,179,191,NPN,L15E
174,189,190,NPN,L15E
175,189,191,NPN,L15E
176,190,191,NPN,L15E
177,188,2202,NPN,L15E
178,2204,2344,NPN,L15E
179,420,421,NPN,L15E
180,146,147,NPN,L15E
181,146,163,NPN,L15E
182,201,206,NPN,L15E
183,201,466,NPN,L15E
184,206,466,NPN,L15E
185,465,466,NPN,L15E
186,174,199,NPN,L15E
187,173,174,NPN,L15E
188,173,206,NPN,L15E
189,174,206,NPN,L15E
190,463,464,NPN,L15E
191,206,207,NPN,L15E
192,415,461,NPN,L15E
193,415,462,NPN,L15E
194,461,462,NPN,L15E
195,208,209,NPN,L15E
196,208,212,NPN,L15E
197,208,221,NPN,L15E
198,209,212,NPN,L15E
199,209,221,NPN,L15E
200,212,221,NPN,L15E
201,213,449,NPN,L15E
202,244,425,NPN,L15E
203,222,223,NPN,L15E
204,173,206,NPN,L15E
205,173,174,NPN,L15E
206,173,175,NPN,L15E
207,174,175,NPN,L15E
208,422,423,NPN,L15E
209,422,431,NPN,L15E
210,422,432,NPN,L15E
211,423,431,NPN,L15E
212,423,432,NPN,L15E
213,431,432,NPN,L15E
214,1093,2573,NPN,L10E
215,2600,2601,NPN,L10E
216,1090,1091,NPN,L10E
217,1044,1046,NPN,L10E
218,1044,1047,NPN,L10E
219,1046,1047,NPN,L10E
220,1046,2376,NPN,L10E
221,1046,2390,NPN,L10E
222,2376,2390,NPN,L10E
223,1006,1007,NPN,L10E
224,1006,1042,NPN,L10E
225,1007,1042,NPN,L10E
226,2607,2608,NPN,L10E
227,2363,2364,NPN,L10E
228,2362,2388,NPN,L10E
229,2362,2389,NPN,L10E
230,2388,2389,NPN,L10E
231,2362,2365,NPN,L10E
232,2362,2388,NPN,L10E
233,2365,2388,NPN,L10E
234,2370,2388,NPN,L10E
235,1091,2389,NPN,L10E
236,1167,2599,NPN,L10E
237,2597,2599,NPN,L10E
238,1001,1002,NPN,L18P
239,1001,1049,NPN,L18P
240,1002,1049,NPN,L18P
241,1002,2432,NPN,L18P
242,1002,2433,NPN,L18P
243,2432,2433,NPN,L18P
244,2495,2496,NPN,L18P
245,2493,2494,NPN,L18P
246,2492,2493,NPN,L18P
247,1315,1316,NPN,L18E
248,1314,1315,NPN,L18E
249,1311,1312,NPN,L18E
250,688,689,NPN,L18E
251,688,690,NPN,L18E
252,689,690,NPN,L18E
253,687,688,NPN,L18E
254,786,787,NPN,L18E
255,734,786,NPN,L18E
256,734,735,NPN,L18E
257,693,786,NPN,L18E
258,762,763,NPN,L18E
259,1432,1433,NPN,L19E
260,1680,1681,NPN,L19E
261,1433,1434,NPN,L19E
262,1619,1796,NPN,L19E
263,1618,1619,NPN,L19E
264,1602,1617,NPN,L19E
265,1867,1868,NPN,L19E
266,1880,1881,NPN,L19E
267,1868,1869,NPN,L19E
268,1864,1865,NPN,L19E
269,1840,1884,NPN,L19E
270,1787,1788,NPN,L19E
271,1787,1841,NPN,L19E
272,1788,1841,NPN,L19E
273,1788,1841,NPN,L19E
274,1841,1842,NPN,L19E
275,1842,1843,NPN,L19E
276,1788,1883,NPN,L19E
277,1593,1594,NPN,L19E
278,1649,1651,NPN,L19E
279,1646,1647,NPN,L19E
280,1648,1649,NPN,L19E
281,927,2195,NPN,L2P
282,927,2196,NPN,L2P
283,927,2352,NPN,L2P
284,927,2353,NPN,L2P
285,2195,2196,NPN,L2P
286,2195,2352,NPN,L2P
287,2195,2353,NPN,L2P
288,2196,2352,NPN,L2P
289,2196,2353,NPN,L2P
290,2352,2353,NPN,L2P
291,1942,1943,NPN,L2P
292,1942,1961,NPN,L2P
293,1942,1962,NPN,L2P
294,1943,1961,NPN,L2P
295,1943,1962,NPN,L2P
296,1961,1962,NPN,L2P
297,913,914,NPN,L2P
298,913,916,NPN,L2P
299,914,916,NPN,L2P
300,1951,1961,NPN,L2P
301,1951,1962,NPN,L2P
302,1961,1962,NPN,L2P
303,1944,1950,NPN,L2P
304,823,906,NPN,L2P
305,823,907,NPN,L2P
306,906,907,NPN,L2P
307,1952,1953,NPN,L2P
308,825,826,NPN,L2P
309,825,1722,NPN,L2P
310,826,1722,NPN,L2P
311,1955,1956,NPN,L2P
312,1939,1956,NPN,L2P
313,1937,1938,NPN,L2P
314,1955,1956,NPN,L2P
315,1955,1957,NPN,L2P
316,1956,1957,NPN,L2P
317,1718,1958,NPN,L2P
318,861,898,NPN,L2P
319,898,1719,NPN,L2P
320,1928,1929,NPN,L2P
321,1926,1964,NPN,L2P
322,1926,1965,NPN,L2P
323,1926,1966,NPN,L2P
324,1964,1965,NPN,L2P
325,1964,1966,NPN,L2P
326,1965,1966,NPN,L2P
327,916,917,NPN,L2P
328,2554,2713,NPN,L2P
329,2704,2705,NPN,L2P
330,1926,2704,NPN,L2P
331,1963,2024,NPN,L2P
332,1980,1981,NPN,L2P
333,1936,1982,NPN,L2P
334,2205,2348,NPN,L2P
335,2349,2351,NPN,L2P
336,1933,2024,NPN,L2P
337,1934,1935,NPN,L2P
338,1981,1982,NPN,L2P
339,1935,1936,NPN,L2P
340,1935,1982,NPN,L2P
341,1935,2020,NPN,L2P
342,1936,1982,NPN,L2P
343,1936,2020,NPN,L2P
344,1982,2020,NPN,L2P
345,2021,2024,NPN,L2P
346,2021,2022,NPN,L2P
347,2021,2022,NPN,L2P
348,2378,2379,NPN,L21E
349,2378,2384,NPN,L21E
350,2378,2386,NPN,L21E
351,2379,2384,NPN,L21E
352,2379,2386,NPN,L21E
353,2384,2386,NPN,L21E
354,2377,2378,NPN,L21E
355,2377,2389,NPN,L21E
356,2378,2389,NPN,L21E
357,2375,2503,NPN,L21E
358,2376,2442,NPN,L21E
359,2376,2502,NPN,L21E
360,2442,2502,NPN,L21E
361,2376,2377,NPN,L21E
362,1046,2376,NPN,L21E
363,994,2383,NPN,L21E
364,2443,2444,NPN,L21E
365,2444,2445,NPN,L21E
366,1058,1059,NPN,L21E
367,990,991,NPN,L21E
368,990,1057,NPN,L21E
369,991,1057,NPN,L21E
370,2444,2445,NPN,L21E
371,992,993,NPN,L21E
372,991,992,NPN,L21E
373,1057,1058,NPN,L21E
374,2465,2481,NPN,L21E
375,2465,2482,NPN,L21E
376,2465,2483,NPN,L21E
377,2481,2482,NPN,L21E
378,2481,2483,NPN,L21E
379,2482,2483,NPN,L21E
380,2483,2496,NPN,L21E
381,2471,2472,NPN,L21E
382,2472,2473,NPN,L21E
383,2472,2473,NPN,L21E
384,2468,2471,NPN,L21E
385,2466,2467,NPN,L21E
386,989,1058,NPN,L21E
387,531,532,NPN,L22P
388,1463,1464,NPN,L22P
389,1406,1407,NPN,L22P
390,15,554,NPN,L22P
391,1407,2168,NPN,L22P
392,1405,1407,NPN,L22P
393,2169,2170,NPN,L22P
394,2168,2737,NPN,L22P
395,2168,2961,NPN,L22P
396,2737,2961,NPN,L22P
397,2951,2962,NPN,L22P
398,2951,2963,NPN,L22P
399,2962,2963,NPN,L22P
400,1407,1408,NPN,L22P
401,1407,2131,NPN,L22P
402,1407,2132,NPN,L22P
403,1408,2131,NPN,L22P
404,1408,2132,NPN,L22P
405,2131,2132,NPN,L22P
406,554,555,NPN,L22P
407,23,1402,NPN,L22P
408,23,1403,NPN,L22P
409,1402,1403,NPN,L22P
410,882,1409,NPN,L22P
411,882,1769,NPN,L22P
412,882,2136,NPN,L22P
413,1409,1769,NPN,L22P
414,1409,2136,NPN,L22P
415,1769,2136,NPN,L22P
416,881,1769,NPN,L22P
417,2135,2136,NPN,L22P
418,1542,1543,NPN,L23P
419,57,58,NPN,L23P
420,70,112,NPN,L23P
421,1483,1484,NPN,L23P
422,1480,1481,NPN,L23P
423,1482,1483,NPN,L23P
424,362,379,NPN,L24P
425,363,478,NPN,L24P
426,34,483,NPN,L24P
427,34,484,NPN,L24P
428,483,484,NPN,L24P
429,32,33,NPN,L24P
430,32,365,NPN,L24P
431,32,366,NPN,L24P
432,33,365,NPN,L24P
433,33,366,NPN,L24P
434,365,366,NPN,L24P
435,81,103,NPN,L24P
436,81,333,NPN,L24P
437,103,333,NPN,L24P
438,82,83,NPN,L24P
439,81,376,NPN,L24P
440,340,341,NPN,L24P
441,373,375,NPN,L24P
442,340,350,NPN,L24P
443,349,368,NPN,L24P
444,518,519,NPN,L24P
445,518,521,NPN,L24P
446,368,515,NPN,L24P
447,367,368,NPN,L24P
448,340,366,NPN,L24P
449,340,374,NPN,L24P
450,366,374,NPN,L24P
451,340,367,NPN,L24P
452,340,368,NPN,L24P
453,367,368,NPN,L24P
454,98,100,NPN,L24P
455,82,334,NPN,L24P
456,82,335,NPN,L24P
457,334,335,NPN,L24P
458,2800,2832,NPN,L24E
459,2831,2832,NPN,L24E
460,98,100,NPN,L29P
461,58,72,NPN,L29P
462,75,76,NPN,L29P
463,2623,2669,NPN,L3P
464,2683,2684,NPN,L3P
465,2660,2661,NPN,L3P
466,2625,2626,NPN,L3P
467,2735,2793,NPN,L3P
468,2736,2737,NPN,L3P
469,2736,2962,NPN,L3P
470,2736,2963,NPN,L3P
471,2737,2962,NPN,L3P
472,2737,2963,NPN,L3P
473,2962,2963,NPN,L3P
474,2749,2895,NPN,L3P
475,2895,2896,NPN,L3P
476,2970,2971,NPN,L3P
477,2898,2899,NPN,L3P
478,2967,2972,NPN,L3P
479,2967,2973,NPN,L3P
480,2972,2973,NPN,L3P
481,2795,2836,NPN,L3P
482,2958,2959,NPN,L3P
483,1812,2960,NPN,L3P
484,2120,2626,NPN,L3P
485,2120,2625,NPN,L3P
486,1828,2624,NPN,L3P
487,1828,2625,NPN,L3P
488,1828,2692,NPN,L3P
489,2624,2625,NPN,L3P
490,2624,2692,NPN,L3P
491,2625,2692,NPN,L3P
492,1831,1833,NPN,L3P
493,1831,2116,NPN,L3P
494,1833,2116,NPN,L3P
495,1814,1815,NPN,L3P
496,2625,2626,NPN,L3P
497,2174,2692,NPN,L3P
498,2175,2686,NPN,L3P
499,2685,2686,NPN,L3P
500,2174,2732,NPN,L3P
501,2174,2733,NPN,L3P
502,2732,2733,NPN,L3P
503,1813,2734,NPN,L3P
504,2885,2886,NPN,L3P
505,2793,2794,NPN,L3P
506,2834,3020,NPN,L3P
507,2794,2842,NPN,L3P
508,2786,2787,NPN,L3P
509,2981,2982,NPN,L3P
510,1641,1658,NPN,L30E
511,1122,1123,NPN,L30P
512,1104,1122,NPN,L30P
513,1103,1104,NPN,L30P
514,1103,1121,NPN,L30P
515,1104,1121,NPN,L30P
516,1063,1064,NPN,L30P
517,1123,1296,NPN,L30P
518,1296,1297,NPN,L30P
519,600,601,NPN,L30P
520,1322,1323,NPN,L30P
521,600,601,NPN,L30P
522,600,1297,NPN,L30P
523,601,1297,NPN,L30P
524,601,1131,NPN,L30P
525,601,1132,NPN,L30P
526,1131,1132,NPN,L30P
527,1132,1133,NPN,L30P
528,1132,1133,NPN,L30P
529,1121,1134,NPN,L30P
530,1134,1135,NPN,L30P
531,1810,2805,NPN,L31E
532,1811,2125,NPN,L31E
533,1808,1809,NPN,L31E
534,1420,1421,NPN,L31E
535,3027,3028,NPN,L31E
536,3027,3028,NPN,L31E
537,2821,2822,NPN,L31E
538,2822,2823,NPN,L31E
539,1126,1127,NPN,L32E
540,1126,1300,NPN,L32E
541,1127,1300,NPN,L32E
542,654,1393,NPN,L32E
543,568,569,NPN,L32E
544,567,568,NPN,L32E
545,671,672,NPN,L32E
546,655,656,NPN,L32E
547,656,658,NPN,L32E
548,656,1107,NPN,L32E
549,658,1107,NPN,L32E
550,654,655,NPN,L32E
551,654,661,NPN,L32E
552,654,662,NPN,L32E
553,655,661,NPN,L32E
554,655,662,NPN,L32E
555,661,662,NPN,L32E
556,654,655,NPN,L32E
557,653,654,NPN,L32E
558,651,1294,NPN,L32E
559,651,653,NPN,L32E
560,949,1303,NPN,L32E
561,949,1365,NPN,L32E
562,1303,1365,NPN,L32E
563,1125,1126,NPN,L32E
564,1126,1127,NPN,L32E
565,1302,1365,NPN,L32E
566,1301,1302,NPN,L32E
567,1302,1303,NPN,L32E
568,1364,1365,NPN,L32E
569,1364,1366,NPN,L32E
570,1365,1366,NPN,L32E
571,1363,1364,NPN,L32E
572,583,584,NPN,L32E
573,1370,1371,NPN,L32E
574,582,583,NPN,L32E
575,582,1361,NPN,L32E
576,582,1362,NPN,L32E
577,583,1361,NPN,L32E
578,583,1362,NPN,L32E
579,1361,1362,NPN,L32E
580,1371,1372,NPN,L32E
581,1354,1355,NPN,L32E
582,1352,1353,NPN,L32E
583,582,583,NPN,L32E
584,582,1371,NPN,L32E
585,583,1371,NPN,L32E
586,1292,1293,NPN,L35AE
587,1141,1142,NPN,L35AE
588,1141,1142,NPN,L35AE
589,650,1115,NPN,L35AE
590,575,576,NPN,L35AE
591,1142,1143,NPN,L35AE
592,1143,1144,NPN,L35AE
593,1291,1292,NPN,L35AE
594,572,647,NPN,L35AE
595,572,648,NPN,L35AE
596,647,648,NPN,L35AE
597,646,647,NPN,L35AE
598,1447,1448,NPN,L34E
599,1447,1523,NPN,L34E
600,1447,1777,NPN,L34E
601,1447,1778,NPN,L34E
602,1447,1779,NPN,L34E
603,1448,1523,NPN,L34E
604,1448,1777,NPN,L34E
605,1448,1778,NPN,L34E
606,1448,1779,NPN,L34E
607,1523,1777,NPN,L34E
608,1523,1778,NPN,L34E
609,1523,1779,NPN,L34E
610,1777,1778,NPN,L34E
611,1777,1779,NPN,L34E
612,1778,1779,NPN,L34E
613,827,1523,NPN,L34E
614,827,1777,NPN,L34E
615,827,1778,NPN,L34E
616,1523,1777,NPN,L34E
617,1523,1778,NPN,L34E
618,1777,1778,NPN,L34E
619,829,1779,NPN,L34E
620,829,1780,NPN,L34E
621,1779,1780,NPN,L34E
622,1709,1710,NPN,L34E
623,1622,1623,NPN,L34E
624,1622,1624,NPN,L34E
625,1623,1624,NPN,L34E
626,1531,1532,NPN,L34E
627,1526,1586,NPN,L34E
628,1668,1710,NPN,L34E
629,1668,1711,NPN,L34E
630,1710,1711,NPN,L34E
631,1668,1711,NPN,L34E
632,1585,1587,NPN,L34E
633,1634,1667,NPN,L34E
634,1635,1667,NPN,L34E
635,1635,1665,NPN,L34E
636,1635,1666,NPN,L34E
637,1665,1666,NPN,L34E
638,1634,1667,NPN,L34E
639,1634,1668,NPN,L34E
640,1634,1711,NPN,L34E
641,1667,1668,NPN,L34E
642,1667,1711,NPN,L34E
643,1668,1711,NPN,L34E
644,1726,1727,NPN,L34E
645,1574,1729,NPN,L34E
646,1569,1570,NPN,L34E
647,1582,1729,NPN,L34E
648,924,1918,NPN,L37E
649,924,1919,NPN,L37E
650,1918,1919,NPN,L37E
651,886,1919,NPN,L37E
652,886,1919,NPN,L37E
653,886,923,NPN,L37E
654,887,1774,NPN,L37E
655,887,1775,NPN,L37E
656,1774,1775,NPN,L37E
657,1918,1919,NPN,L37E
658,1767,1774,NPN,L37E
659,1767,1775,NPN,L37E
660,1767,1776,NPN,L37E
661,1774,1775,NPN,L37E
662,1774,1776,NPN,L37E
663,1775,1776,NPN,L37E
664,819,903,NPN,L37E
665,818,1451,NPN,L37E
666,502,503,NPN,L37E
667,56,124,NPN,L37E
668,53,114,NPN,L37E
669,53,115,NPN,L37E
670,53,122,NPN,L37E
671,53,123,NPN,L37E
672,53,124,NPN,L37E
673,114,115,NPN,L37E
674,114,122,NPN,L37E
675,114,123,NPN,L37E
676,114,124,NPN,L37E
677,115,122,NPN,L37E
678,115,123,NPN,L37E
679,115,124,NPN,L37E
680,122,123,NPN,L37E
681,122,124,NPN,L37E
682,123,124,NPN,L37E
683,53,54,NPN,L37E
684,503,504,NPN,L37E
685,815,816,NPN,L37E
686,503,504,NPN,L37E
687,815,1510,NPN,L37E
688,117,166,NPN,L37E
689,167,199,NPN,L37E
690,167,1509,NPN,L37E
691,199,1509,NPN,L37E
692,504,505,NPN,L37E
693,812,813,NPN,L37E
694,812,931,NPN,L37E
695,812,932,NPN,L37E
696,813,931,NPN,L37E
697,813,932,NPN,L37E
698,931,932,NPN,L37E
699,504,505,NPN,L37E
700,504,930,NPN,L37E
701,504,931,NPN,L37E
702,505,930,NPN,L37E
703,505,931,NPN,L37E
704,930,931,NPN,L37E
705,490,496,NPN,L37E
706,1449,1450,NPN,L39E
707,1450,1451,NPN,L39E
708,1450,1522,NPN,L39E
709,1451,1522,NPN,L39E
710,1450,1522,NPN,L39E
711,1756,1757,NPN,L39E
712,63,64,NPN,L39E
713,1476,1477,NPN,L39E
714,61,91,NPN,L39E
715,90,91,NPN,L39E
716,90,92,NPN,L39E
717,91,92,NPN,L39E
718,1474,1475,NPN,L39E
719,1454,1455,NPN,L39E
720,1454,1765,NPN,L39E
721,1455,1765,NPN,L39E
722,1452,1453,NPN,L39E
723,1452,1453,NPN,L39E
724,36,488,NPN,L4P
725,36,489,NPN,L4P
726,488,489,NPN,L4P
727,491,508,NPN,L4P
728,2181,2182,NPN,L4P
729,1396,2181,NPN,L4P
730,1396,2182,NPN,L4P
731,2181,2182,NPN,L4P
732,806,807,NPN,L4P
733,806,2558,NPN,L4P
734,806,2559,NPN,L4P
735,807,2558,NPN,L4P
736,807,2559,NPN,L4P
737,2558,2559,NPN,L4P
738,1398,1399,NPN,L4P
739,805,806,NPN,L4P
740,805,936,NPN,L4P
741,806,936,NPN,L4P
742,675,805,NPN,L4P
743,674,1395,NPN,L4P
744,674,1397,NPN,L4P
745,674,1398,NPN,L4P
746,1395,1397,NPN,L4P
747,1395,1398,NPN,L4P
748,1397,1398,NPN,L4P
749,486,1399,NPN,L4P
750,486,1400,NPN,L4P
751,1399,1400,NPN,L4P
752,804,805,NPN,L4P
753,804,935,NPN,L4P
754,805,935,NPN,L4P
755,487,488,NPN,L4P
756,487,674,NPN,L4P
757,487,675,NPN,L4P
758,488,674,NPN,L4P
759,488,675,NPN,L4P
760,674,675,NPN,L4P
761,678,803,NPN,L4P
762,791,792,NPN,L4P
763,696,790,NPN,L4P
764,697,713,NPN,L4P
765,360,361,NPN,L4P
766,358,359,NPN,L4P
767,1345,1346,NPN,L4P
768,1342,1380,NPN,L4P
769,32,484,NPN,L4P
770,480,1344,NPN,L4P
771,364,365,NPN,L4P
772,361,706,NPN,L4P
773,361,362,NPN,L4P
774,703,704,NPN,L4P
775,703,710,NPN,L4P
776,703,711,NPN,L4P
777,704,710,NPN,L4P
778,704,711,NPN,L4P
779,710,711,NPN,L4P
780,2856,2857,NPN,L40E
781,2866,2868,NPN,L40E
782,1170,1171,NPN,L40E
783,2642,2643,NPN,L40E
784,837,838,NPN,L37AE
785,861,862,NPN,L37AE
786,1851,1852,NPN,L37AE
787,1851,1852,NPN,L37AE
788,1851,1853,NPN,L37AE
789,1852,1853,NPN,L37AE
790,1656,1657,NPN,L37AE
791,1717,1718,NPN,L37AE
792,1717,1720,NPN,L37AE
793,1718,1720,NPN,L37AE
794,2397,2398,NPN,L44E
795,2397,2399,NPN,L44E
796,2398,2399,NPN,L44E
797,2460,2461,NPN,L44E
798,2460,2487,NPN,L44E
799,2461,2487,NPN,L44E
800,776,2487,NPN,L44E
801,2487,2488,NPN,L44E
802,2513,2514,NPN,L44E
803,2004,2005,NPN,L44E
804,188,235,NPN,L44E
805,188,236,NPN,L44E
806,235,236,NPN,L44E
807,2203,2204,NPN,L44E
808,187,188,NPN,L44E
809,187,2201,NPN,L44E
810,187,2202,NPN,L44E
811,188,2201,NPN,L44E
812,188,2202,NPN,L44E
813,2201,2202,NPN,L44E
814,188,236,NPN,L44E
815,188,237,NPN,L44E
816,236,237,NPN,L44E
817,187,2201,NPN,L44E
818,187,2547,NPN,L44E
819,2201,2547,NPN,L44E
820,2547,2548,NPN,L44E
821,2395,2541,NPN,L44E
822,2396,2541,NPN,L44E
823,2536,2537,NPN,L44E
824,2398,2459,NPN,L44E
825,2398,2499,NPN,L44E
826,2459,2499,NPN,L44E
827,2505,2506,NPN,L44E
828,2396,2397,NPN,L44E
829,2424,2425,NPN,L5P
830,2415,2416,NPN,L5P
831,2417,2418,NPN,L5P
832,2418,2419,NPN,L5P
833,2426,2427,NPN,L5P
834,2407,2408,NPN,L5P
835,1173,1174,NPN,L6P
836,1173,2861,NPN,L6P
837,1173,2862,NPN,L6P
838,1174,2861,NPN,L6P
839,1174,2862,NPN,L6P
840,2861,2862,NPN,L6P
841,2859,2869,NPN,L6P
842,2859,2870,NPN,L6P
843,2869,2870,NPN,L6P
844,2768,2782,NPN,L6P
845,2855,2856,NPN,L6P
846,2644,2646,NPN,L6P
847,2643,2644,NPN,L6P
848,1150,1284,NPN,LX
849,1150,1285,NPN,LX
850,1284,1285,NPN,LX
851,1175,1258,NPN,LX
852,1195,1223,NPN,P0
853,1195,1196,NPN,P0
854,1221,1222,NPN,P0
855,1221,1223,NPN,P0
856,1222,1223,NPN,P0
857,1222,1223,NPN,P0
858,1185,1244,NPN,P0
859,1185,1245,NPN,P0
860,1244,1245,NPN,P0
861,1183,1184,NPN,P0
862,1319,1320,NPN,S24E
863,1310,1318,NPN,S24E
864,1311,1312,NPN,S24E
865,1312,1315,NPN,S24E
866,1312,1316,NPN,S24E
867,1315,1316,NPN,S24E
868,1312,1313,NPN,S24E
