pairIndex,resIndex1,resIndex2,bp_type,ProteinName
int,int,int,varchar(6),varchar(6)
1,1292,1293,NPN,S0
2,1294,1295,NPN,S0
3,883,884,NPN,S1
4,1065,1066,NPN,S1
5,1043,1065,NPN,S1
6,1043,1044,NPN,S1
7,874,1045,NPN,S1
8,874,875,NPN,S1
9,945,946,NPN,S1
10,1300,1301,NPN,S2
11,9,1144,NPN,S2
12,9,1145,NPN,S2
13,1144,1145,NPN,S2
14,1146,1623,NPN,S2
15,1146,1624,NPN,S2
16,1623,1624,NPN,S2
17,1288,1289,NPN,S2
18,1288,1422,NPN,S2
19,1289,1422,NPN,S2
20,1290,1300,NPN,S2
21,1298,1299,NPN,S2
22,1289,1290,NPN,S2
23,1096,1097,NPN,S2
24,1085,1297,NPN,S2
25,1096,1097,NPN,S2
26,1096,1098,NPN,S2
27,1097,1098,NPN,S2
28,606,1096,NPN,S2
29,5,6,NPN,S2
30,12,13,NPN,S2
31,12,1297,NPN,S2
32,13,1297,NPN,S2
33,1297,1298,NPN,S2
34,1488,1489,NPN,S3
35,578,580,NPN,S3
36,1275,1426,NPN,S3
37,1326,1327,NPN,S3
38,1326,1420,NPN,S3
39,1327,1420,NPN,S3
40,1327,1328,NPN,S3
41,1327,1330,NPN,S3
42,1328,1330,NPN,S3
43,1331,1332,NPN,S3
44,1276,1277,NPN,S3
45,1275,1276,NPN,S3
46,1275,1436,NPN,S3
47,1276,1436,NPN,S3
48,1277,1278,NPN,S3
49,92,93,NPN,S4
50,92,397,NPN,S4
51,92,398,NPN,S4
52,92,400,NPN,S4
53,92,401,NPN,S4
54,93,397,NPN,S4
55,93,398,NPN,S4
56,93,400,NPN,S4
57,93,401,NPN,S4
58,397,398,NPN,S4
59,397,400,NPN,S4
60,397,401,NPN,S4
61,398,400,NPN,S4
62,398,401,NPN,S4
63,400,401,NPN,S4
64,93,118,NPN,S4
65,93,449,NPN,S4
66,118,449,NPN,S4
67,93,448,NPN,S4
68,446,447,NPN,S4
69,756,788,NPN,S4
70,757,771,NPN,S4
71,757,772,NPN,S4
72,771,772,NPN,S4
73,95,446,NPN,S4
74,95,459,NPN,S4
75,446,459,NPN,S4
76,297,298,NPN,S4
77,297,448,NPN,S4
78,298,448,NPN,S4
79,119,120,NPN,S4
80,119,296,NPN,S4
81,120,296,NPN,S4
82,120,295,NPN,S4
83,120,296,NPN,S4
84,295,296,NPN,S4
85,787,788,NPN,S4
86,250,251,NPN,S4
87,205,251,NPN,S4
88,122,123,NPN,S4
89,752,753,NPN,S4
90,1412,1582,NPN,S5
91,1610,1611,NPN,S5
92,1609,1610,NPN,S5
93,1470,1471,NPN,S5
94,1472,1473,NPN,S5
95,1472,1527,NPN,S5
96,1473,1527,NPN,S5
97,1162,1163,NPN,S5
98,1612,1613,NPN,S5
99,1470,1471,NPN,S5
100,1470,1534,NPN,S5
101,1470,1571,NPN,S5
102,1471,1534,NPN,S5
103,1471,1571,NPN,S5
104,1534,1571,NPN,S5
105,1471,1534,NPN,S5
106,152,153,NPN,S6
107,150,163,NPN,S6
108,152,153,NPN,S6
109,154,156,NPN,S6
110,154,417,NPN,S6
111,156,417,NPN,S6
112,153,154,NPN,S6
113,160,161,NPN,S6
114,158,160,NPN,S6
115,91,394,NPN,S6
116,392,404,NPN,S6
117,392,1672,NPN,S6
118,392,1673,NPN,S6
119,404,1672,NPN,S6
120,404,1673,NPN,S6
121,1672,1673,NPN,S6
122,405,406,NPN,S6
123,405,1671,NPN,S6
124,405,1672,NPN,S6
125,406,1671,NPN,S6
126,406,1672,NPN,S6
127,1671,1672,NPN,S6
128,67,148,NPN,S6
129,67,165,NPN,S6
130,67,166,NPN,S6
131,165,166,NPN,S6
132,65,166,NPN,S6
133,64,65,NPN,S6
134,64,167,NPN,S6
135,65,167,NPN,S6
136,143,167,NPN,S6
137,143,168,NPN,S6
138,167,168,NPN,S6
139,141,142,NPN,S6
140,137,140,NPN,S6
141,76,78,NPN,S6
142,65,67,NPN,S6
143,71,72,NPN,S6
144,65,66,NPN,S6
145,65,67,NPN,S6
146,66,67,NPN,S6
147,65,78,NPN,S6
148,65,78,NPN,S6
149,64,65,NPN,S6
150,64,78,NPN,S6
151,65,78,NPN,S6
152,141,142,NPN,S6
153,140,266,NPN,S6
154,270,283,NPN,S6
155,267,268,NPN,S6
156,138,139,NPN,S6
157,282,283,NPN,S6
158,176,177,NPN,S6
159,177,264,NPN,S6
160,124,125,NPN,S6
161,126,178,NPN,S6
162,693,855,NPN,S7
163,693,855,NPN,S7
164,802,804,NPN,S7
165,740,741,NPN,S7
166,740,742,NPN,S7
167,741,742,NPN,S7
168,810,815,NPN,S7
169,810,816,NPN,S7
170,815,816,NPN,S7
171,637,638,NPN,S7
172,636,637,NPN,S7
173,636,859,NPN,S7
174,637,859,NPN,S7
175,637,638,NPN,S7
176,392,399,NPN,S8
177,392,1728,NPN,S8
178,399,1728,NPN,S8
179,331,333,NPN,S8
180,331,334,NPN,S8
181,331,335,NPN,S8
182,331,337,NPN,S8
183,333,334,NPN,S8
184,333,335,NPN,S8
185,333,337,NPN,S8
186,334,335,NPN,S8
187,334,337,NPN,S8
188,335,337,NPN,S8
189,337,338,NPN,S8
190,321,322,NPN,S8
191,321,336,NPN,S8
192,321,338,NPN,S8
193,322,336,NPN,S8
194,322,338,NPN,S8
195,336,338,NPN,S8
196,317,318,NPN,S8
197,317,322,NPN,S8
198,318,322,NPN,S8
199,346,347,NPN,S8
200,346,352,NPN,S8
201,346,353,NPN,S8
202,347,352,NPN,S8
203,347,353,NPN,S8
204,352,353,NPN,S8
205,354,1663,NPN,S8
206,385,386,NPN,S8
207,385,390,NPN,S8
208,386,390,NPN,S8
209,391,399,NPN,S8
210,391,1728,NPN,S8
211,391,1729,NPN,S8
212,399,1728,NPN,S8
213,399,1729,NPN,S8
214,1728,1729,NPN,S8
215,384,385,NPN,S8
216,384,399,NPN,S8
217,385,399,NPN,S8
218,395,399,NPN,S8
219,300,332,NPN,S8
220,330,331,NPN,S8
221,330,332,NPN,S8
222,331,332,NPN,S8
223,395,396,NPN,S8
224,395,397,NPN,S8
225,396,397,NPN,S8
226,332,397,NPN,S8
227,332,398,NPN,S8
228,397,398,NPN,S8
229,396,397,NPN,S8
230,331,332,NPN,S8
231,331,333,NPN,S8
232,332,333,NPN,S8
233,1676,1677,NPN,S8
234,256,257,NPN,S8
235,255,256,NPN,S8
236,327,328,NPN,S8
237,327,340,NPN,S8
238,328,340,NPN,S8
239,328,329,NPN,S8
240,186,196,NPN,S8
241,189,194,NPN,S8
242,189,195,NPN,S8
243,194,195,NPN,S8
244,329,330,NPN,S8
245,329,331,NPN,S8
246,330,331,NPN,S8
247,330,331,NPN,S8
248,206,257,NPN,S8
249,206,258,NPN,S8
250,257,258,NPN,S8
251,96,380,NPN,S9
252,96,460,NPN,S9
253,380,460,NPN,S9
254,39,461,NPN,S9
255,37,38,NPN,S9
256,757,771,NPN,S9
257,24,469,NPN,S9
258,24,470,NPN,S9
259,24,769,NPN,S9
260,469,470,NPN,S9
261,469,769,NPN,S9
262,470,769,NPN,S9
263,470,769,NPN,S9
264,470,770,NPN,S9
265,769,770,NPN,S9
266,23,470,NPN,S9
267,23,471,NPN,S9
268,470,471,NPN,S9
269,471,472,NPN,S9
270,475,593,NPN,S9
271,591,592,NPN,S9
272,472,473,NPN,S9
273,0,760,NPN,S9
274,761,762,NPN,S9
275,511,512,NPN,S9
276,766,767,NPN,S9
277,1216,1256,NPN,S10
278,1216,1257,NPN,S10
279,1256,1257,NPN,S10
280,1218,1219,NPN,S10
281,1218,1219,NPN,S10
282,325,326,NPN,S11
283,113,114,NPN,S11
284,111,114,NPN,S11
285,323,324,NPN,S11
286,323,345,NPN,S11
287,324,345,NPN,S11
288,373,610,NPN,S11
289,306,307,NPN,S11
290,306,350,NPN,S11
291,307,350,NPN,S11
292,348,349,NPN,S11
293,348,350,NPN,S11
294,349,350,NPN,S11
295,347,348,NPN,S11
296,334,335,NPN,S11
297,114,334,NPN,S11
298,114,335,NPN,S11
299,334,335,NPN,S11
300,324,335,NPN,S11
301,323,335,NPN,S11
302,323,337,NPN,S11
303,335,337,NPN,S11
304,1226,1227,NPN,S12
305,1226,1228,NPN,S12
306,1227,1228,NPN,S12
307,1228,1252,NPN,S12
308,1228,1253,NPN,S12
309,1228,1254,NPN,S12
310,1252,1253,NPN,S12
311,1252,1254,NPN,S12
312,1253,1254,NPN,S12
313,1226,1228,NPN,S12
314,1226,1254,NPN,S12
315,1228,1254,NPN,S12
316,1226,1227,NPN,S12
317,865,1033,NPN,S13
318,865,1034,NPN,S13
319,1033,1034,NPN,S13
320,866,954,NPN,S13
321,626,627,NPN,S13
322,863,955,NPN,S13
323,863,1071,NPN,S13
324,955,1071,NPN,S13
325,958,959,NPN,S13
326,860,861,NPN,S13
327,959,960,NPN,S13
328,958,959,NPN,S13
329,860,861,NPN,S13
330,861,961,NPN,S13
331,951,952,NPN,S13
332,1017,1018,NPN,S13
333,877,878,NPN,S13
334,973,974,NPN,S13
335,938,951,NPN,S13
336,866,867,NPN,S13
337,627,965,NPN,S13
338,627,966,NPN,S13
339,965,966,NPN,S13
340,962,963,NPN,S13
341,917,918,NPN,S14
342,899,900,NPN,S14
343,916,917,NPN,S14
344,894,895,NPN,S14
345,895,914,NPN,S14
346,895,915,NPN,S14
347,914,915,NPN,S14
348,900,901,NPN,S14
349,899,900,NPN,S14
350,899,901,NPN,S14
351,900,901,NPN,S14
352,884,885,NPN,S14
353,926,927,NPN,S14
354,926,928,NPN,S14
355,927,928,NPN,S14
356,887,988,NPN,S14
357,988,989,NPN,S14
358,988,1787,NPN,S14
359,989,1787,NPN,S14
360,1786,1787,NPN,S14
361,1786,1788,NPN,S14
362,1787,1788,NPN,S14
363,1784,1785,NPN,S14
364,1006,1007,NPN,S14
365,1005,1006,NPN,S14
366,1005,1768,NPN,S14
367,1005,1784,NPN,S14
368,1005,1785,NPN,S14
369,1006,1768,NPN,S14
370,1006,1784,NPN,S14
371,1006,1785,NPN,S14
372,1768,1784,NPN,S14
373,1768,1785,NPN,S14
374,1784,1785,NPN,S14
375,1550,1551,NPN,S15
376,1550,1552,NPN,S15
377,1550,1555,NPN,S15
378,1551,1552,NPN,S15
379,1551,1555,NPN,S15
380,1552,1555,NPN,S15
381,1548,1549,NPN,S15
382,1550,1551,NPN,S15
383,1550,1552,NPN,S15
384,1551,1552,NPN,S15
385,1554,1555,NPN,S15
386,1239,1241,NPN,S15
387,1240,1451,NPN,S15
388,1554,1556,NPN,S15
389,1182,1210,NPN,S15
390,1182,1452,NPN,S15
391,1210,1452,NPN,S15
392,1182,1210,NPN,S15
393,1555,1556,NPN,S15
394,1182,1183,NPN,S15
395,1182,1453,NPN,S15
396,1182,1454,NPN,S15
397,1182,1557,NPN,S15
398,1183,1453,NPN,S15
399,1183,1454,NPN,S15
400,1183,1557,NPN,S15
401,1453,1454,NPN,S15
402,1453,1557,NPN,S15
403,1454,1557,NPN,S15
404,1179,1458,NPN,S15
405,1179,1459,NPN,S15
406,1458,1459,NPN,S15
407,1583,1607,NPN,S16
408,1583,1608,NPN,S16
409,1607,1608,NPN,S16
410,1481,1482,NPN,S16
411,1481,1607,NPN,S16
412,1481,1608,NPN,S16
413,1607,1608,NPN,S16
414,1479,1481,NPN,S16
415,1608,1609,NPN,S16
416,1335,1583,NPN,S16
417,1603,1604,NPN,S16
418,1603,1605,NPN,S16
419,1604,1605,NPN,S16
420,1416,1417,NPN,S16
421,1586,1587,NPN,S16
422,1416,1580,NPN,S16
423,1416,1581,NPN,S16
424,1416,1584,NPN,S16
425,1416,1585,NPN,S16
426,1580,1581,NPN,S16
427,1580,1584,NPN,S16
428,1580,1585,NPN,S16
429,1581,1584,NPN,S16
430,1581,1585,NPN,S16
431,1584,1585,NPN,S16
432,1585,1586,NPN,S16
433,1464,1465,NPN,S16
434,1464,1578,NPN,S16
435,1465,1578,NPN,S16
436,1191,1579,NPN,S16
437,1158,1159,NPN,S16
438,1158,1190,NPN,S16
439,1159,1190,NPN,S16
440,1189,1190,NPN,S16
441,1310,1311,NPN,S17
442,1310,1413,NPN,S17
443,1311,1413,NPN,S17
444,1389,1402,NPN,S17
445,1314,1401,NPN,S17
446,1389,1401,NPN,S17
447,1315,1400,NPN,S17
448,1315,1401,NPN,S17
449,1400,1401,NPN,S17
450,1386,1387,NPN,S17
451,1330,1331,NPN,S17
452,1330,1414,NPN,S17
453,1331,1414,NPN,S17
454,1388,1389,NPN,S17
455,1399,1400,NPN,S17
456,1531,1532,NPN,S18
457,1565,1566,NPN,S18
458,1565,1566,NPN,S18
459,1502,1563,NPN,S18
460,1545,1564,NPN,S18
461,1546,1547,NPN,S18
462,1545,1546,NPN,S18
463,1545,1546,NPN,S18
464,1544,1545,NPN,S18
465,1172,1544,NPN,S18
466,1544,1545,NPN,S18
467,1544,1558,NPN,S18
468,1545,1558,NPN,S18
469,1173,1543,NPN,S18
470,1174,1456,NPN,S18
471,1457,1458,NPN,S18
472,1457,1458,NPN,S18
473,1174,1175,NPN,S18
474,1174,1462,NPN,S18
475,1175,1462,NPN,S18
476,1172,1173,NPN,S18
477,1460,1461,NPN,S18
478,1171,1569,NPN,S18
479,1359,1363,NPN,S19
480,1528,1529,NPN,S19
481,1475,1476,NPN,S19
482,1476,1530,NPN,S19
483,1478,1479,NPN,S19
484,1520,1522,NPN,S19
485,1367,1368,NPN,S19
486,1497,1519,NPN,S19
487,1521,1523,NPN,S19
488,1171,1466,NPN,S19
489,1171,1467,NPN,S19
490,1171,1600,NPN,S19
491,1466,1467,NPN,S19
492,1466,1600,NPN,S19
493,1467,1600,NPN,S19
494,1466,1600,NPN,S19
495,1523,1524,NPN,S19
496,1523,1590,NPN,S19
497,1524,1590,NPN,S19
498,1501,1503,NPN,S19
499,1499,1500,NPN,S19
500,1499,1501,NPN,S19
501,1500,1501,NPN,S19
502,1499,1500,NPN,S19
503,1368,1369,NPN,S19
504,1498,1499,NPN,S19
505,1356,1357,NPN,S19
506,1343,1344,NPN,S20
507,1380,1381,NPN,S20
508,1197,1428,NPN,S20
509,1197,1429,NPN,S20
510,1428,1429,NPN,S20
511,1193,1428,NPN,S20
512,1193,1280,NPN,S20
513,1280,1281,NPN,S20
514,1033,1100,NPN,S22
515,634,1035,NPN,S22
516,1100,1101,NPN,S22
517,1036,1094,NPN,S22
518,1036,1094,NPN,S22
519,636,637,NPN,S22
520,862,863,NPN,S22
521,1097,1098,NPN,S22
522,1099,1100,NPN,S22
523,1099,1101,NPN,S22
524,1100,1101,NPN,S22
525,748,794,NPN,S22
526,370,371,NPN,S22
527,801,802,NPN,S22
528,746,804,NPN,S22
529,1102,1103,NPN,S23
530,1102,1104,NPN,S23
531,1103,1104,NPN,S23
532,609,610,NPN,S23
533,609,611,NPN,S23
534,609,613,NPN,S23
535,610,611,NPN,S23
536,610,613,NPN,S23
537,611,613,NPN,S23
538,1099,1100,NPN,S23
539,1099,1101,NPN,S23
540,1099,1102,NPN,S23
541,1100,1101,NPN,S23
542,1100,1102,NPN,S23
543,1101,1102,NPN,S23
544,1103,1104,NPN,S23
545,608,609,NPN,S23
546,608,610,NPN,S23
547,609,610,NPN,S23
548,309,310,NPN,S23
549,608,1107,NPN,S23
550,374,608,NPN,S23
551,309,310,NPN,S23
552,598,599,NPN,S23
553,573,574,NPN,S23
554,573,575,NPN,S23
555,574,575,NPN,S23
556,564,565,NPN,S23
557,564,575,NPN,S23
558,565,575,NPN,S23
559,567,568,NPN,S23
560,567,569,NPN,S23
561,568,569,NPN,S23
562,566,567,NPN,S23
563,566,567,NPN,S23
564,570,599,NPN,S23
565,1134,1135,NPN,S23
566,597,598,NPN,S23
567,28,29,NPN,S23
568,776,777,NPN,S24
569,776,779,NPN,S24
570,777,779,NPN,S24
571,774,775,NPN,S24
572,774,782,NPN,S24
573,774,783,NPN,S24
574,775,782,NPN,S24
575,775,783,NPN,S24
576,782,783,NPN,S24
577,531,532,NPN,S24
578,520,521,NPN,S24
579,521,522,NPN,S24
580,529,530,NPN,S24
581,530,531,NPN,S24
582,530,531,NPN,S24
583,530,766,NPN,S24
584,531,766,NPN,S24
585,531,532,NPN,S24
586,442,443,NPN,S24
587,442,457,NPN,S24
588,442,458,NPN,S24
589,443,457,NPN,S24
590,443,458,NPN,S24
591,457,458,NPN,S24
592,53,54,NPN,S24
593,53,457,NPN,S24
594,53,458,NPN,S24
595,54,457,NPN,S24
596,54,458,NPN,S24
597,457,458,NPN,S24
598,54,56,NPN,S24
599,53,54,NPN,S24
600,56,158,NPN,S24
601,84,85,NPN,S24
602,152,153,NPN,S24
603,1532,1533,NPN,S25
604,1531,1532,NPN,S25
605,1531,1533,NPN,S25
606,1532,1533,NPN,S25
607,1528,1529,NPN,S25
608,1141,1142,NPN,S26
609,1029,1791,NPN,S26
610,1791,1793,NPN,S26
611,1791,1792,NPN,S26
612,1791,1794,NPN,S26
613,1791,1795,NPN,S26
614,1792,1794,NPN,S26
615,1792,1795,NPN,S26
616,1794,1795,NPN,S26
617,1029,1790,NPN,S26
618,1794,1796,NPN,S26
619,1074,1075,NPN,S26
620,1074,1076,NPN,S26
621,1075,1076,NPN,S26
622,935,941,NPN,S26
623,942,1788,NPN,S26
624,929,931,NPN,S26
625,1792,1794,NPN,S26
626,930,932,NPN,S26
627,1792,1793,NPN,S26
628,1793,1794,NPN,S26
629,1627,1795,NPN,S26
630,1627,1796,NPN,S26
631,1795,1796,NPN,S26
632,1087,1627,NPN,S26
633,1628,1795,NPN,S26
634,933,1795,NPN,S26
635,933,1796,NPN,S26
636,1795,1796,NPN,S26
637,1069,1070,NPN,S27
638,1070,1071,NPN,S27
639,957,958,NPN,S27
640,869,870,NPN,S27
641,869,956,NPN,S27
642,870,956,NPN,S27
643,870,871,NPN,S27
644,870,956,NPN,S27
645,1048,1049,NPN,S27
646,1614,1615,NPN,S28
647,1616,1618,NPN,S28
648,1616,1618,NPN,S28
649,1216,1449,NPN,S29
650,1203,1450,NPN,S29
651,1203,1451,NPN,S29
652,1450,1451,NPN,S29
653,1203,1552,NPN,S29
654,1203,1554,NPN,S29
655,1203,1596,NPN,S29
656,1552,1554,NPN,S29
657,1552,1596,NPN,S29
658,1554,1596,NPN,S29
659,1199,1595,NPN,S29
660,1595,1596,NPN,S29
661,1198,1594,NPN,S29
662,1594,1595,NPN,S29
663,1594,1596,NPN,S29
664,1595,1596,NPN,S29
665,1197,1198,NPN,S29
666,1278,1279,NPN,S29
667,1418,1419,NPN,S29
668,1333,1417,NPN,S29
669,1333,1334,NPN,S29
670,1333,1417,NPN,S29
671,1333,1418,NPN,S29
672,1334,1417,NPN,S29
673,1334,1418,NPN,S29
674,1417,1418,NPN,S29
675,565,566,NPN,S30
676,566,567,NPN,S30
677,562,563,NPN,S30
678,562,565,NPN,S30
679,562,566,NPN,S30
680,563,565,NPN,S30
681,563,566,NPN,S30
682,565,566,NPN,S30
683,476,541,NPN,S30
684,476,477,NPN,S30
685,477,478,NPN,S30
686,589,590,NPN,S30
687,556,587,NPN,S30
688,556,588,NPN,S30
689,587,588,NPN,S30
690,1251,1252,NPN,S31
691,1249,1250,NPN,S31
692,1234,1235,NPN,S31
693,1233,1234,NPN,S31
694,1232,1251,NPN,S31
695,1232,1252,NPN,S31
696,1251,1252,NPN,S31
697,1232,1233,NPN,S31
698,1233,1234,NPN,S31
