map_Index,resNum,resName,ChainID,X,Y,Xtal_Index,Shannon_Entropy
int,varchar(6),varchar(3),char(1),"real(8,3)","real(8,3)",int,"real(5,3)"
1,1,A,A,270.6645,377.536,,1.979051522
2,2,U,A,270.6065,373.8305,1,1.977910379
3,3,U,A,270.5485,370.1255,2,1.96073264
4,4,C,A,271.3245,366.5865,3,1.976670123
5,5,C,A,275.083,367.9545,4,1.923662447
6,6,G,A,278.842,369.3225,5,1.841563863
7,7,G,A,282.6005,370.6905,6,1.904738493
8,8,U,A,288.125,373.6785,7,1.592284271
9,9,U,A,292.4055,377.6465,8,1.194726737
10,10,G,A,297.4035,378.5705,9,1.631248966
11,11,A,A,300.355,375.133,10,0.173107637
12,12,U,A,301.153,371.426,11,1.083183372
13,13,C,A,300.7565,367.098,12,0
14,14,C,A,298.5675,363.807,13,0.155562863
15,15,U,A,294.7075,362.494,14,0
16,16,G,A,290.476,361.614,15,0
17,17,C,A,286.021,361.294,16,0
18,18,C,A,282.262,359.9255,17,0.297472249
19,19,G,A,278.5035,358.5575,18,0.576315557
20,20,G,A,274.7445,357.1895,19,0.063853685
21,21,A,A,271.6945,353.882,20,0.112587599
22,22,G,A,265.5695,357.015,21,1.09552034
23,23,G,A,262.7415,359.8435,22,0.127625193
24,24,C,A,259.913,362.672,23,1.500139941
25,25,C,A,257.0845,365.5005,24,1.035532735
26,26,A,A,254.2565,368.329,25,0.922188321
27,27,U,A,251.428,371.1575,26,1.160872129
28,28,U,A,248.5995,373.9865,27,1.270135638
29,29,G,A,245.7715,376.815,28,1.847379882
30,30,C,A,242.943,379.6435,29,1.814673963
31,31,U,A,240.1145,382.472,30,1.559424981
32,32,A,A,237.4025,386.278,31,0.831266625
33,33,U,A,233.307,389.5275,32,1.10417421
34,34,C,A,230.479,392.356,33,0.960448174
35,35,G,A,227.6505,395.1845,34,0.063853685
36,36,G,A,224.822,398.013,35,0.155562863
37,37,A,A,221.994,400.8415,36,0
38,38,G,A,219.1655,403.67,37,1.600953554
39,39,U,A,217.2575,405.6915,38,0.987586649
40,40,C,A,214.8045,407.78,39,1.04282937
41,41,C,A,211.9765,410.6085,40,1.109436695
42,42,G,A,213.6655,414.733,41,0.978080099
43,43,A,A,217.2575,414.4305,42,1.399823762
44,44,U,A,220.606,415.7645,43,1.199551469
45,45,U,A,223.0065,418.454,44,1.821462154
46,46,U,A,223.9525,421.932,45,1.454364744
47,47,A,A,223.2455,425.4665,46,1.056334888
48,48,G,A,221.034,428.313,47,1.131504
49,49,C,A,221.034,432.313,48,0
50,50,C,A,221.034,436.313,49,0.653847507
51,51,A,A,224.054,438.058,50,0.112587599
52,52,U,A,221.034,440.313,51,1.356555524
53,53,G,A,221.034,444.313,52,1.192877747
54,54,C,A,221.034,448.313,53,0
55,55,U,A,224.6415,449.5805,54,0
56,56,A,A,227.953,451.4925,55,0
57,57,G,A,230.8545,453.983,56,0.063853685
58,58,U,A,234.318,451.983,57,0.357164635
59,59,U,A,237.782,449.983,58,0.916819281
60,60,G,A,237.3245,446.298,59,0.850562937
61,61,C,A,240.5445,444.453,60,0
62,62,A,A,243.4795,446.693,61,0.258289954
63,63,C,A,246.9435,444.693,62,0.647080591
64,64,G,A,250.4075,442.693,63,1.309253217
65,65,A,A,253.8715,440.693,64,1.071573291
66,66,G,A,257.3355,438.6925,65,0.907942863
67,67,U,A,260.8,436.6925,66,1.394984911
68,68,U,A,264.325,434.805,67,0.987177751
69,69,U,A,268.171,435.9015,68,1.744642995
70,70,A,A,270.1705,439.3645,69,1.928162435
71,71,G,A,269.1975,443.2435,70,1.835937157
72,72,A,A,265.8,445.353,71,1.951788841
73,73,C,A,262.336,447.353,72,1.9072626
74,74,U,A,258.872,449.353,73,1.959286099
75,75,C,A,255.4075,451.353,74,1.95930316
76,76,G,A,251.9435,453.353,75,1.977258861
77,77,U,A,248.4795,455.353,76,1.994606
78,78,A,A,242.7825,458.643,77,1.984205007
79,79,G,A,239.3185,460.643,78,1.948930024
80,80,C,A,235.8545,462.643,79,1.963871962
81,81,A,A,236.6245,467.2945,80,1.971837455
82,82,U,A,236.317,471.9995,81,1.919961079
83,83,A,A,234.949,476.5115,82,1.662524178
84,84,U,A,232.592,480.5945,83,1.328736888
85,85,A,A,229.3685,484.0355,84,1.865867263
86,86,G,A,225.4475,486.654,85,1.57011282
87,87,C,A,221.034,488.313,86,1.912995205
88,88,U,A,221.034,492.313,87,1.958819269
89,89,C,A,221.034,496.313,88,1.983711369
90,90,A,A,223.7905,500.254,89,1.967078636
91,91,G,A,225.6935,504.671,90,1.968114443
92,92,U,A,226.665,509.381,91,1.996006628
93,93,A,A,226.665,514.19,92,1.999515427
94,94,A,A,225.6935,518.9,93,1.948822388
95,95,C,A,223.7905,523.317,94,1.94161687
96,96,A,A,222.534,527.258,95,1.917552565
97,97,C,A,221.034,531.258,96,1.866889571
98,98,G,A,221.034,535.258,97,1.513057571
99,99,U,A,221.034,539.258,98,1.93727345
100,100,G,A,221.034,543.258,99,1.861112623
101,101,G,A,221.034,547.258,100,0.943959435
102,102,C,A,221.034,551.258,101,1.48280818
103,103,C,A,221.034,555.258,102,0.998980274
104,104,A,A,224.2715,556.173,103,1.080225029
105,105,A,A,224.2715,559.538,104,0.127625193
106,106,A,A,221.034,560.453,105,0
107,107,C,A,221.034,564.453,106,0.571898933
108,108,U,A,222.534,568.453,107,1.792836822
109,109,A,A,225.539,570.218,108,0.063853685
110,110,C,A,224.274,573.858,109,1.008058418
111,111,C,A,221.034,575.953,110,0.73351643
112,112,C,A,221.034,579.953,111,0
113,113,U,A,221.034,583.953,112,0.99995922
114,114,A,A,221.034,587.953,113,0.063853685
115,115,C,A,221.034,591.953,114,1.045790354
116,116,A,A,221.034,595.953,115,0.194768782
117,117,G,A,221.034,599.953,116,0.756581837
118,118,A,A,222.534,603.953,117,0.063853685
119,119,C,A,228.534,603.953,118,0
120,120,C,A,232.534,603.953,119,0.54171219
121,121,G,A,236.534,603.953,120,1.40435763
122,122,C,A,240.534,603.953,121,1.427667531
123,123,G,A,244.534,602.453,122,0.384992472
124,124,A,A,248.492,602.3655,123,1.295844977
125,125,U,A,252.492,603.8655,124,0.831266625
126,126,A,A,255.4795,599.787,125,1.686531051
127,127,A,A,258.539,602.453,126,1.347767711
128,128,C,A,262.539,603.953,127,1.564054294
129,129,C,A,266.539,603.953,128,1.619606249
130,130,U,A,270.539,603.953,129,0.664368951
131,131,C,A,274.539,603.953,130,1.323375573
132,132,G,A,278.539,603.953,131,1.304765869
133,133,G,A,282.539,603.953,132,0.411645571
134,134,G,A,286.5365,604.081,133,1.401578533
135,135,A,A,289.3185,606.9535,134,0.956896739
136,136,A,A,289.3185,610.9525,135,0.789284376
137,137,A,A,286.5365,613.8255,136,1.262664139
138,138,C,A,282.539,613.953,137,1.615405262
139,139,U,A,278.539,613.953,138,1.992428399
140,140,G,A,274.539,613.953,139,1.88539945
141,141,A,A,270.539,613.953,140,1.62127638
142,142,G,A,266.539,613.953,141,1.305505468
143,143,G,A,262.539,613.953,142,1.550022604
144,144,C,A,258.539,615.453,143,1.910544026
145,145,C,A,256.7,618.7695,144,1.699054982
146,146,A,A,252.492,613.8655,145,0.40616457
147,147,A,A,248.492,615.3655,146,0.219168124
148,148,U,A,246.373,618.7695,147,1.463968875
149,149,A,A,244.534,615.453,148,0
150,150,G,A,240.534,613.953,149,0.548103122
151,151,C,A,236.534,613.953,150,0
152,152,G,A,232.534,613.953,151,0.707501598
153,153,G,A,228.534,613.953,152,0.342899647
154,154,A,A,229.337,617.6935,153,1.68800159
155,155,U,A,228.9385,621.4985,154,1.904313428
156,156,A,A,227.378,624.9915,155,1.685496186
157,157,U,A,221.488,629.725,156,1.26071736
158,158,C,A,222.988,633.725,157,0.887346719
159,159,A,A,221.488,641.725,158,0.912366086
160,160,C,A,221.488,645.725,159,0
161,161,U,A,221.488,649.725,160,0
162,162,C,A,221.488,653.725,161,0.681062951
163,163,U,A,221.488,657.725,162,0.817680534
164,164,C,A,221.488,661.725,163,1.470672396
165,165,A,A,224.5575,664.2705,164,1.652146932
166,166,G,A,221.2865,667.1205,165,1.551770201
167,167,A,A,221.2865,671.1205,166,1.714668432
168,168,C,A,221.2865,675.1205,167,0.547742106
169,169,U,A,222.649,678.882,168,1.120360664
170,170,G,A,221.4975,682.714,169,0.155562863
171,171,G,A,218.287,685.1015,170,0
172,172,A,A,214.286,685.1015,171,0
173,173,G,A,211.0755,682.714,172,0.267651702
174,174,U,A,209.924,678.882,173,1.031125423
175,175,G,A,211.2865,675.1205,174,0.155562863
176,176,U,A,211.2865,671.1205,175,1.222391913
177,177,C,A,211.2865,667.1205,176,1.635369441
178,178,G,A,211.488,661.725,177,1.515420821
179,179,A,A,211.488,657.725,178,0.835525343
180,180,G,A,211.488,653.725,179,0.952380359
181,181,A,A,211.488,649.725,180,1.340813112
182,182,G,A,211.488,645.725,181,1.951059659
183,183,U,A,211.488,641.725,182,1.446989154
184,184,G,A,211.488,637.725,183,1.884842194
185,185,A,A,209.988,633.725,184,1.86508622
186,186,G,A,211.488,629.725,185,1.851368715
187,187,A,A,207.956,626.2345,186,1.147703598
188,188,A,A,206.22,622.283,187,1.610409868
189,189,A,A,204.6805,618.153,188,0.848226739
190,190,C,A,203.784,613.953,189,1.870712973
191,191,G,A,199.784,613.953,190,1.636705582
192,192,U,A,195.784,613.953,191,1.933073164
193,193,U,A,191.787,613.8255,192,1.776106639
194,194,C,A,189.005,610.9525,193,1.639263372
195,195,C,A,189.005,606.9535,194,0.762870526
196,196,G,A,191.787,604.081,195,0.063853685
197,197,G,A,195.784,603.953,196,0.952380359
198,198,C,A,199.784,603.953,197,1.407704096
199,199,G,A,203.784,603.953,198,1.862911914
200,200,C,A,211.034,599.953,199,1.859118472
201,201,U,A,211.034,595.953,200,1.87169273
202,202,G,A,211.034,591.953,201,1.897665639
203,203,U,A,211.034,587.953,202,1.955238243
204,204,A,A,211.034,583.953,203,1.783285902
205,205,G,A,211.034,579.953,204,1.947272643
206,206,G,A,211.034,575.953,205,1.94725868
207,207,A,A,208.519,572.403,206,1.877291907
208,208,U,A,209.534,568.453,207,1.686476748
209,209,G,A,211.034,564.453,208,1.345132429
210,210,U,A,211.034,560.453,209,1.948465003
211,211,G,A,211.034,555.258,210,1.934385457
212,212,G,A,211.034,551.258,211,1.827487253
213,213,C,A,211.034,547.258,212,1.944453381
214,214,U,A,211.034,543.258,213,1.846685463
215,215,G,A,211.034,539.258,214,1.87086143
216,216,C,A,211.034,535.258,215,1.9251875
217,217,G,A,211.034,531.258,216,1.801423558
218,218,G,A,209.534,527.258,217,1.817580964
219,219,C,A,207.8195,525.5385,218,1.704340987
220,220,C,A,204.9915,528.367,219,1.374656165
221,221,G,A,202.163,531.1955,220,1.27949897
222,222,A,A,204.583,533.919,221,1.754516312
223,223,U,A,202.858,537.1285,222,1.928059308
224,224,U,A,199.251,536.6125,223,1.919313362
225,225,A,A,195.3625,540.5255,224,1.774656355
226,226,G,A,190.648,542.811,225,1.287448622
227,227,G,A,187.82,545.6395,226,0.962966876
228,228,U,A,184.9915,548.468,227,0.930759821
229,229,A,A,186.934,551.7885,228,1.293150305
230,230,G,A,184.2135,554.509,229,1.143135648
231,231,A,A,180.893,552.566,230,1.321975309
232,232,U,A,178.065,555.3945,231,0.9028486
233,233,G,A,175.2365,558.223,232,1.543907976
234,234,G,A,172.408,561.0515,233,1.451789912
235,235,U,A,169.58,563.88,234,1.395661078
236,236,G,A,166.7515,566.7085,235,1.401442479
237,237,G,A,163.923,569.5375,236,1.295844977
238,238,G,A,161.095,572.366,237,0.384992472
239,239,G,A,159.8715,576.1735,238,1.701246338
240,240,U,A,156.7505,578.6745,239,1.090635762
241,241,A,A,152.768,579.0385,240,1.466981792
242,242,A,A,149.245,577.145,241,1.513213919
243,243,C,A,147.3515,573.6225,242,0.176276302
244,244,G,A,147.7155,569.6395,243,0
245,245,G,A,150.216,566.5185,244,0.995060047
246,246,C,A,154.0235,565.295,245,0
247,247,C,A,156.852,562.4665,246,0.742748975
248,248,C,A,159.68,559.638,247,0.923227009
249,249,A,A,162.5085,556.8095,248,0.2311498
250,250,C,A,165.337,553.981,249,1.304694432
251,251,C,A,168.165,551.1525,250,0
252,252,A,A,170.9935,548.324,251,0.923308018
253,253,U,A,173.822,545.4955,252,0.784811561
254,254,G,A,177.92,541.3975,253,0
255,255,C,A,180.7485,538.569,254,0.357164635
256,256,C,A,183.577,535.7405,255,0.889145028
257,257,G,A,180.652,533.3315,256,0.986963367
258,258,A,A,179.6875,529.6675,257,1.003040179
259,259,U,A,181.0485,526.1315,258,0.845905957
260,260,A,A,184.2205,524.0595,259,0.922213455
261,261,A,A,188.0055,524.2335,260,0.258289954
262,262,U,A,190.9735,526.589,261,0.474559131
263,263,C,A,195.0915,524.125,262,1.115462359
264,264,G,A,197.92,521.2965,263,1.908357177
265,265,G,A,200.7485,518.468,264,0.800506807
266,266,U,A,203.584,516.303,265,0.2311498
267,267,A,A,206.734,513.453,266,0.618221124
268,268,C,A,208.534,510.003,267,0.849902796
269,269,A,A,204.534,510.003,268,0.998980274
270,270,G,A,200.534,510.003,269,0.725503892
271,271,G,A,196.534,510.003,270,0.357164635
272,272,U,A,192.412,510.0595,271,0
273,273,U,A,188.5665,511.1615,272,0.784811561
274,274,G,A,184.7215,512.264,273,0.923308018
275,275,U,A,180.8765,513.366,274,0.194768782
276,276,G,A,176.999,514.3445,275,0.923227009
277,277,A,A,173.533,512.35,276,0.681062951
278,278,G,A,172.431,508.5055,277,1.431494397
279,279,A,A,174.314,504.9775,278,1.035962233
280,280,G,A,178.121,503.753,279,1.210791984
281,281,C,A,181.966,502.651,280,1.336459835
282,282,A,A,185.811,501.549,281,0
283,283,A,A,189.656,500.4465,282,0.995060047
284,284,G,A,189.438,496.521,283,1.088214086
285,285,A,A,192.716,494.35,284,1.470869441
286,286,G,A,196.2455,496.082,285,1.052781691
287,287,C,A,196.534,500.003,286,0.107027946
288,288,C,A,200.534,500.003,287,0.194768782
289,289,U,A,204.534,500.003,288,1.213039115
290,290,G,A,208.534,500.003,289,1.188041575
291,291,G,A,211.034,496.313,290,1.487313361
292,292,A,A,211.034,492.313,291,0.374559276
293,293,G,A,211.034,488.313,292,1.50175612
294,294,A,A,205.1635,485.83,293,1.668794158
295,295,C,A,200.3315,481.671,294,1.666295427
296,296,G,A,196.7475,483.4465,295,0
297,297,G,A,193.163,485.222,296,1.092635268
298,298,U,A,189.5785,486.9975,297,0.384992472
299,299,A,A,185.994,488.773,298,0.112587599
300,300,U,A,182.4095,490.548,299,0.756581837
301,301,C,A,180.9335,494.2655,300,0
302,302,U,A,177.9585,496.9385,301,1.608826932
303,303,G,A,174.105,498.01,302,1.647164844
304,304,A,A,170.177,497.257,303,1.842370993
305,305,G,A,166.9935,494.836,304,0.219168124
306,306,A,A,165.2185,491.252,305,0.39121971
307,307,C,A,165.2215,487.2525,306,1.572197761
308,308,A,A,167.003,483.6715,307,0.770197682
309,309,A,A,170.1905,481.2555,308,1.470963165
310,310,G,A,174.1195,480.509,309,1.249089055
311,311,A,A,177.971,481.587,310,1.173859723
312,312,U,A,181.5555,479.812,311,1.045790354
313,313,A,A,185.14,478.0365,312,0.063853685
314,314,C,A,188.7245,476.261,313,0.99995922
315,315,C,A,192.309,474.4855,314,0.194768782
316,316,G,A,195.893,472.71,315,1.617716848
317,317,G,A,195.4265,468.892,316,1.054855197
318,318,G,A,195.674,465.0555,317,0.063853685
319,319,C,A,191.9965,463.483,318,1.077478375
320,320,C,A,188.3185,461.91,319,1.620138997
321,321,C,A,184.641,460.3375,320,1.302800127
322,322,U,A,181.016,458.648,321,0
323,323,A,A,179.5875,454.913,322,0
324,324,C,A,181.16,451.236,323,0.112587599
325,325,G,A,184.8475,449.6885,324,0
326,326,G,A,188.573,451.143,325,0
327,327,G,A,192.2505,452.7155,326,0
328,328,G,A,195.9285,454.2885,327,1.154964987
329,329,C,A,199.6065,455.861,328,0
330,330,G,A,201.937,453.2705,329,1.025677385
331,331,C,A,204.6735,451.11,330,0.373725703
332,332,A,A,207.735,449.4415,331,0.551427821
333,333,G,A,211.034,448.313,332,1.620138997
334,334,C,A,211.034,444.313,333,1.082188116
335,335,A,A,211.034,440.313,334,0.770197682
336,336,G,A,211.034,436.313,335,1.111552297
337,337,G,A,211.034,432.313,336,1.593420447
338,338,C,A,211.034,428.313,337,0.842433971
339,339,G,A,210.4815,424.856,338,0.892000847
340,340,C,A,208.5,423.295,339,1.542022917
341,341,G,A,205.3225,423.1925,340,0.895916815
342,342,A,A,201.4865,422.672,341,0.063853685
343,343,A,A,199.0235,420.5515,342,0.664368951
344,344,A,A,199.0615,416.965,343,0
345,345,C,A,198.8295,413.5265,344,0.774297467
346,346,C,A,194.234,413.5395,345,0
347,347,U,A,192.234,417.0395,346,0
348,348,U,A,190.034,413.5395,347,0.831266625
349,349,U,A,186.034,413.5395,348,0.983380068
350,350,A,A,182.034,413.5395,349,1.01837989
351,351,C,A,180.534,417.5395,350,0
352,352,A,A,177.034,419.0395,351,0
353,353,C,A,173.534,417.5395,352,0.112587599
354,354,U,A,172.034,413.5395,353,0.357164635
355,355,G,A,168.034,413.5395,354,0
356,356,C,A,164.034,413.5395,355,0
357,357,A,A,160.034,413.5395,356,0
358,358,C,A,156.034,413.5395,357,1.097508603
359,359,G,A,152.037,413.412,358,1.433717733
360,360,A,A,149.255,410.539,359,0.420255299
361,361,C,A,149.255,406.54,360,1.220526473
362,362,A,A,152.037,403.6675,361,0
363,363,G,A,156.034,403.5395,362,0.928328821
364,364,U,A,160.034,403.5395,363,0
365,365,G,A,164.034,403.5395,364,0.998980274
366,366,C,A,168.034,403.5395,365,1.354830417
367,367,G,A,172.034,403.5395,366,0.942527156
368,368,A,A,177.034,401.5395,367,0
369,369,U,A,182.034,403.5395,368,1.892628514
370,370,A,A,186.034,403.5395,369,1.315290096
371,371,G,A,190.034,403.5395,370,1.722620353
372,372,G,A,194.234,403.5395,371,0
373,373,G,A,199.349,403.5395,372,0.063853685
374,374,G,A,204.905,403.538,373,0.653847507
375,375,G,A,207.7335,400.7095,374,0
376,376,A,A,210.164,398.2795,375,0.804334559
377,377,C,A,212.094,396.5995,376,1.242083938
378,378,U,A,214.9225,393.771,377,1.527630707
379,379,C,A,217.751,390.9425,378,1.363077246
380,380,C,A,220.579,388.114,379,0.965711752
381,381,G,A,223.4075,385.2855,380,1.167436723
382,382,A,A,226.236,382.457,381,0.958710363
383,383,G,A,220.954,382.308,382,0.875037125
384,384,U,A,215.0075,382.738,383,1.192725565
385,385,G,A,209.534,382.9795,384,1.503695125
386,386,U,A,205.534,382.9795,385,1.218055469
387,387,G,A,201.534,382.9795,386,1.30409714
388,388,A,A,197.534,382.9795,387,0
389,389,G,A,193.534,382.9795,388,0
390,390,G,A,189.534,382.9795,389,1.722620353
391,391,G,A,185.534,382.9795,390,1.330937233
392,392,C,A,181.534,382.9795,391,1.874429747
393,393,A,A,177.604,383.7125,392,0.942527156
394,394,U,A,174.1295,381.734,393,0
395,395,A,A,172.755,377.9795,394,1.502536491
396,396,U,A,174.1295,374.2255,395,1.756732336
397,397,A,A,177.604,372.247,396,0
398,398,G,A,181.534,372.9795,397,1.287448622
399,399,C,A,185.534,372.9795,398,1.614877181
400,400,C,A,189.534,372.9795,399,1.04770421
401,401,C,A,193.534,372.9795,400,1.288375744
402,402,U,A,197.534,372.9795,401,1.008300089
403,403,C,A,201.534,372.9795,402,1.132839583
404,404,G,A,205.534,372.9795,403,0.844309162
405,405,C,A,209.534,372.9795,404,0
406,406,U,A,207.832,369.682,405,0.943959435
407,407,U,A,205.0035,367.0195,406,1.832574407
408,408,U,A,199.897,362.6405,407,1.731876215
409,409,U,A,197.069,359.8125,408,1.625387791
410,410,C,A,193.841,359.108,409,1.480226625
411,411,U,A,193.4905,355.9835,410,1.55038513
412,412,G,A,190.6625,353.1555,411,1.780445806
413,413,A,A,187.834,350.327,412,1.270541384
414,414,A,A,185.0055,347.4985,413,1.490847867
415,415,C,A,182.177,344.67,414,1.660357962
416,416,C,A,179.3485,341.8415,415,1.383097125
417,417,G,A,177.0195,338.763,416,1.338434958
418,418,U,A,173.6775,335.5045,417,1.60493696
419,419,A,A,171.954,331.896,418,1.2758826
420,420,A,A,173.419,328.175,419,1.382385185
421,421,G,A,177.14,326.71,420,1.079900874
422,422,G,A,180.7485,328.4335,421,1.789686955
423,423,U,A,184.091,332.358,422,1.71543935
424,424,G,A,186.4195,334.7705,423,1.067002871
425,425,G,A,189.248,337.599,424,1.621524816
426,426,U,A,192.0765,340.4275,425,1.526306773
427,427,U,A,194.905,343.256,426,1.661846297
428,428,C,A,197.7335,346.084,427,1.599328619
429,429,A,A,200.562,348.9125,428,1.392572015
430,430,G,A,204.14,352.741,429,1.595252723
431,431,G,A,206.9685,355.5695,430,1.51867077
432,432,A,A,210.8615,355.7235,431,1.585606036
433,433,A,A,212.0745,359.9485,432,1.905580593
434,434,C,A,214.834,362.7465,433,1.633956729
435,435,A,A,217.174,364.525,434,1.68242587
436,436,A,A,219.0175,366.8295,435,0.897981782
437,437,G,A,222.034,368.4795,436,0.989990784
438,438,G,A,222.034,364.4795,437,1.399500075
439,439,A,A,222.034,360.4795,438,0.796039129
440,440,C,A,222.034,356.4795,439,1.13615467
441,441,U,A,220.7005,350.146,440,1.520069215
442,442,G,A,217.0075,350.025,441,1.992533384
443,443,G,A,213.6175,350.021,442,1.801980186
444,444,G,A,210.3675,348.7295,443,1.98733594
445,445,C,A,209.034,345.7295,444,1.579654979
446,446,A,A,210.784,342.563,445,1.442470239
447,447,A,A,213.284,341.813,446,1.780937307
448,448,G,A,216.216,341.5665,447,1.388040692
449,449,A,A,219.3675,341.4795,448,1.906275433
450,450,C,A,222.2005,341.646,449,1.625581889
451,451,C,A,222.2005,337.646,450,1.542223659
452,452,G,A,222.2005,333.646,451,1.800688178
453,453,G,A,222.2005,329.646,452,1.994683844
454,454,U,A,222.2005,325.646,453,1.963791713
455,455,G,A,222.2005,321.646,454,1.991628858
456,456,C,A,219.948,313.764,455,1.976132039
457,457,C,A,219.189,309.3405,456,1.990587876
458,458,A,A,220.0175,304.929,457,1.993761112
459,459,G,A,222.331,301.083,458,1.998581066
460,460,C,A,222.331,297.083,459,1.988627556
461,461,C,A,222.459,293.086,460,1.984776084
462,462,G,A,225.3315,290.304,461,1.980813369
463,463,C,A,229.331,290.304,462,1.408869444
464,464,C,A,232.2035,293.086,463,1.355997116
465,465,G,A,232.331,297.083,464,1.14235252
466,466,C,A,232.331,301.083,465,1.930705345
467,467,G,A,236.2655,302.3755,466,1.58085272
468,468,G,A,239.0845,305.4085,467,1.671240613
469,469,U,A,240.0865,309.426,468,1.877745369
470,470,A,A,239.0215,313.428,469,1.978220229
471,471,A,A,236.1545,316.416,470,1.993958157
472,472,U,A,232.2005,321.646,471,1.986614946
473,473,A,A,232.2005,325.646,472,1.997163944
474,474,C,A,232.2005,329.646,473,1.989325459
475,475,C,A,232.2005,333.646,474,1.992563558
476,476,G,A,232.2005,337.646,475,1.995048325
477,477,G,A,232.2005,341.646,476,1.997544867
478,478,C,A,233.7005,350.146,477,1.99738854
479,479,A,A,234.841,353.6915,478,1.969055782
480,480,G,A,232.034,356.4795,479,1.575874633
481,481,U,A,232.034,360.4795,480,1.550117602
482,482,C,A,232.034,364.4795,481,1.559424981
483,483,C,A,232.034,368.4795,482,1.616034882
484,484,A,A,232.034,372.4795,483,1.671228688
485,485,A,A,233.0435,375.401,484,1.765630887
486,486,G,A,235.8715,372.5725,485,1.416906958
487,487,U,A,238.7,369.744,486,1.413704408
488,488,G,A,241.5285,366.9155,487,1.451828576
489,489,A,A,244.3565,364.087,488,1.563201715
490,490,U,A,247.185,361.2585,489,1.975899168
491,491,G,A,250.0135,358.43,490,1.785022181
492,492,G,A,252.8415,355.6015,491,1.858615732
493,493,C,A,255.67,352.773,492,1.615529389
494,494,C,A,258.4985,349.9445,493,1.099502289
495,495,G,A,259.235,346.357,494,0
496,496,A,A,262.5535,344.6385,495,1.329212807
497,497,U,A,265.713,343.301,496,1.895632442
498,498,A,A,269.3645,339.694,497,0.616607519
499,499,U,A,272.3915,337.5875,498,0
500,500,U,A,275.668,334.9805,499,0.727902505
501,501,A,A,278.82,332.124,500,1.523930191
502,502,U,A,276.4495,330.9005,501,1.606431761
503,503,U,A,274.6375,328.1675,502,1.526010446
504,504,G,A,275.646,324.779,503,1.637085061
505,505,G,A,278.7845,323.9795,504,0
506,506,G,A,278.7845,319.9795,505,0.112587599
507,507,C,A,278.7845,315.9795,506,0.063853685
508,508,C,A,274.7995,315.011,507,1.097177355
509,509,U,A,271.131,313.1785,508,0
510,510,A,A,267.9625,310.575,509,1.196176348
511,511,A,A,265.454,307.331,510,0.963240595
512,512,A,A,263.7315,303.6095,511,1.108837058
513,513,G,A,262.881,299.5975,512,1.987157306
514,514,C,A,262.9465,295.4975,513,1.220695969
515,515,G,A,263.923,291.5145,514,1.04966181
516,516,U,A,260.6075,289.2775,515,0
517,517,C,A,257.2915,287.0405,516,0
518,518,C,A,253.9755,284.8035,517,0.576315557
519,519,G,A,250.1765,286.1005,518,0
520,520,U,A,246.3255,284.9685,519,0
521,521,A,A,243.833,281.822,520,0
522,522,G,A,243.612,277.8145,521,0
523,523,C,A,240.296,275.578,522,0.82009415
524,524,U,A,236.9795,273.3415,523,0.112587599
525,525,U,A,232.7885,272.604,524,0
526,526,G,A,229.0345,270.9895,525,0.063853685
527,527,C,A,225.0345,270.9895,526,0
528,528,U,A,221.0345,270.9895,527,0
529,529,G,A,217.0345,270.9895,528,0
530,530,U,A,213.0345,270.9895,529,0
531,531,G,A,209.0345,270.9895,530,0.063853685
532,532,U,A,205.0345,270.9895,531,0.112587599
533,533,A,A,202.5345,274.4895,532,0
534,534,A,A,200.0345,270.9895,533,0.659871892
535,535,G,A,196.0345,270.9895,534,0.770197682
536,536,U,A,191.0345,270.9895,535,1.04966181
537,537,C,A,187.0345,270.9895,536,1.164651549
538,538,C,A,183.0345,270.9895,537,1.987157306
539,539,A,A,179.0345,270.9895,538,1.112716243
540,540,U,A,175.0345,270.9895,539,0.963240595
541,541,U,A,171.0345,270.9895,540,1.596962944
542,542,G,A,167.0345,270.9895,541,1.526010446
543,543,G,A,163.0345,270.9895,542,1.586211334
544,544,G,A,159.0345,270.9895,543,1.641456565
545,545,A,A,158.0345,274.4895,544,0.774297467
546,546,A,A,155.5345,277.4895,545,1.578595836
547,547,A,A,152.0345,278.4895,546,0
548,548,U,A,148.5345,277.4895,547,0.155562863
549,549,C,A,146.0345,274.4895,548,0.892000847
550,550,G,A,145.0345,270.9895,549,0.063853685
551,551,A,A,141.0345,270.9895,550,1.075645872
552,552,C,A,137.0345,270.9895,551,0.831266625
553,553,C,A,133.0345,270.9895,552,1.820223941
554,554,A,A,129.0345,270.9895,553,1.836589432
555,555,G,A,125.0345,270.9895,554,1.293822347
556,556,C,A,121.1045,271.7225,555,1.113687835
557,557,U,A,117.63,269.744,556,1.011978925
558,558,C,A,116.2555,265.9895,557,1.725509321
559,559,A,A,117.63,262.2355,558,1.189731917
560,560,A,A,121.1045,260.257,559,1.647226568
561,561,C,A,125.0345,260.9895,560,0.112587599
562,562,U,A,129.0345,260.9895,561,0.544475374
563,563,G,A,133.0345,260.9895,562,0.770197682
564,564,G,A,137.0345,260.9895,563,0.998000884
565,565,U,A,141.0345,260.9895,564,0
566,566,C,A,145.0345,260.9895,565,0
567,567,G,A,147.368,256.823,566,0.92475004
568,568,G,A,150.368,254.823,567,0.772802923
569,569,C,A,154.5075,254.858,568,1.160029061
570,570,G,A,158.0345,256.656,569,1.516542008
571,571,U,A,159.0345,260.9895,570,0
572,572,C,A,163.0345,260.9895,571,0
573,573,C,A,167.0345,260.9895,572,0.063853685
574,574,G,A,171.0345,260.9895,573,0
575,575,G,A,175.0345,260.9895,574,0.74248757
576,576,U,A,179.0345,260.9895,575,1.536541347
577,577,G,A,183.0345,260.9895,576,0
578,578,G,A,187.0345,260.9895,577,1.338988406
579,579,A,A,191.0345,260.9895,578,1.889402743
580,580,A,A,191.8345,257.6545,579,0.437222272
581,581,A,A,195.2545,257.6545,580,0.112587599
582,582,C,A,196.0345,260.9895,581,0.726154493
583,583,U,A,200.0345,260.9895,582,0
584,584,A,A,205.0345,260.9895,583,0.063853685
585,585,C,A,209.0345,260.9895,584,1.549613039
586,586,A,A,213.0345,260.9895,585,0.974360599
587,587,C,A,217.0345,260.9895,586,0.265261907
588,588,A,A,221.0345,260.9895,587,0.524537848
589,589,G,A,225.0345,260.9895,588,1.775022576
590,590,C,A,229.0345,260.9895,589,1.321971672
591,591,U,A,228.139,257.277,590,1.732471495
592,592,U,A,230.54,254.3075,591,1.75210235
593,593,G,A,234.3575,254.406,592,1.739412587
594,594,G,A,234.5345,250.271,593,1.526698616
595,595,G,A,234.5345,246.271,594,1.335653727
596,596,G,A,234.5345,242.271,595,1.299417763
597,597,C,A,234.7845,237.146,596,0.97056764
598,598,C,A,234.7845,233.146,597,1.105641488
599,599,G,A,234.7845,229.146,598,0.690279838
600,600,A,A,233.2845,225.146,599,1.816825343
601,601,G,A,233.2845,221.146,600,1.606065955
602,602,A,A,233.2845,217.146,601,1.863205613
603,603,G,A,230.5345,214.396,602,1.678191263
604,604,A,A,233.2845,211.646,603,1.293210041
605,605,C,A,234.7845,207.646,604,1.585803543
606,606,U,A,234.7845,203.646,605,1.552247336
607,607,C,A,234.7845,199.646,606,0.063853685
608,608,A,A,234.7845,195.646,607,0
609,609,A,A,234.7845,191.646,608,0
610,610,C,A,234.7845,187.646,609,1.181030095
611,611,G,A,234.7845,183.646,610,1.285335402
612,612,G,A,230.7845,180.646,611,1.462852224
613,613,G,A,226.7845,180.646,612,1.610353635
614,614,U,A,222.7845,180.646,613,1.812562809
615,615,A,A,218.7845,182.146,614,1.419393519
616,616,C,A,214.7845,180.646,615,1.718275285
617,617,G,A,210.7845,180.646,616,0.063853685
618,618,U,A,206.7845,180.646,617,0.700888646
619,619,C,A,202.7845,180.646,618,0.194768782
620,620,C,A,198.7845,180.646,619,0.959462056
621,621,G,A,194.7845,180.646,620,0.258289954
622,622,G,A,190.7845,180.646,621,0
623,623,G,A,186.7845,180.646,622,0.875986162
624,624,G,A,182.7845,180.646,623,1.597297543
625,625,U,A,178.7845,180.646,624,1.724054058
626,626,A,A,174.7845,182.146,625,1.930986035
627,627,G,A,167.0345,180.146,626,1.570617928
628,628,G,A,163.0345,180.146,627,1.417548912
629,629,A,A,159.0345,180.146,628,1.28369805
630,630,G,A,155.273,181.5085,629,1.834067655
631,631,U,A,151.441,180.357,630,1.921429573
632,632,G,A,149.0535,177.1465,631,1.429496769
633,633,A,A,149.0535,173.1455,632,1.469319859
634,634,A,A,151.441,169.935,633,1.432540669
635,635,A,A,155.273,168.7835,634,1.777133654
636,636,U,A,159.0345,170.146,635,1.829548738
637,637,C,A,163.0345,170.146,636,1.768413791
638,638,C,A,167.0345,170.146,637,1.805035887
639,639,U,A,167.3175,166.6235,638,0.665158977
640,640,G,A,170.2685,164.6795,639,1.135198516
641,641,U,A,173.617,165.8105,640,1.386438555
642,642,A,A,174.7845,169.146,641,0
643,643,A,A,178.7845,170.646,642,0.831266625
644,644,U,A,182.7845,170.646,643,1.268665247
645,645,C,A,186.7845,170.646,644,1.115521884
646,646,C,A,190.7845,170.646,645,1.77760368
647,647,U,A,194.7845,170.646,646,1.97557197
648,648,G,A,198.7845,170.646,647,1.742690653
649,649,G,A,202.7845,170.646,648,1.255630585
650,650,A,A,206.7845,170.646,649,1.7195211
651,651,C,A,210.7845,170.646,650,0.875986162
652,652,G,A,214.7845,170.646,651,0.817756096
653,653,G,A,218.7845,169.146,652,1.271431572
654,654,A,A,222.7845,170.646,653,0.756581837
655,655,C,A,226.7845,170.646,654,0.998980274
656,656,C,A,230.7845,170.646,655,0.618221124
657,657,A,A,233.3145,167.1875,656,1.627298156
658,658,C,A,237.0505,165.088,657,1.891646142
659,659,C,A,241.3205,164.725,658,0.990459834
660,660,A,A,245.357,166.164,659,1.404151015
661,661,A,A,248.4345,169.146,660,0.707501598
662,662,U,A,250.4975,166.493,661,1.919920976
663,663,G,A,253.7525,167.3275,662,1.171553654
664,664,G,A,254.2845,170.646,663,0.22484397
665,665,G,A,258.2845,170.646,664,1.028376697
666,666,G,A,262.282,170.774,665,0.40616457
667,667,A,A,265.064,173.6465,666,0.331088129
668,668,A,A,265.064,177.6455,667,1.92737224
669,669,A,A,262.282,180.5185,668,1.911066421
670,670,C,A,258.2845,180.646,669,1.0755344
671,671,C,A,254.2845,180.646,670,1.643012499
672,672,A,A,248.4345,182.146,671,1.749722865
673,673,C,A,244.7845,183.646,672,1.389354494
674,674,G,A,244.7845,187.646,673,0.112587599
675,675,U,A,244.7845,191.646,674,0.99995922
676,676,U,A,244.7845,195.646,675,0
677,677,G,A,244.7845,199.646,676,0.915769153
678,678,A,A,244.7845,203.646,677,0.559131075
679,679,G,A,244.7845,207.646,678,1.576504806
680,680,A,A,246.2845,211.646,679,1.00225744
681,681,G,A,246.2845,217.146,680,1.947478587
682,682,A,A,246.2845,221.146,681,1.776708384
683,683,C,A,246.2845,225.146,682,1.059981265
684,684,C,A,244.7845,229.146,683,1.192877747
685,685,G,A,244.7845,233.146,684,0.9950379
686,686,G,A,244.7845,237.146,685,0.857881373
687,687,A,A,247.179,239.8315,686,0
688,688,C,A,244.5345,242.271,687,0.112587599
689,689,C,A,244.5345,246.271,688,1.622936388
690,690,C,A,244.5345,250.271,689,0.681062951
691,691,G,A,244.3645,255.071,690,0
692,692,A,A,242.614,259.54,691,0.384992472
693,693,C,A,239.3575,263.066,692,0.265261907
694,694,A,A,242.5715,265.051,693,0.297472249
695,695,G,A,245.8875,267.2875,694,0.063853685
696,696,U,A,249.204,269.524,695,0
697,697,G,A,252.986,268.3105,696,0
698,698,A,A,256.79,269.454,697,1.569124969
699,699,G,A,259.2755,272.5525,698,0.384992472
700,700,G,A,259.568,276.5135,699,1.246341773
701,701,G,A,262.884,278.7505,700,1.274047295
702,702,A,A,266.1995,280.9875,701,1.423225633
703,703,C,A,269.5155,283.2245,702,0.844309162
704,704,G,A,272.6745,280.713,703,0
705,705,A,A,277.584,278.543,704,1.178060159
706,706,A,A,274.8835,274.8435,705,1.352454955
707,707,A,A,274.834,271.3505,706,1.354830417
708,708,G,A,277.368,269.073,707,1.836993001
709,709,C,A,277.368,265.073,708,1.944137746
710,710,C,A,277.368,261.073,709,0.809432303
711,711,A,A,277.368,257.073,710,1.5623188
712,712,G,A,277.368,253.073,711,0.838211427
713,713,G,A,277.368,249.073,712,0.943429581
714,714,G,A,273.664,249.2025,713,0.063853685
715,715,U,A,270.4835,246.711,714,0.063853685
716,716,C,A,272.1945,243.286,715,1.132338838
717,717,U,A,276.118,243.189,716,1.41584919
718,718,C,A,277.618,239.189,717,0.680585332
719,719,G,A,276.118,235.189,718,0.9040366
720,720,A,A,277.618,231.189,719,0.063853685
721,721,A,A,276.118,227.189,720,1.812518387
722,722,C,A,277.618,223.189,721,1.108837058
723,723,C,A,277.618,219.189,722,1.19545765
724,724,G,A,277.618,215.189,723,1.093235913
725,725,G,A,277.618,211.189,724,0.063853685
726,726,A,A,275.1615,208.0345,725,0.219168124
727,727,U,A,274.5025,204.0905,726,0
728,728,U,A,275.8005,200.308,727,0.155562863
729,729,A,A,278.742,197.5995,728,0
730,730,G,A,282.618,196.618,729,0.930320525
731,731,A,A,286.4945,197.5995,730,0.194768782
732,732,U,A,289.436,200.308,731,0.127625193
733,733,A,A,290.734,204.0905,732,0.981940787
734,734,C,A,290.075,208.0345,733,1.848671917
735,735,C,A,287.618,211.189,734,1.355229247
736,736,C,A,287.618,215.189,735,1.062440781
737,737,G,A,287.618,219.189,736,1.911066421
738,738,G,A,287.618,223.189,737,1.946987619
739,739,G,A,289.118,227.189,738,0.331088129
740,740,U,A,287.618,231.189,739,1.382390125
741,741,A,A,289.118,235.189,740,1.045790354
742,742,G,A,287.618,239.189,741,0.420255299
743,743,U,A,289.118,243.189,742,1.662575793
744,744,C,A,287.368,249.073,743,1.368085056
745,745,C,A,287.368,253.073,744,1.50418246
746,746,U,A,287.368,257.073,745,1.042906061
747,747,G,A,287.368,261.073,746,1.832045955
748,748,G,A,287.368,265.073,747,1.909250776
749,749,C,A,287.368,269.073,748,1.542800196
750,750,U,A,289.8495,271.4845,749,0.977850958
751,751,G,A,290.0755,274.8685,750,0.999632954
752,752,U,A,287.584,278.543,751,0.863787445
753,753,A,A,291.279,280.907,752,0.770197682
754,754,A,A,294.535,283.2845,753,0.74248757
755,755,A,A,297.1985,286.312,754,0.960448174
756,756,C,A,299.141,289.845,755,1.549613039
757,757,A,A,300.271,293.7155,756,0.063853685
758,758,A,A,300.534,297.739,757,1.040091913
759,759,U,A,299.9175,301.7235,758,0
760,760,G,A,298.4515,305.4795,759,1.236943691
761,761,C,A,302.4515,305.4795,760,0.258289954
762,762,U,A,306.4515,305.4795,761,1.940569445
763,763,C,A,310.4515,305.4795,762,1.311260905
764,764,G,A,314.4515,305.4795,763,0
765,765,C,A,318.4515,305.4795,764,0.112587599
766,766,U,A,322.4515,305.4795,765,0
767,767,A,A,325.8515,305.0795,766,0.063853685
768,768,G,A,329.416,303.4445,767,0.384992472
769,769,G,A,332.244,300.616,768,0
770,770,U,A,335.0725,297.7875,769,0.831474388
771,771,A,A,337.901,294.959,770,1.669312199
772,772,U,A,340.729,292.13,771,1.586932364
773,773,G,A,343.5575,289.3015,772,0.063853685
774,774,U,A,346.386,286.473,773,0.508250565
775,775,C,A,349.214,283.6445,774,0.063853685
776,776,A,A,352.0425,280.816,775,0.681305948
777,777,C,A,354.871,277.9875,776,0.9950379
778,778,G,A,357.699,275.159,777,1.093502385
779,779,C,A,359.4665,271.27,778,0.127625193
780,780,G,A,363.356,269.502,779,1.052222112
781,781,C,A,366.184,266.6735,780,0
782,782,C,A,368.445,263.376,781,0
783,783,A,A,372.3005,262.3185,782,1.203523348
784,784,U,A,375.9275,264.0005,783,1.298941088
785,785,G,A,377.61,267.6275,784,0.933038606
786,786,A,A,376.553,271.4835,785,0.063853685
787,787,G,A,373.2555,273.7445,786,0.063853685
788,788,C,A,370.427,276.573,787,0
789,789,A,A,368.6595,280.462,788,0.647104565
790,790,C,A,364.7705,282.23,789,0
791,791,G,A,361.942,285.0585,790,0
792,792,U,A,359.114,287.887,791,0
793,793,G,A,356.2855,290.7155,792,0.194768782
794,794,A,A,353.457,293.544,793,0
795,795,U,A,350.629,296.3725,794,0
796,796,G,A,347.8005,299.201,795,0.112587599
797,797,U,A,344.972,302.0295,796,0.861206865
798,798,G,A,342.144,304.858,797,1.309516098
799,799,C,A,339.3155,307.6865,798,1.275668691
800,800,C,A,336.487,310.515,799,0.297472249
801,801,G,A,339.499,312.064,800,0
802,802,U,A,342.158,314.467,801,0
803,803,A,A,344.2735,317.739,802,0.127625193
804,804,G,A,346.69,321.262,803,0
805,805,U,A,349.9665,323.5565,804,0.508250565
806,806,G,A,353.1675,325.954,805,0.437222272
807,807,A,A,353.799,329.903,806,1.584206093
808,808,A,A,351.505,333.1785,807,1.699520791
809,809,G,A,347.5785,333.936,808,0.880731298
810,810,A,A,344.231,331.748,809,0.063853685
811,811,C,A,340.954,329.454,810,1.007584443
812,812,G,A,336.8175,328.388,811,1.112897191
813,813,A,A,331.916,326.951,812,0.112587599
814,814,U,A,327.6525,324.139,813,0.112587599
815,815,A,A,324.4025,320.1995,814,0
816,816,A,A,322.4515,315.4795,815,0
817,817,G,A,318.4515,315.4795,816,0.112587599
818,818,C,A,314.4515,315.4795,817,0.75991716
819,819,G,A,310.4515,315.4795,818,0.651503527
820,820,A,A,306.4515,315.4795,819,0.063853685
821,821,G,A,302.4515,315.4795,820,0.112587599
822,822,C,A,298.4515,315.4795,821,1.838985702
823,823,C,A,293.451,315.813,822,1.828175369
824,824,G,A,288.7845,315.9795,823,1.955235598
825,825,C,A,288.7845,319.9795,824,1.172408187
826,826,C,A,288.7845,323.9795,825,0.508250565
827,827,U,A,288.82,332.124,826,0.384992472
828,828,G,A,289.009,337.0965,827,1.200559144
829,829,G,A,293.009,337.0965,828,0.600557955
830,830,G,A,297.009,337.0965,829,1.478278961
831,831,A,A,301.009,335.5965,830,1.530522234
832,832,A,A,305.009,335.5965,831,0.986634791
833,833,G,A,307.7405,334.2995,832,0.519933265
834,834,U,A,310.6895,337.2135,833,1.660824799
835,835,A,A,314.69,335.714,834,1.59772741
836,836,C,A,317.5255,334.374,835,0.850781171
837,837,G,A,320.1655,337.055,836,1.591736718
838,838,U,A,324.1655,337.055,837,1.943751456
839,839,C,A,328.1655,337.055,838,1.729604789
840,840,C,A,332.1655,337.055,839,1.877043316
841,841,G,A,336.163,337.183,840,1.681521191
842,842,C,A,338.945,340.0555,841,1.46507196
843,843,A,A,338.945,344.0545,842,1.719448732
844,844,A,A,336.163,346.927,843,1.869265059
845,845,G,A,332.1655,347.055,844,1.509297567
846,846,G,A,328.1655,347.055,845,1.743343416
847,847,A,A,324.1655,347.055,846,1.746125518
848,848,U,A,320.1655,347.055,847,1.901431151
849,849,G,A,314.689,348.714,848,1.818222006
850,850,A,A,310.689,347.2135,849,1.511082857
851,851,A,A,305.009,348.5965,850,1.669170151
852,852,A,A,301.009,348.5965,851,1.701124834
853,853,C,A,297.009,347.0965,852,0.510420298
854,854,U,A,293.009,347.0965,853,0.987177751
855,855,U,A,289.009,347.0965,854,1.288375744
856,856,A,A,288.673,352.9695,855,1.404909118
857,857,A,A,293.4765,353.378,856,1.105641488
858,858,A,A,298.6165,354.828,857,1.207123484
859,859,G,A,303.728,358.457,858,1.890517849
860,860,G,A,308.401,363.8775,859,1.036325407
861,861,A,A,309.636,370.6745,860,0.219168124
862,862,A,A,308.861,376.555,861,1.562795743
863,863,U,A,306.9885,382.169,862,1.31551459
864,864,U,A,312.7715,382.139,863,0
865,865,G,A,316.7715,382.139,864,0
866,866,G,A,322.7055,382.1725,865,1.516542008
867,867,C,A,326.7055,382.1725,866,1.483754998
868,868,G,A,330.7055,382.1725,867,0.419304954
869,869,G,A,333.3445,379.115,868,1.258690316
870,870,G,A,336.872,382.1725,869,1.291669874
871,871,G,A,340.872,382.1725,870,1.315983159
872,872,G,A,344.872,382.1725,871,0.194768782
873,873,A,A,348.872,382.1725,872,0
874,874,G,A,352.872,382.1725,873,0.508250565
875,875,C,A,356.872,382.1725,874,1.071514337
876,876,A,A,360.872,382.1725,875,1.946667933
877,877,C,A,363.46,379.1195,876,1.828175369
878,878,C,A,367.4615,379.0545,877,1.838985702
879,879,A,A,370.147,382.0225,878,0.74248757
880,880,C,A,374.147,382.0225,879,0.770197682
881,881,A,A,378.422,382.1225,880,1.149807506
882,882,A,A,382.247,381.917,881,0.408877722
883,883,C,A,385.651,379.817,882,0.877191626
884,884,C,A,389.055,377.717,883,0.770197682
885,885,G,A,392.459,375.6165,884,0
886,886,G,A,395.8635,373.516,885,0.112587599
887,887,A,A,399.2675,371.4155,886,0.063853685
888,888,G,A,401.884,368.0385,887,0.813675067
889,889,G,A,406.372,364.665,888,0
890,890,A,A,407.892,360.6725,889,0.063853685
891,891,G,A,407.912,356.673,890,0
892,892,C,A,407.932,352.673,891,0
893,893,C,A,407.952,348.673,892,0.796039129
894,894,U,A,407.972,344.673,893,0.127625193
895,895,G,A,407.992,340.673,894,1.073417359
896,896,C,A,408.012,336.673,895,1.323550537
897,897,G,A,408.032,332.673,896,0.681305948
898,898,G,A,407.872,327.6725,897,0
899,899,U,A,407.872,323.6725,898,0
900,900,U,A,404.9405,323.698,899,0
901,901,U,A,402.2845,326.692,900,0
902,902,A,A,398.4405,327.805,901,0.640009083
903,903,A,A,394.596,326.692,902,1.193985117
904,904,U,A,391.9405,323.698,903,1.588268559
905,905,U,A,389.579,327.3695,904,0.063853685
906,906,G,A,386.751,330.198,905,0.863120569
907,907,G,A,383.9225,333.0265,906,0
908,908,A,A,383.0965,336.942,907,0
909,909,C,A,380.3835,339.884,908,0
910,910,U,A,376.5475,341.0235,909,0.063853685
911,911,C,A,372.6685,340.04,910,0
912,912,A,A,369.8385,337.2105,911,1.056170529
913,913,A,A,368.855,333.3315,912,0
914,914,C,A,369.994,329.4955,913,0
915,915,G,A,372.9355,326.782,914,0.063853685
916,916,C,A,376.851,325.956,915,0.576315557
917,917,C,A,379.6795,323.1275,916,0.328041566
918,918,G,A,382.508,320.299,917,0
919,919,G,A,385.3365,317.47,918,0
920,920,A,A,384.2735,313.4205,919,0
921,921,C,A,384.43,309.237,920,0.112587599
922,922,A,A,385.792,305.278,921,0
923,923,U,A,388.243,301.884,922,0.852980371
924,924,C,A,391.5725,299.3455,923,0.063853685
925,925,U,A,395.495,297.8815,924,0
926,926,C,A,399.6735,297.617,925,0
927,927,A,A,403.749,298.5745,926,0.770197682
928,928,C,A,407.372,298.6725,927,0.770197682
929,929,C,A,407.372,294.6725,928,0.657897306
930,930,G,A,407.372,290.6725,929,1.551259856
931,931,G,A,407.372,286.6725,930,1.112546197
932,932,U,A,407.372,282.6725,931,0.112587599
933,933,C,A,407.372,278.6725,932,0.99995922
934,934,C,A,407.2805,275.031,933,0.288365142
935,935,C,A,403.3655,275.076,934,0.112587599
936,936,G,A,399.3735,273.289,935,0
937,937,A,A,396.3605,271.376,936,0.664368951
938,938,C,A,392.895,268.8125,937,0
939,939,A,A,389.8305,266.2415,938,0.664368951
940,940,G,A,386.7665,263.6705,939,1.281361063
941,941,U,A,383.7025,261.0995,940,1.035556666
942,942,A,A,380.638,258.528,941,0
943,943,G,A,377.574,255.957,942,0.706029527
944,944,U,A,374.5095,253.386,943,0
945,945,A,A,371.219,253.8105,944,0.155562863
946,946,A,A,367.9395,253.311,945,0.063853685
947,947,U,A,364.9245,251.9255,946,0.654922015
948,948,G,A,362.4095,249.762,947,0.649166032
949,949,A,A,360.589,246.988,948,1.508350663
950,950,C,A,359.6045,243.8195,949,0.063853685
951,951,A,A,359.533,240.5025,950,0.063853685
952,952,G,A,356.469,237.9315,951,0.998980274
953,953,U,A,353.4045,235.3605,952,0
954,954,C,A,349.3765,233.9385,953,0
955,955,A,A,347.2765,230.218,954,1.232503061
956,956,G,A,344.212,227.647,955,0.063853685
957,957,G,A,341.148,225.076,956,0.155562863
958,958,U,A,337.248,224.189,957,0
959,959,U,A,334.485,221.298,958,0
960,960,G,A,333.7755,217.362,959,0
961,961,A,A,335.355,213.6875,960,0.112587599
962,962,C,A,338.699,211.4945,961,1.499744809
963,963,G,A,342.698,211.51,962,0.063853685
964,964,A,A,346.025,213.729,963,0
965,965,C,A,347.576,217.4155,964,1.786059101
966,966,U,A,350.64,219.9865,965,1.097177355
967,967,U,A,353.704,222.5575,966,0.2311498
968,968,U,A,357.7325,223.98,967,0.39121971
969,969,A,A,359.8325,227.7,968,0
970,970,C,A,362.897,230.271,969,0.063853685
971,971,U,A,365.961,232.8425,970,0.856894323
972,972,C,A,370.7885,231.81,971,0.063853685
973,973,G,A,375.5725,233.0305,972,0.852980371
974,974,A,A,379.315,236.25,973,1.513959514
975,975,C,A,381.237,240.7975,974,0.99669434
976,976,G,A,380.9375,245.7255,975,0.949452015
977,977,C,A,384.002,248.2965,976,0.485460761
978,978,U,A,387.066,250.8675,977,0
979,979,A,A,390.13,253.439,978,1.311496357
980,980,C,A,393.1945,256.01,979,0.176276302
981,981,U,A,396.2585,258.581,980,0
982,982,G,A,399.3225,261.1525,981,0.930320525
983,983,A,A,402.694,262.6635,982,0
984,984,G,A,405.997,265.1725,983,0
985,985,A,A,407.747,261.7975,984,0.176276302
986,986,G,A,407.372,258.5475,985,1.846446282
987,987,G,A,407.372,254.5475,986,0.896699602
988,988,A,A,404.2745,251.7985,987,1.231641192
989,989,G,A,407.372,250.1725,988,1.795717068
990,990,G,A,407.372,246.1725,989,1.724957979
991,991,U,A,407.372,242.1725,990,1.633544589
992,992,G,A,407.372,238.1725,991,1.355181111
993,993,C,A,403.872,237.1725,992,1.559424981
994,994,A,A,403.872,233.1725,993,1.007845177
995,995,U,A,407.372,232.1725,994,1.600953554
996,996,G,A,407.372,228.1725,995,1.100710041
997,997,G,A,407.372,221.1725,996,1.056170529
998,998,C,A,407.372,217.1725,997,1.755444528
999,999,C,A,407.372,213.1725,998,1.691153163
1000,1000,G,A,407.247,207.4225,999,1.884971895
1001,1001,C,A,407.247,203.4225,1000,1.91033133
1002,1002,C,A,407.247,199.4225,1001,1.840798042
1003,1003,G,A,407.247,195.4225,1002,1.676459866
1004,1004,U,A,404.747,193.6725,1003,1.158819635
1005,1005,C,A,405.6045,188.6805,1004,1.634777216
1006,1006,A,A,407.1855,184.2175,1005,1.870684784
1007,1007,G,A,406.7055,179.506,1006,1.560087705
1008,1008,C,A,402.7055,179.506,1007,1.845152345
1009,1009,U,A,398.7055,179.506,1008,1.511150034
1010,1010,C,A,394.7055,179.506,1009,1.766166667
1011,1011,G,A,390.7055,179.506,1010,1.676536602
1012,1012,U,A,386.7055,179.506,1011,1.545573274
1013,1013,A,A,378.872,180.8395,1012,0.384992472
1014,1014,C,A,374.872,179.3395,1013,0
1015,1015,C,A,370.872,179.3395,1014,1.805796298
1016,1016,G,A,366.875,179.212,1015,0.95843186
1017,1017,U,A,364.093,176.339,1016,1.44121508
1018,1018,G,A,364.093,172.34,1017,1.753291589
1019,1019,A,A,366.875,169.4675,1018,1.600755291
1020,1020,G,A,370.872,169.3395,1019,1.523373982
1021,1021,G,A,374.872,169.3395,1020,1.746304727
1022,1022,C,A,378.872,167.8395,1021,1.552025456
1023,1023,G,A,377.38,164.2925,1022,1.917856461
1024,1024,U,A,376.9235,160.471,1023,1.753692555
1025,1025,C,A,377.539,156.6725,1024,1.458302603
1026,1026,C,A,377.539,152.6725,1025,1.59477523
1027,1027,U,A,377.539,148.6725,1026,1.792428579
1028,1028,G,A,377.539,144.6725,1027,1.735292499
1029,1029,U,A,376.1765,140.911,1028,1.744300797
1030,1030,U,A,377.328,137.079,1029,1.721742332
1031,1031,A,A,380.5385,134.6915,1030,1.841032629
1032,1032,A,A,384.5395,134.6915,1031,1.744709351
1033,1033,G,A,387.7505,137.079,1032,1.723143937
1034,1034,U,A,388.902,140.911,1033,1.782030564
1035,1035,C,A,387.539,144.6725,1034,1.860463347
1036,1036,A,A,387.539,148.6725,1035,1.86533574
1037,1037,G,A,387.539,152.6725,1036,1.468450502
1038,1038,G,A,387.539,156.6725,1037,1.786329381
1039,1039,C,A,388.5225,160.946,1038,1.827780708
1040,1040,A,A,388.063,165.2935,1039,1.796138644
1041,1041,A,A,386.7055,169.506,1040,1.912135719
1042,1042,C,A,390.7055,169.506,1041,1.519579133
1043,1043,G,A,394.7055,169.506,1042,1.280399447
1044,1044,A,A,398.7055,169.506,1043,0.831266625
1045,1045,G,A,402.7055,169.506,1044,1.59281137
1046,1046,C,A,406.7055,169.506,1045,1.094193798
1047,1047,G,A,407.5025,165.566,1046,1.486266671
1048,1048,A,A,410.2505,162.632,1047,0.063853685
1049,1049,G,A,414.1295,161.579,1048,0.770197682
1050,1050,A,A,417.984,162.72,1049,0
1051,1051,C,A,420.6645,165.7155,1050,1.034597658
1052,1052,C,A,421.372,169.6725,1051,0
1053,1053,C,A,425.372,169.6725,1052,0
1054,1054,A,A,429.372,169.6725,1053,0
1055,1055,C,A,433.372,168.1725,1054,0
1056,1056,A,A,437.372,168.1725,1055,0.155562863
1057,1057,C,A,445.372,169.6725,1056,0
1058,1058,U,A,449.372,169.6725,1057,0
1059,1059,U,A,453.372,169.6725,1058,0.53022475
1060,1060,C,A,457.372,169.6725,1059,0.998980274
1061,1061,U,A,461.372,169.6725,1060,0.116183212
1062,1062,A,A,465.372,169.6725,1061,0.552612762
1063,1063,G,A,469.372,169.6725,1062,0.79813613
1064,1064,U,A,473.872,167.333,1063,0.897981782
1065,1065,U,A,478.372,169.6725,1064,0.500046184
1066,1066,G,A,482.372,169.6725,1065,0.817756096
1067,1067,C,A,486.372,169.6725,1066,0.194768782
1068,1068,C,A,490.372,169.6725,1067,0.063853685
1069,1069,A,A,491.222,165.6225,1068,0.891167156
1070,1070,G,A,495.222,165.6225,1069,0.219168124
1071,1071,C,A,496.372,169.6725,1070,0.774297467
1072,1072,A,A,500.372,169.6725,1071,0.063853685
1073,1073,A,A,504.372,169.6725,1072,0.063853685
1074,1074,C,A,508.812,169.6325,1073,0.681062951
1075,1075,A,A,512.812,169.6325,1074,1.605220427
1076,1076,C,A,516.812,169.6325,1075,1.397261423
1077,1077,C,A,520.812,169.6325,1076,0.173107637
1078,1078,C,A,524.742,168.8995,1077,0.548103122
1079,1079,C,A,528.2165,170.878,1078,0.176276302
1080,1080,U,A,529.591,174.6325,1079,0.155562863
1081,1081,G,A,528.2165,178.387,1080,1.352641653
1082,1082,C,A,524.742,180.3655,1081,1.525515314
1083,1083,G,A,520.812,179.6325,1082,0.681062951
1084,1084,G,A,516.812,179.6325,1083,0.447994946
1085,1085,U,A,512.812,179.6325,1084,0.127625193
1086,1086,G,A,508.812,179.6325,1085,0.998980274
1087,1087,G,A,506.758,182.88,1086,1.505794682
1088,1088,U,A,504.372,179.6725,1087,0.992873166
1089,1089,U,A,500.372,179.6725,1088,0.447994946
1090,1090,G,A,496.372,179.6725,1089,0.063853685
1091,1091,G,A,490.372,179.6725,1090,0.063853685
1092,1092,G,A,486.372,179.6725,1091,0.370039801
1093,1093,U,A,482.372,179.6725,1092,0
1094,1094,A,A,478.372,179.6725,1093,0.817756096
1095,1095,C,A,476.022,183.4725,1094,0
1096,1096,A,A,471.422,183.4725,1095,0.495870912
1097,1097,C,A,469.372,179.6725,1096,0.916819281
1098,1098,U,A,465.372,179.6725,1097,1.056334888
1099,1099,A,A,461.372,179.6725,1098,1.043517876
1100,1100,G,A,457.372,179.6725,1099,1.046681665
1101,1101,G,A,453.372,179.6725,1100,0.063853685
1102,1102,A,A,449.372,179.6725,1101,0
1103,1103,G,A,445.372,179.6725,1102,0.127625193
1104,1104,G,A,446.787,184.466,1103,0.176276302
1105,1105,A,A,449.6155,187.2945,1104,0.2311498
1106,1106,C,A,452.765,186.804,1105,0.756581837
1107,1107,U,A,455.3415,188.6825,1106,0.063853685
1108,1108,G,A,455.837,191.8315,1107,0.127625193
1109,1109,C,A,453.9635,194.412,1108,1.153553023
1110,1110,C,A,456.792,197.2405,1109,0.999632954
1111,1111,A,A,459.62,200.069,1110,0.063853685
1112,1112,U,A,462.448,202.898,1111,0.176276302
1113,1113,U,A,465.276,205.7265,1112,0.53022475
1114,1114,G,A,468.5735,207.988,1113,0.474559131
1115,1115,C,A,469.6305,211.844,1114,1.70439039
1116,1116,U,A,467.9475,215.4705,1115,1.722032627
1117,1117,A,A,464.3205,217.1525,1116,1.153910244
1118,1118,A,A,460.465,216.0945,1117,1.149460381
1119,1119,A,A,458.2045,212.797,1118,1.159843517
1120,1120,A,A,455.376,209.9685,1119,1.659195646
1121,1121,U,A,452.548,207.1395,1120,1.450377218
1122,1122,G,A,449.72,204.311,1121,1.095377378
1123,1123,G,A,446.892,201.482,1122,0.799863208
1124,1124,A,A,442.468,200.0245,1123,1.076693317
1125,1125,G,A,440.423,196.487,1124,1.03833194
1126,1126,G,A,437.5945,193.659,1125,0
1127,1127,A,A,434.539,192.779,1126,0.915769153
1128,1128,A,A,433.682,190.0565,1127,0.903049904
1129,1129,G,A,433.311,186.95,1128,1.245795662
1130,1130,G,A,435.8975,184.3575,1129,0.733450106
1131,1131,A,A,437.372,181.1725,1130,1.730841568
1132,1132,A,A,433.372,181.1725,1131,1.073192946
1133,1133,U,A,429.372,179.6725,1132,1.720390613
1134,1134,G,A,425.372,179.6725,1133,1.886645804
1135,1135,G,A,421.372,179.6725,1134,1.20806118
1136,1136,G,A,421.582,182.6925,1135,1.813481683
1137,1137,C,A,423.537,185.6935,1136,1.885167862
1138,1138,A,A,422.0065,188.689,1137,1.676538145
1139,1139,A,A,418.6045,188.681,1138,1.975618121
1140,1140,C,A,417.247,195.4225,1139,1.843159917
1141,1141,G,A,417.247,199.4225,1140,1.672998016
1142,1142,G,A,417.247,203.4225,1141,1.14616678
1143,1143,U,A,417.247,207.4225,1142,1.17542752
1144,1144,A,A,420.572,210.6225,1143,0.933133011
1145,1145,G,A,417.372,213.1725,1144,1.420022133
1146,1146,G,A,417.372,217.1725,1145,0.811581537
1147,1147,U,A,417.372,221.1725,1146,0.85244646
1148,1148,C,A,421.372,221.1725,1147,1.363531379
1149,1149,A,A,423.372,224.6725,1148,0.967540632
1150,1150,G,A,421.372,228.1725,1149,0.743740253
1151,1151,U,A,417.372,228.1725,1150,1.122176286
1152,1152,A,A,417.372,232.1725,1151,1.369659415
1153,1153,U,A,417.372,238.1725,1152,1.694751102
1154,1154,G,A,417.372,242.1725,1153,0.600557955
1155,1155,C,A,417.372,246.1725,1154,1.142332999
1156,1156,C,A,417.372,250.1725,1155,0.510420298
1157,1157,C,A,417.372,254.5475,1156,0
1158,1158,C,A,417.372,258.5475,1157,0.265261907
1159,1159,G,A,417.372,262.5475,1158,1.264232624
1160,1160,A,A,419.622,265.5475,1159,0.953321183
1161,1161,A,A,421.997,269.0475,1160,0.992090972
1162,1162,U,A,420.122,273.1725,1161,0.833895494
1163,1163,G,A,417.122,275.1725,1162,1.132241704
1164,1164,G,A,417.372,278.6725,1163,1.148382341
1165,1165,A,A,417.372,282.6725,1164,1.356208482
1166,1166,C,A,417.372,286.6725,1165,0.642578031
1167,1167,C,A,417.372,290.6725,1166,1.592622437
1168,1168,G,A,417.372,294.6725,1167,1.119988162
1169,1169,G,A,417.372,298.6725,1168,0.94873617
1170,1170,G,A,417.747,304.9225,1169,0.112587599
1171,1171,C,A,417.622,310.9225,1170,1.36083756
1172,1172,A,A,417.747,317.4225,1171,1.320619319
1173,1173,A,A,417.872,323.6725,1172,1.209840407
1174,1174,C,A,417.872,327.6725,1173,0.81643645
1175,1175,A,A,421.022,329.8725,1174,0.969786188
1176,1176,C,A,418.032,332.723,1175,0.837640638
1177,1177,G,A,418.012,336.723,1176,0.714402193
1178,1178,C,A,417.992,340.723,1177,0.063853685
1179,1179,G,A,417.972,344.723,1178,0.063853685
1180,1180,G,A,417.952,348.723,1179,0.538971378
1181,1181,G,A,417.932,352.723,1180,0.246647121
1182,1182,C,A,417.912,356.723,1181,0.959208334
1183,1183,U,A,417.892,360.7225,1182,1.219410145
1184,1184,A,A,419.372,364.73,1183,1.192631341
1185,1185,C,A,422.1225,368.607,1184,1.442354336
1186,1186,A,A,427.506,368.3945,1185,0.500046184
1187,1187,A,A,426.686,364.373,1186,0.508250565
1188,1188,U,A,429.194,361.1245,1187,1.09552034
1189,1189,G,A,433.2925,360.9,1188,0.990805075
1190,1190,G,A,436.4435,358.4365,1189,1.391613038
1191,1191,C,A,439.5945,355.9725,1190,0
1192,1192,U,A,442.746,353.509,1191,0.770197682
1193,1193,A,A,445.897,351.045,1192,0.770197682
1194,1194,U,A,449.048,348.5815,1193,1.49323737
1195,1195,G,A,450.947,344.9925,1194,0.610780295
1196,1196,A,A,454.138,342.4825,1195,0.112587599
1197,1197,C,A,457.25,339.969,1196,0.998980274
1198,1198,A,A,457.2245,335.8635,1197,0.508250565
1199,1199,G,A,460.4175,333.2825,1198,0
1200,1200,U,A,464.4265,334.168,1199,0.112587599
1201,1201,G,A,468.5495,333.0495,1200,1.423898545
1202,1202,G,A,471.7965,330.7135,1201,0.988182439
1203,1203,G,A,475.0435,328.3775,1202,0.965427431
1204,1204,A,A,476.747,324.089,1203,0.063853685
1205,1205,U,A,480.247,321.589,1204,0.194768782
1206,1206,G,A,484.2425,321.005,1205,0
1207,1207,C,A,487.3935,318.5415,1206,1.014703721
1208,1208,A,A,487.247,314.589,1207,0.155562863
1209,1209,A,A,491.5425,313.931,1208,0.063853685
1210,1210,C,A,495.6295,312.6875,1209,0.770197682
1211,1211,G,A,498.804,310.2535,1210,0.892000847
1212,1212,C,A,501.978,307.82,1211,1.097177355
1213,1213,C,A,505.1525,305.386,1212,0.063853685
1214,1214,G,A,508.4025,303.0555,1213,1.299615528
1215,1215,A,A,512.358,303.6425,1214,1.222890706
1216,1216,A,A,514.7915,306.816,1215,1.876403171
1217,1217,A,A,514.331,310.7885,1216,1.405182842
1218,1218,G,A,511.237,313.322,1217,0.896699602
1219,1219,G,A,508.0625,315.756,1218,1.846446282
1220,1220,C,A,504.888,318.1895,1219,0.176276302
1221,1221,G,A,501.714,320.6235,1220,0
1222,1222,A,A,499.452,324.2475,1221,0.063853685
1223,1223,A,A,497.247,327.589,1222,0
1224,1224,G,A,493.553,326.4195,1223,1.04758472
1225,1225,C,A,490.4015,328.883,1224,1.232503061
1226,1226,U,A,491.747,332.589,1225,0
1227,1227,A,A,491.247,336.089,1226,0.063853685
1228,1228,A,A,488.247,338.589,1227,0.063853685
1229,1229,U,A,484.247,338.589,1228,0.998000884
1230,1230,C,A,480.8835,336.495,1229,0
1231,1231,U,A,477.6365,338.831,1230,0.2311498
1232,1232,C,A,474.389,341.167,1231,1.594515254
1233,1233,C,A,472.018,344.7205,1232,0.676360925
1234,1234,A,A,469.104,350.8645,1233,0.620670674
1235,1235,A,A,465.418,350.0825,1234,0.127625193
1236,1236,A,A,462.3065,352.596,1235,0.219168124
1237,1237,C,A,459.071,355.105,1236,0
1238,1238,G,A,455.2075,356.4595,1237,0
1239,1239,U,A,452.0565,358.923,1238,0.664368951
1240,1240,A,A,448.905,361.387,1239,0.112587599
1241,1241,G,A,445.754,363.8505,1240,0
1242,1242,U,A,442.603,366.3145,1241,1.069335629
1243,1243,C,A,439.4515,368.778,1242,1.773337757
1244,1244,G,A,441.9995,372.031,1243,1.865775635
1245,1245,U,A,441.852,376.1605,1244,1.396538525
1246,1246,A,A,439.0785,379.2235,1245,1.490903569
1247,1247,G,A,434.984,379.7785,1246,1.654442818
1248,1248,U,A,431.4945,377.5645,1247,1.019323961
1249,1249,U,A,431.554,381.8795,1248,0.22484397
1250,1250,C,A,431.368,385.5045,1249,0.063853685
1251,1251,G,A,434.6675,388.2175,1250,1.088214086
1252,1252,G,A,436.669,391.681,1251,1.644651571
1253,1253,A,A,438.67,395.1445,1252,0.531133738
1254,1254,U,A,440.6715,398.608,1253,1.429591373
1255,1255,U,A,441.374,402.8215,1254,0.063853685
1256,1256,G,A,443.375,406.285,1255,1.575398797
1257,1257,C,A,445.376,409.7485,1256,1.651432559
1258,1258,G,A,447.3775,413.212,1257,1.222847103
1259,1259,G,A,449.3785,416.6755,1258,0.163126351
1260,1260,G,A,451.38,420.139,1259,1.881953905
1261,1261,C,A,453.381,423.602,1260,0.8650981
1262,1262,U,A,456.95,425.4125,1261,1.85042673
1263,1263,G,A,459.0905,428.7935,1262,1.720980553
1264,1264,A,A,459.1995,432.794,1263,1.007333398
1265,1265,A,A,457.2465,436.287,1264,1.106428398
1266,1266,A,A,453.7815,438.289,1265,0.112587599
1267,1267,C,A,449.78,438.2365,1266,1.626916824
1268,1268,C,A,446.369,436.144,1267,1.342060299
1269,1269,C,A,444.5085,432.601,1268,0.063853685
1270,1270,G,A,444.7225,428.605,1269,1.017371159
1271,1271,C,A,442.7215,425.142,1270,0.856783323
1272,1272,C,A,440.72,421.6785,1271,1.656131212
1273,1273,C,A,438.719,418.215,1272,1.369140027
1274,1274,G,A,436.7175,414.7515,1273,1.819873745
1275,1275,C,A,434.7165,411.288,1274,1.344999028
1276,1276,A,A,432.7155,407.8245,1275,0
1277,1277,U,A,429.4155,405.112,1276,1.082188116
1278,1278,G,A,427.414,401.6485,1277,1.771985379
1279,1279,A,A,425.413,398.185,1278,0.2311498
1280,1280,A,A,423.4115,394.7215,1279,0
1281,1281,G,A,422.709,390.5075,1280,0.7796419
1282,1282,C,A,421.0875,386.9025,1281,0.127625193
1283,1283,U,A,419.7435,382.7185,1282,1.591328344
1284,1284,G,A,418.519,377.935,1283,0.962698648
1285,1285,G,A,413.8865,379.737,1284,1.753838316
1286,1286,A,A,408.71,379.1025,1285,1.852607765
1287,1287,U,A,404.5185,379.926,1286,0.112587599
1288,1288,U,A,401.114,382.0265,1287,0.663139684
1289,1289,C,A,397.71,384.127,1288,0.938578109
1290,1290,G,A,394.306,386.2275,1289,1.85436437
1291,1291,G,A,390.9015,388.3275,1290,1.324547008
1292,1292,U,A,387.497,390.428,1291,1.574788109
1293,1293,A,A,390.191,395.531,1292,1.926973677
1294,1294,G,A,393.566,397.727,1293,1.779527146
1295,1295,U,A,391.759,401.325,1294,1.13541025
1296,1296,A,A,395.079,404.014,1295,0.063853685
1297,1297,A,A,395.812,408.2225,1296,1.396007803
1298,1298,U,A,397.8385,411.6715,1297,1.161285268
1299,1299,C,A,399.8645,415.12,1298,0.727902505
1300,1300,G,A,401.891,418.569,1299,1.062407121
1301,1301,C,A,403.9175,422.0175,1300,0.2311498
1302,1302,G,A,405.9435,425.4665,1301,1.511882881
1303,1303,U,A,407.97,428.915,1302,1.034569691
1304,1304,G,A,409.9965,432.364,1303,0.297472249
1305,1305,U,A,413.374,434.5055,1304,0.155562863
1306,1306,C,A,415.0095,438.155,1305,0.063853685
1307,1307,A,A,414.3605,442.1015,1306,0.2311498
1308,1308,G,A,411.642,445.0345,1307,1.403993571
1309,1309,A,A,407.7565,445.9815,1308,0.063853685
1310,1310,A,A,403.9935,444.628,1309,1.955401988
1311,1311,G,A,401.6015,441.4225,1310,1.399407055
1312,1312,C,A,401.3745,437.43,1311,0.994107549
1313,1313,G,A,399.3485,433.981,1312,1.649948273
1314,1314,C,A,397.322,430.5325,1313,0.783346567
1315,1315,G,A,395.2955,427.0835,1314,0
1316,1316,C,A,393.269,423.635,1315,0
1317,1317,G,A,391.243,420.186,1316,1.121632389
1318,1318,G,A,389.2165,416.7375,1317,0
1319,1319,U,A,387.19,413.2885,1318,0
1320,1320,G,A,383.8705,410.6,1319,0.74248757
1321,1321,A,A,383.1375,406.391,1320,0.420255299
1322,1322,A,A,378.933,402.031,1321,0.933038606
1323,1323,U,A,376.437,400.96,1322,0.877191626
1324,1324,A,A,374.068,398.4605,1323,1.663381396
1325,1325,C,A,374.2485,395.304,1324,1.059197552
1326,1326,G,A,374.147,392.0225,1325,1.516558815
1327,1327,U,A,370.147,392.0225,1326,1.904288518
1328,1328,C,A,368.7215,396.128,1327,0.127625193
1329,1329,C,A,365.2315,397.424,1328,1.301989931
1330,1330,C,A,361.907,395.7485,1329,0.194768782
1331,1331,U,A,360.872,392.1725,1330,0.564365525
1332,1332,G,A,356.872,392.1725,1331,0
1333,1333,C,A,352.872,392.1725,1332,0.063853685
1334,1334,U,A,348.872,392.1725,1333,1.025968225
1335,1335,C,A,344.872,392.1725,1334,1.57384722
1336,1336,C,A,340.872,392.1725,1335,1.563084857
1337,1337,U,A,336.872,392.1725,1336,0
1338,1338,U,A,330.7055,392.1725,1337,0
1339,1339,G,A,326.7055,392.1725,1338,0
1340,1340,C,A,322.7055,392.1725,1339,0.706029527
1341,1341,A,A,319.726,394.382,1340,0
1342,1342,C,A,316.7715,392.139,1341,1.035556666
1343,1343,A,A,312.7715,392.139,1342,1.281361063
1344,1344,C,A,312.775,397.3215,1343,0.664368951
1345,1345,A,A,312.85,402.162,1344,0.457112804
1346,1346,C,A,312.925,407.003,1345,0.22484397
1347,1347,C,A,313,411.844,1346,0
1348,1348,G,A,313.075,416.685,1347,0
1349,1349,C,A,311.575,420.685,1348,0
1350,1350,C,A,313.005,425.3595,1349,0.306688787
1351,1351,C,A,313.0505,430.2475,1350,1.222011134
1352,1352,G,A,313.0505,434.2475,1351,0.570800998
1353,1353,U,A,310.4605,438.9225,1352,0.112587599
1354,1354,C,A,309.5555,443.7475,1353,0.742748975
1355,1355,A,A,310.4605,448.5725,1354,1.03768846
1356,1356,A,A,313.1505,453.3475,1355,1.705459696
1357,1357,A,A,313.1505,457.3475,1356,1.567407377
1358,1358,G,A,313.1505,461.3475,1357,0.063853685
1359,1359,C,A,313.1505,465.3475,1358,0.112587599
1360,1360,A,A,311.6505,469.3475,1359,0
1361,1361,C,A,313.1505,473.3475,1360,1.579942525
1362,1362,C,A,313.1505,477.3475,1361,1.918245167
1363,1363,C,A,313.1505,481.3475,1362,0.112587599
1364,1364,G,A,311.6505,485.3475,1363,1.530590821
1365,1365,A,A,311.6505,489.3475,1364,1.561231921
1366,1366,G,A,313.1505,493.3475,1365,1.75357156
1367,1367,U,A,313.1505,497.3475,1366,1.048650258
1368,1368,G,A,313.1505,501.3475,1367,0.70898872
1369,1369,G,A,313.1505,505.3475,1368,0.2311498
1370,1370,G,A,313.1505,509.3475,1369,0.267651702
1371,1371,G,A,313.1505,513.3475,1370,1.037640594
1372,1372,U,A,313.1505,517.3475,1371,0.312675497
1373,1373,C,A,313.1505,521.3475,1372,0
1374,1374,C,A,313.1505,525.3475,1373,0
1375,1375,G,A,313.1505,529.3475,1374,0.846526657
1376,1376,G,A,313.1505,533.3475,1375,0.116183212
1377,1377,A,A,313.1505,537.3475,1376,0.518320825
1378,1378,U,A,313.1505,541.3475,1377,0.811530615
1379,1379,G,A,311.6505,545.3475,1378,0
1380,1380,A,A,311.6005,549.2975,1379,0.112587599
1381,1381,G,A,313.4255,552.9975,1380,0.99995922
1382,1382,G,A,313.4255,556.9975,1381,0
1383,1383,C,A,313.4255,560.9975,1382,0.2311498
1384,1384,C,A,313.4255,564.9975,1383,0.99995922
1385,1385,G,A,313.4255,568.9975,1384,0.112587599
1386,1386,U,A,313.4255,572.9975,1385,1.112546197
1387,1387,C,A,312.063,576.7595,1386,1.552246733
1388,1388,A,A,313.2145,580.591,1387,0.657897306
1389,1389,U,A,316.425,582.9785,1388,0.770197682
1390,1390,G,A,320.426,582.9785,1389,0.063853685
1391,1391,C,A,323.6365,580.591,1390,0
1392,1392,G,A,324.788,576.7595,1391,0
1393,1393,A,A,323.4255,572.9975,1392,0.842433971
1394,1394,C,A,323.4255,568.9975,1393,0
1395,1395,G,A,323.4255,564.9975,1394,0
1396,1396,G,A,323.4255,560.9975,1395,0.112587599
1397,1397,U,A,323.4255,556.9975,1396,0
1398,1398,C,A,323.4255,552.9975,1397,0
1399,1399,G,A,325.2605,549.1425,1398,0
1400,1400,A,A,324.6505,545.3475,1399,0.155562863
1401,1401,A,A,323.1505,541.3475,1400,0
1402,1402,U,A,323.1505,537.3475,1401,0
1403,1403,C,A,323.1505,533.3475,1402,0
1404,1404,U,A,323.1505,529.3475,1403,0.063853685
1405,1405,G,A,323.1505,525.3475,1404,0
1406,1406,G,A,323.1505,521.3475,1405,0.063853685
1407,1407,G,A,323.1505,517.3475,1406,0
1408,1408,C,A,323.1505,513.3475,1407,0.932933143
1409,1409,U,A,323.1505,509.3475,1408,0.863787445
1410,1410,C,A,323.1505,505.3475,1409,1.414481344
1411,1411,C,A,323.1505,501.3475,1410,1.261506081
1412,1412,G,A,323.1505,497.3475,1411,0.349326361
1413,1413,C,A,323.1505,493.3475,1412,0.849902796
1414,1414,A,A,324.6505,489.3475,1413,1.511180386
1415,1415,A,A,324.6505,485.3475,1414,0.999632954
1416,1416,G,A,323.1505,481.3475,1415,1.530554445
1417,1417,G,A,323.1505,477.3475,1416,0.634168814
1418,1418,G,A,323.1505,473.3475,1417,0
1419,1419,G,A,324.6505,469.3475,1418,1.059469237
1420,1420,G,A,323.1505,465.3475,1419,1.515355379
1421,1421,C,A,323.1505,461.3475,1420,1.784003418
1422,1422,U,A,323.1505,457.3475,1421,1.334896701
1423,1423,U,A,323.1505,453.3475,1422,1.207180728
1424,1424,A,A,325.5505,449.7475,1423,1.575283571
1425,1425,A,A,327.0505,445.7475,1424,1.821725254
1426,1426,G,A,327.0505,441.7475,1425,1.959081881
1427,1427,U,A,325.5505,437.7475,1426,1.474897958
1428,1428,C,A,323.0505,434.2475,1427,1.761556179
1429,1429,G,A,323.0505,430.2475,1428,1.579852458
1430,1430,U,A,326.446,427.959,1429,1.677920426
1431,1431,A,A,327.0905,423.9155,1430,1.474951513
1432,1432,A,A,324.575,420.685,1431,0.421953033
1433,1433,C,A,323.075,416.685,1432,0
1434,1434,A,A,325.6125,413.0655,1433,1.042980687
1435,1435,A,A,329.83,411.741,1434,0.499423156
1436,1436,G,A,333.981,413.2605,1435,1.66681746
1437,1437,G,A,336.3475,416.994,1436,1.54498316
1438,1438,U,A,335.95,421.3965,1437,1.843726696
1439,1439,A,A,339.95,421.3965,1438,1.769307552
1440,1440,G,A,343.95,421.3965,1439,1.688175107
1441,1441,C,A,347.95,421.3965,1440,1.836172317
1442,1442,C,A,351.95,421.3965,1441,1.695870076
1443,1443,G,A,355.95,421.3965,1442,1.692012774
1444,1444,U,A,359.95,421.3965,1443,1.699228742
1445,1445,A,A,363.95,421.3965,1444,1.55038513
1446,1446,G,A,367.95,421.3965,1445,1.701200701
1447,1447,A,A,371.95,421.3965,1446,1.625658705
1448,1448,G,A,375.9475,421.5245,1447,1.667273676
1449,1449,G,A,378.7295,424.397,1448,1.656196652
1450,1450,A,A,378.7295,428.396,1449,1.651937609
1451,1451,A,A,375.9475,431.269,1450,1.457962606
1452,1452,U,A,371.95,431.3965,1451,1.691832845
1453,1453,C,A,367.95,431.3965,1452,1.631896031
1454,1454,U,A,363.95,431.3965,1453,1.610409868
1455,1455,G,A,359.95,431.3965,1454,1.58184667
1456,1456,C,A,355.95,431.3965,1455,1.660968443
1457,1457,G,A,351.95,431.3965,1456,1.483574319
1458,1458,G,A,347.95,431.3965,1457,1.201959538
1459,1459,C,A,343.95,431.3965,1458,1.804866495
1460,1460,U,A,339.95,431.3965,1459,1.702972195
1461,1461,G,A,335.95,431.3965,1460,1.050188453
1462,1462,G,A,335.9625,435.008,1461,1.939358128
1463,1463,A,A,335.9755,438.62,1462,1.802169117
1464,1464,U,A,335.9885,442.2315,1463,1.566553692
1465,1465,C,A,336.0015,445.843,1464,1.891611501
1466,1466,A,A,336.0145,449.4545,1465,0.962068671
1467,1467,C,A,336.027,453.0665,1466,1.5728457
1468,1468,C,A,336.04,456.678,1467,0
1469,1469,U,A,336.053,460.2895,1468,1.449809877
1470,1470,C,A,336.066,463.9015,1469,1.65721362
1471,1471,C,A,336.0785,467.513,1470,1.585368986
1472,1472,U,A,336.0915,471.1245,1471,1.04864343
1473,1473,,A,323.157,525.0925,1472,1.519757318
1474,1474,,A,323.157,521.0925,1473,1.683320163
1475,1475,,A,323.157,517.0925,1474,1.429591373
1476,1476,,A,323.157,513.0925,1475,1.977107194
1477,1477,,A,323.157,509.0925,1476,1.66859955
1478,1478,,A,323.157,505.0925,1477,1.269506333
1479,1479,,A,323.157,501.0925,1478,1.922887043
1480,1480,,A,323.157,497.0925,1479,1.664916016
1481,1481,,A,323.157,493.0925,1480,1.64149945
1482,1482,,A,324.657,489.0925,1481,0.756581837
1483,1483,,A,324.657,485.0925,1482,0
1484,1484,,A,323.157,481.0925,1483,1.489547619
1485,1485,,A,323.157,477.0925,1484,1.133006472
1486,1486,,A,323.157,473.0925,1485,0.852980371
1487,1487,,A,324.657,469.0925,1486,0.74248757
1488,1488,,A,323.157,465.0925,1487,0.155562863
1489,1489,,A,323.157,461.0925,1488,1.284470856
1490,1490,,A,323.157,457.0925,1489,1.400629823
1491,1491,,A,323.157,453.0925,1490,1.324091552
1492,1492,,A,325.657,450.0925,1491,0
1493,1493,,A,325.957,446.1925,1492,0
1494,1494,,A,323.157,442.9925,1493,0.127625193
1495,1495,,A,324.457,438.5925,1494,0
1496,1496,,A,323.157,434.5925,1495,0
1497,1497,,A,323.157,430.5925,1496,0.063853685
1498,1498,,A,326.5525,428.304,1497,0.063853685
1499,1499,,A,327.197,424.2605,1498,0.063853685
1500,1500,,A,324.6815,421.03,1499,0
1501,1501,,A,323.1815,417.03,1500,0
1502,1502,,A,325.719,413.4105,1501,0
1503,1503,,A,329.9365,412.086,1502,0
1504,1504,,A,334.0875,413.6055,1503,0
1505,1505,,A,336.454,417.339,1504,0
1506,1506,,A,336.0565,421.7415,1505,0
1507,1507,,A,340.0565,421.7415,1506,0.772802923
1508,1508,,A,344.0565,421.7415,1507,1.075259874
1509,1509,,A,348.0565,421.7415,1508,0.063853685
1510,1510,,A,352.0565,421.7415,1509,0.502275254
1511,1511,,A,356.0565,421.7415,1510,0.155562863
1512,1512,,A,360.0565,421.7415,1511,0
1513,1513,,A,364.0565,421.7415,1512,0
1514,1514,,A,368.0565,421.7415,1513,1.082788464
1515,1515,,A,372.0565,421.7415,1514,0.880731298
1516,1516,,A,376.0535,421.8695,1515,0.783346567
1517,1517,,A,378.8355,424.742,1516,0
1518,1518,,A,378.8355,428.741,1517,0
1519,1519,,A,376.0535,431.6135,1518,0
1520,1520,,A,372.0565,431.7415,1519,1.312576651
1521,1521,,A,368.0565,431.7415,1520,0.842433971
1522,1522,,A,364.0565,431.7415,1521,0
1523,1523,,A,360.0565,431.7415,1522,0.112587599
1524,1524,,A,356.0565,431.7415,1523,0.419304954
1525,1525,,A,352.0565,431.7415,1524,0.360737172
1526,1526,,A,348.0565,431.7415,1525,0.063853685
1527,1527,,A,344.0565,431.7415,1526,1.113687835
1528,1528,,A,340.0565,431.7415,1527,0.834388507
1529,1529,,A,336.0565,431.7415,1528,0.112587599
1530,1530,,A,336.069,435.353,1529,0.302438135
1531,1531,,A,336.082,438.965,1530,0.302438135
1532,1532,,A,336.095,442.5765,1531,0.422766085
1533,1533,,A,336.108,446.188,1532,0.346300145
1534,1534,,A,336.121,449.7995,1533,0.302438135
1535,1535,,A,336.1335,453.4115,1534,0.956896739
1536,1536,,A,336.1465,457.023,1535,0.99202877
1537,1537,,A,336.1595,460.6345,1536,1.039826521
1538,1538,,A,336.1725,464.2465,1537,1.119940141
1539,1539,,A,336.185,467.858,1538,1.152427589
1540,1540,,A,336.198,471.4695,,1.388995319
1541,1541,,A,336.211,475.081,,1.698196822
1542,1542,,A,336.224,478.693,,1.839559781
