map_Index,resNum,resName,ChainID,X,Y,Xtal_Index,FineOnion
int,varchar(12),varchar(3),char(1),"real(8,3)","real(8,3)",int,"real(8,3)"
1,18S:1,U,2,0,0,1,57.51297232
2,18S:2,A,2,3.5,0,2,54.04246318
3,18S:3,C,2,7,0,3,48.92045227
4,18S:4,C,2,10.5,0,4,46.7196087
5,18S:5,U,2,14,0,5,42.26386477
6,18S:6,G,2,17.5,0,6,36.85203034
7,18S:7,G,2,21,0,7,31.35627304
8,18S:8,U,2,24.5,0,8,27.0515653
9,18S:9,U,2,28,0,9,23.4765883
10,18S:10,G,2,31.5,0,10,23.86729195
11,18S:11,A,2,35,0,11,27.88015515
12,18S:12,U,2,38.5,0,12,33.67336634
13,18S:13,C,2,42,0,13,37.65949932
14,18S:14,C,2,45.5,0,14,40.42164185
15,18S:15,U,2,49,0,15,39.81113062
16,18S:16,G,2,52.5,0,16,39.08363358
17,18S:17,C,2,56,0,17,36.20246923
18,18S:18,C,2,59.5,0,18,32.78053073
19,18S:19,A,2,63,0,19,30.7105759
20,18S:20,G,2,66.5,0,20,32.87447038
21,18S:21,U,2,70,0,21,37.05165007
22,18S:22,A,2,73.5,0,22,42.30718726
23,18S:23,G,2,77,0,23,47.16161491
24,18S:24,C,2,80.5,0,24,50.78155463
25,18S:25,A,2,84,0,25,52.72060855
26,18S:26,U,2,87.5,0,26,51.22632052
27,18S:27,A,2,91,0,27,49.20256386
28,18S:28,U,2,94.5,0,28,46.13366425
29,18S:29,G,2,98,0,29,43.73326216
30,18S:30,C,2,101.5,0,30,43.31870567
31,18S:31,U,2,105,0,31,47.03444122
32,18S:32,U,2,108.5,0,32,52.43635595
33,18S:33,G,2,112,0,33,57.4603856
34,18S:34,U,2,115.5,0,34,63.03652701
35,18S:35,C,2,119,0,35,67.0632501
36,18S:36,U,2,122.5,0,36,68.96798238
37,18S:37,C,2,126,0,37,70.29099464
38,18S:38,A,2,129.5,0,38,68.13003401
39,18S:39,A,2,133,0,39,64.44657411
40,18S:40,A,2,136.5,0,40,61.11812302
41,18S:41,G,2,140,0,41,59.35999896
42,18S:42,A,2,143.5,0,42,58.35674021
43,18S:43,U,2,147,0,43,52.93993496
44,18S:44,U,2,150.5,0,44,48.25946749
45,18S:45,A,2,154,0,45,48.46962804
46,18S:46,A,2,157.5,0,46,55.12816258
47,18S:47,G,2,161,0,47,57.43610137
48,18S:48,C,2,164.5,0,48,60.40391438
49,18S:49,C,2,168,0,49,63.89380598
50,18S:50,A,2,171.5,0,50,67.94948452
51,18S:51,U,2,175,0,51,71.74630416
52,18S:52,G,2,178.5,0,52,75.54774634
53,18S:53,C,2,182,0,53,78.50549314
54,18S:54,A,2,185.5,0,54,79.41928798
55,18S:55,U,2,189,0,55,79.80178571
56,18S:56,G,2,192.5,0,56,84.63102576
57,18S:57,U,2,196,0,57,90.01329502
58,18S:58,C,2,199.5,0,58,95.29243247
59,18S:59,U,2,203,0,59,100.3688321
60,18S:60,A,2,206.5,0,60,105.2601704
61,18S:61,A,2,210,0,61,106.7599267
62,18S:62,G,2,213.5,0,62,106.4266199
63,18S:63,U,2,217,0,63,110.3169574
64,18S:64,A,2,220.5,0,64,111.5431171
65,18S:65,C,2,224,0,65,113.6344676
66,18S:66,G,2,227.5,0,66,112.25121
67,18S:67,C,2,231,0,67,111.9797875
68,18S:68,A,2,234.5,0,68,111.5072231
69,18S:69,C,2,238,0,69,110.5899585
70,18S:70,G,2,241.5,0,70,112.3573153
71,18S:71,G,2,245,0,71,116.974292
72,18S:72,C,2,248.5,0,72,120.0591109
73,18S:73,C,2,252,0,73,126.5772802
74,18S:74,G,2,255.5,0,74,130.9601675
75,18S:75,G,2,259,0,75,133.3508315
76,18S:76,U,2,262.5,0,76,132.335475
77,18S:77,A,2,266,0,77,125.5296383
78,18S:78,C,2,269.5,0,78,121.7554919
79,18S:79,A,2,273,0,79,117.7058846
80,18S:80,G,2,276.5,0,80,113.640947
81,18S:81,U,2,280,0,81,109.7494687
82,18S:82,G,2,283.5,0,82,104.3053078
83,18S:83,A,2,287,0,83,101.0557955
84,18S:84,A,2,290.5,0,84,97.26422726
85,18S:85,A,2,294,0,85,96.44174259
86,18S:86,C,2,297.5,0,86,97.58861765
87,18S:87,U,2,301,0,87,99.33355041
88,18S:88,G,2,304.5,0,88,99.39318554
89,18S:89,C,2,308,0,89,96.43023599
90,18S:90,G,2,0,5,90,91.14384729
91,18S:91,A,2,3.5,5,91,85.47064283
92,18S:92,A,2,7,5,92,80.77072382
93,18S:93,U,2,10.5,5,93,78.57937068
94,18S:94,G,2,14,5,94,77.14345538
95,18S:95,G,2,17.5,5,95,73.92402604
96,18S:96,C,2,21,5,96,68.61289403
97,18S:97,U,2,24.5,5,97,63.37940669
98,18S:98,C,2,28,5,98,58.50640282
99,18S:99,A,2,31.5,5,99,56.51447523
100,18S:100,U,2,35,5,100,56.58658233
101,18S:101,U,2,38.5,5,101,59.38719599
102,18S:102,A,2,42,5,102,61.32805131
103,18S:103,A,2,45.5,5,103,62.96430266
104,18S:104,A,2,49,5,104,70.09369194
105,18S:105,U,2,52.5,5,105,70.88533668
106,18S:106,C,2,56,5,106,71.06522324
107,18S:107,A,2,59.5,5,107,71.49716197
108,18S:108,G,2,63,5,108,73.65527341
109,18S:109,U,2,66.5,5,109,77.88952835
110,18S:110,U,2,70,5,110,82.45612036
111,18S:111,A,2,73.5,5,111,86.74862112
112,18S:112,U,2,77,5,112,90.36631517
113,18S:113,G,2,80.5,5,113,93.99642036
114,18S:114,G,2,84,5,114,92.75784416
115,18S:115,U,2,87.5,5,115,94.59109121
116,18S:116,U,2,91,5,116,94.93684543
117,18S:117,C,2,94.5,5,117,95.03206484
118,18S:118,C,2,98,5,118,95.49546936
119,18S:119,U,2,101.5,5,119,97.4174335
120,18S:120,U,2,105,5,120,98.39725917
121,18S:121,U,2,108.5,5,121,100.6359877
122,18S:122,G,2,112,5,122,104.2069308
123,18S:123,G,2,115.5,5,123,108.4921181
124,18S:124,U,2,119,5,124,112.6658672
125,18S:125,C,2,122.5,5,125,115.39414
126,18S:126,G,2,126,5,126,118.7780786
127,18S:127,C,2,129.5,5,127,121.9335725
128,18S:128,U,2,133,5,128,125.0000951
129,18S:129,C,2,136.5,5,129,122.9363345
130,18S:130,G,2,140,5,130,127.9332943
131,18S:131,C,2,143.5,5,131,131.494653
132,18S:132,U,2,147,5,132,133.6152396
133,18S:133,C,2,150.5,5,133,137.3474816
134,18S:134,C,2,154,5,134,135.3716771
135,18S:135,U,2,157.5,5,135,135.6593756
136,18S:136,C,2,161,5,136,139.8625906
137,18S:137,U,2,164.5,5,137,138.6425005
138,18S:138,C,2,168,5,138,135.1113515
139,18S:139,C,2,171.5,5,139,133.3195303
140,18S:140,C,2,175,5,140,130.1928513
141,18S:141,A,2,178.5,5,141,130.3472635
142,18S:142,C,2,182,5,142,129.0100591
143,18S:143,U,2,185.5,5,143,128.2232658
144,18S:144,U,2,189,5,144,123.0425741
145,18S:145,G,2,192.5,5,145,122.256418
146,18S:146,G,2,196,5,146,120.4043569
147,18S:147,A,2,199.5,5,147,115.7686075
148,18S:148,U,2,203,5,148,109.2769712
149,18S:149,A,2,206.5,5,149,105.1392342
150,18S:150,A,2,210,5,150,101.8023695
151,18S:151,C,2,213.5,5,151,102.3915885
152,18S:152,U,2,217,5,152,106.0433062
153,18S:153,G,2,220.5,5,153,108.4141208
154,18S:154,U,2,224,5,154,107.5082737
155,18S:155,G,2,227.5,5,155,105.4835683
156,18S:156,G,2,231,5,156,99.27144861
157,18S:157,U,2,234.5,5,157,95.31377241
158,18S:158,A,2,238,5,158,90.66680876
159,18S:159,A,2,241.5,5,159,88.32979976
160,18S:160,U,2,245,5,160,85.38624629
161,18S:161,U,2,248.5,5,161,83.96669536
162,18S:162,C,2,252,5,162,89.01746178
163,18S:163,U,2,255.5,5,163,91.53544062
164,18S:164,A,2,259,5,164,97.69219935
165,18S:165,G,2,262.5,5,165,102.0313103
166,18S:166,A,2,266,5,166,107.3928528
167,18S:167,G,2,269.5,5,167,112.1434126
168,18S:168,C,2,273,5,168,115.1856416
169,18S:169,U,2,276.5,5,169,116.1212576
170,18S:170,A,2,280,5,170,114.8330393
171,18S:171,A,2,283.5,5,171,113.1216795
172,18S:172,U,2,287,5,172,111.303391
173,18S:173,A,2,290.5,5,173,107.331519
174,18S:174,C,2,294,5,174,104.9843667
175,18S:175,A,2,297.5,5,175,106.9436583
176,18S:176,U,2,301,5,176,112.109205
177,18S:177,G,2,304.5,5,177,118.0271896
178,18S:178,C,2,308,5,178,122.7816583
179,18S:179,C,2,0,10,179,127.2715382
180,18S:180,G,2,3.5,10,180,131.2032458
181,18S:181,A,2,7,10,181,130.4951243
182,18S:182,C,2,10.5,10,182,134.9851551
183,18S:183,G,2,14,10,183,136.535435
184,18S:184,G,2,17.5,10,184,137.3773792
185,18S:185,G,2,21,10,185,136.0354417
186,18S:186,C,2,24.5,10,186,132.9759291
187,18S:187,G,2,28,10,187,130.5969855
188,18S:188,C,2,31.5,10,188,130.4065054
189,18S:189,U,2,35,10,189,133.6174747
190,18S:190,G,2,38.5,10,190,138.5390689
191,18S:191,A,2,42,10,191,144.1603118
192,18S:192,C,2,45.5,10,192,150.4445185
193,18S:193,C,2,49,10,193,152.76484
194,18S:194,C,2,52.5,10,194,156.116209
195,18S:195,C,2,56,10,195,158.4816428
196,18S:196,C,2,59.5,10,196,160.034207
197,18S:197,U,2,63,10,197,161.2187401
198,18S:198,U,2,66.5,10,198,162.657781
199,18S:199,C,2,70,10,199,164.57277
200,18S:200,G,2,73.5,10,200,163.239347
201,18S:201,C,2,77,10,201,158.1257329
202,18S:202,G,2,80.5,10,202,153.1711023
203,18S:203,G,2,84,10,203,148.7016531
204,18S:204,G,2,87.5,10,204,146.7149237
205,18S:205,G,2,91,10,205,145.2067268
206,18S:206,G,2,94.5,10,206,144.0867318
207,18S:207,G,2,98,10,207,143.2877927
208,18S:208,G,2,101.5,10,208,143.5985695
209,18S:209,A,2,105,10,209,142.548625
210,18S:210,U,2,108.5,10,210,142.0588808
211,18S:211,G,2,112,10,211,138.7100534
212,18S:212,C,2,115.5,10,212,133.6609703
213,18S:213,G,2,119,10,213,128.5952748
214,18S:214,U,2,122.5,10,214,124.9742181
215,18S:215,G,2,126,10,215,121.9692945
216,18S:216,C,2,129.5,10,216,117.8251601
217,18S:217,A,2,133,10,217,111.771612
218,18S:218,U,2,136.5,10,218,106.5139212
219,18S:219,U,2,140,10,219,104.0212164
220,18S:220,U,2,143.5,10,220,104.8228393
221,18S:221,A,2,147,10,221,107.9418979
222,18S:222,U,2,150.5,10,222,111.4630703
223,18S:223,C,2,154,10,223,114.9066918
224,18S:224,A,2,157.5,10,224,117.2200054
225,18S:225,G,2,161,10,225,117.0828527
226,18S:226,A,2,164.5,10,226,114.3768637
227,18S:227,U,2,168,10,227,115.8365942
228,18S:228,C,2,171.5,10,228,120.0705796
229,18S:229,A,2,175,10,229,123.3348952
230,18S:230,A,2,178.5,10,230,128.9101345
231,18S:231,A,2,182,10,231,135.2233864
232,18S:232,A,2,185.5,10,232,140.2949549
233,18S:233,C,2,189,10,233,144.3395101
234,18S:234,C,2,192.5,10,234,146.4922585
235,18S:235,A,2,196,10,235,147.1004263
236,18S:236,A,2,199.5,10,236,147.7258038
237,18S:237,C,2,203,10,237,147.2102737
238,18S:238,C,2,206.5,10,238,146.3236595
239,18S:239,C,2,210,10,239,146.921471
240,18S:240,G,2,213.5,10,240,149.2384479
241,18S:241,G,2,217,10,241,151.9713775
242,18S:242,U,2,220.5,10,242,156.7543557
243,18S:243,C,2,224,10,243,162.2074542
244,18S:244,A,2,227.5,10,244,164.951681
245,18S:245,G,2,231,10,245,165.9453837
246,18S:246,C,2,234.5,10,246,166.8500218
247,18S:247,C,2,238,10,247,169.9459623
248,18S:248,C,2,241.5,10,248,173.1243132
249,18S:249,C,2,245,10,249,176.3632568
250,18S:250,U,2,248.5,10,250,180.6186245
251,18S:251,C,2,252,10,251,185.3848902
252,18S:252,U,2,255.5,10,252,189.9327087
253,18S:253,C,2,259,10,253,193.8892818
254,18S:254,C,2,262.5,10,254,195.750687
255,18S:255,G,2,266,10,255,196.3645617
256,18S:256,G,2,269.5,10,256,196.5813233
257,18S:257,C,2,273,10,257,196.5729597
258,18S:258,C,2,276.5,10,258,197.351721
259,18S:259,C,2,280,10,259,200.0426099
260,18S:260,C,2,283.5,10,260,201.8549821
261,18S:261,G,2,287,10,261,198.9487627
262,18S:262,G,2,290.5,10,262,192.1925387
263,18S:263,C,2,294,10,263,186.5915284
264,18S:264,C,2,297.5,10,264,183.3698882
265,18S:265,G,2,301,10,265,181.0752401
266,18S:266,G,2,304.5,10,266,180.1062103
267,18S:267,G,2,308,10,267,180.3447486
268,18S:268,G,2,0,15,268,180.8691965
269,18S:269,G,2,3.5,15,269,180.5714732
270,18S:270,G,2,7,15,270,178.7407271
271,18S:271,C,2,10.5,15,271,175.1295407
272,18S:272,G,2,14,15,272,172.5824435
273,18S:273,G,2,17.5,15,273,168.5438494
274,18S:274,G,2,21,15,274,164.7726311
275,18S:275,C,2,24.5,15,275,161.0012044
276,18S:276,G,2,28,15,276,157.6478979
277,18S:277,C,2,31.5,15,277,154.143303
278,18S:278,C,2,35,15,278,153.9331838
279,18S:279,G,2,38.5,15,279,154.7582734
280,18S:280,G,2,42,15,280,153.3630428
281,18S:281,C,2,45.5,15,281,152.3230455
282,18S:282,G,2,49,15,282,147.1206195
283,18S:283,G,2,52.5,15,283,140.9282625
284,18S:284,C,2,56,15,284,136.6302279
285,18S:285,U,2,59.5,15,285,131.6130039
286,18S:286,U,2,63,15,286,129.3531894
287,18S:287,U,2,66.5,15,287,123.0898876
288,18S:288,G,2,70,15,288,116.8853427
289,18S:289,G,2,73.5,15,289,111.6669236
290,18S:290,U,2,77,15,290,105.9025555
291,18S:291,G,2,80.5,15,291,101.3502249
292,18S:292,A,2,84,15,292,103.0189242
293,18S:293,C,2,87.5,15,293,103.4305804
294,18S:294,U,2,91,15,294,105.3481879
295,18S:295,C,2,94.5,15,295,105.4617425
296,18S:296,U,2,98,15,296,105.187887
297,18S:297,A,2,101.5,15,297,108.3500709
298,18S:298,G,2,105,15,298,114.6000882
299,18S:299,A,2,108.5,15,299,119.8079838
300,18S:300,U,2,112,15,300,122.7828331
301,18S:301,A,2,115.5,15,301,124.2792864
302,18S:302,A,2,119,15,302,123.3603188
303,18S:303,C,2,122.5,15,303,119.332255
304,18S:304,C,2,126,15,304,115.2503571
305,18S:305,U,2,129.5,15,305,109.0539136
306,18S:306,C,2,133,15,306,108.1166438
307,18S:307,G,2,136.5,15,307,113.9741883
308,18S:308,G,2,140,15,308,111.5802697
309,18S:309,G,2,143.5,15,309,106.5758847
310,18S:310,C,2,147,15,310,109.5133563
311,18S:311,C,2,150.5,15,311,111.4145317
312,18S:312,G,2,154,15,312,115.9797036
313,18S:313,A,2,157.5,15,313,115.7412579
314,18S:314,U,2,161,15,314,116.719662
315,18S:315,C,2,164.5,15,315,115.5379216
316,18S:316,G,2,168,15,316,114.9803182
317,18S:317,C,2,171.5,15,317,115.0908131
318,18S:318,A,2,175,15,318,118.1674407
319,18S:319,C,2,178.5,15,319,123.3397651
320,18S:320,G,2,182,15,320,129.682235
321,18S:321,C,2,185.5,15,321,133.3818638
322,18S:322,C,2,189,15,322,137.6340189
323,18S:323,C,2,192.5,15,323,142.3526791
324,18S:324,C,2,196,15,324,144.1788891
325,18S:325,C,2,199.5,15,325,147.9274816
326,18S:326,C,2,203,15,326,148.1078606
327,18S:327,G,2,206.5,15,327,145.4575304
328,18S:328,U,2,210,15,328,138.2228282
329,18S:329,G,2,213.5,15,329,135.5569771
330,18S:330,G,2,217,15,330,133.5636587
331,18S:331,C,2,220.5,15,331,130.7239742
332,18S:332,G,2,224,15,332,127.9049939
333,18S:333,G,2,227.5,15,333,123.0054577
334,18S:334,C,2,231,15,334,118.3443758
335,18S:335,G,2,234.5,15,335,112.8357689
336,18S:336,A,2,238,15,336,107.1278679
337,18S:337,C,2,241.5,15,337,103.6753546
338,18S:338,G,2,245,15,338,101.9044658
339,18S:339,A,2,248.5,15,339,102.6912286
340,18S:340,C,2,252,15,340,104.3545773
341,18S:341,C,2,255.5,15,341,104.2553649
342,18S:342,C,2,259,15,342,103.1198525
343,18S:343,A,2,262.5,15,343,100.5078213
344,18S:344,U,2,266,15,344,97.50925934
345,18S:345,U,2,269.5,15,345,94.18151086
346,18S:346,C,2,273,15,346,89.40751822
347,18S:347,G,2,276.5,15,347,84.40342148
348,18S:348,A,2,280,15,348,81.43180557
349,18S:349,A,2,283.5,15,349,79.90251435
350,18S:350,C,2,287,15,350,78.92199102
351,18S:351,G,2,290.5,15,351,78.70896006
352,18S:352,U,2,294,15,352,78.34686865
353,18S:353,C,2,297.5,15,353,77.23837882
354,18S:354,U,2,301,15,354,74.54318779
355,18S:355,G,2,304.5,15,355,68.81552189
356,18S:356,C,2,308,15,356,63.50300469
357,18S:357,C,2,0,20,357,57.953616
358,18S:358,C,2,3.5,20,358,53.00217675
359,18S:359,U,2,7,20,359,49.92694837
360,18S:360,A,2,10.5,20,360,50.15019299
361,18S:361,U,2,14,20,361,48.95992056
362,18S:362,C,2,17.5,20,362,49.63203675
363,18S:363,A,2,21,20,363,54.59332932
364,18S:364,A,2,24.5,20,364,59.63603244
365,18S:365,C,2,28,20,365,63.64275739
366,18S:366,U,2,31.5,20,366,66.01598936
367,18S:367,U,2,35,20,367,70.99135712
368,18S:368,U,2,38.5,20,368,73.83157328
369,18S:369,C,2,42,20,369,76.48393417
370,18S:370,G,2,45.5,20,370,79.1904763
371,18S:371,A,2,49,20,371,75.3264976
372,18S:372,U,2,52.5,20,372,76.41756411
373,18S:373,G,2,56,20,373,81.07655236
374,18S:374,G,2,59.5,20,374,87.07853754
375,18S:375,U,2,63,20,375,92.73084947
376,18S:376,A,2,66.5,20,376,96.61673608
377,18S:377,G,2,70,20,377,97.95433002
378,18S:378,U,2,73.5,20,378,97.5257887
379,18S:379,C,2,77,20,379,95.19280618
380,18S:380,G,2,80.5,20,380,91.83500414
381,18S:381,C,2,84,20,381,90.58146315
382,18S:382,C,2,87.5,20,382,92.66937075
383,18S:383,G,2,91,20,383,91.32796376
384,18S:384,U,2,94.5,20,384,89.2715573
385,18S:385,G,2,98,20,385,86.61184776
386,18S:386,C,2,101.5,20,386,80.92247599
387,18S:387,C,2,105,20,387,80.66480647
388,18S:388,U,2,108.5,20,388,83.53253197
389,18S:389,A,2,112,20,389,87.41461105
390,18S:390,C,2,115.5,20,390,90.72741794
391,18S:391,C,2,119,20,391,92.06539855
392,18S:392,A,2,122.5,20,392,90.10675516
393,18S:393,U,2,126,20,393,86.34520157
394,18S:394,G,2,129.5,20,394,81.16626192
395,18S:395,G,2,133,20,395,79.12898795
396,18S:396,U,2,136.5,20,396,75.41031389
397,18S:397,G,2,140,20,397,70.52903737
398,18S:398,A,2,143.5,20,398,66.1136148
399,18S:399,C,2,147,20,399,63.17878717
400,18S:400,C,2,150.5,20,400,62.98444213
401,18S:401,A,2,154,20,401,61.03158954
402,18S:402,C,2,157.5,20,402,64.12742934
403,18S:403,G,2,161,20,403,62.75877967
404,18S:404,G,2,164.5,20,404,58.54412889
405,18S:405,G,2,168,20,405,53.73658011
406,18S:406,U,2,171.5,20,406,50.0553863
407,18S:407,G,2,175,20,407,47.999143
408,18S:408,A,2,178.5,20,408,50.36902053
409,18S:409,C,2,182,20,409,55.56341625
410,18S:410,G,2,185.5,20,410,58.85383298
411,18S:411,G,2,189,20,411,61.28124531
412,18S:412,G,2,192.5,20,412,64.40033287
413,18S:413,G,2,196,20,413,66.68709759
414,18S:414,A,2,199.5,20,414,62.70824968
415,18S:415,A,2,203,20,415,58.55478493
416,18S:416,U,2,206.5,20,416,54.32208385
417,18S:417,C,2,210,20,417,51.51545067
418,18S:418,A,2,213.5,20,418,53.65445028
419,18S:419,G,2,217,20,419,58.82526291
420,18S:420,G,2,220.5,20,420,60.56301289
421,18S:421,G,2,224,20,421,58.8329771
422,18S:422,U,2,227.5,20,422,52.8021222
423,18S:423,U,2,231,20,423,49.65289731
424,18S:424,C,2,234.5,20,424,49.94714519
425,18S:425,G,2,238,20,425,52.69273251
426,18S:426,A,2,241.5,20,426,58.03436748
427,18S:427,U,2,245,20,427,62.28660884
428,18S:428,U,2,248.5,20,428,64.67615881
429,18S:429,C,2,252,20,429,70.04928712
430,18S:430,C,2,255.5,20,430,73.45264334
431,18S:431,G,2,259,20,431,75.05246508
432,18S:432,G,2,262.5,20,432,74.43835418
433,18S:433,A,2,266,20,433,72.38994652
434,18S:434,G,2,269.5,20,434,70.64681339
435,18S:435,A,2,273,20,435,69.88196971
436,18S:436,G,2,276.5,20,436,68.57066279
437,18S:437,G,2,280,20,437,65.41696166
438,18S:438,G,2,283.5,20,438,64.47797976
439,18S:439,A,2,287,20,439,70.25679959
440,18S:440,G,2,290.5,20,440,76.3144893
441,18S:441,C,2,294,20,441,82.14520147
442,18S:442,C,2,297.5,20,442,87.13065847
443,18S:443,U,2,301,20,443,91.39441087
444,18S:444,G,2,304.5,20,444,93.87219407
445,18S:445,A,2,308,20,445,94.36364273
446,18S:446,G,2,0,25,446,89.94998605
447,18S:447,A,2,3.5,25,447,84.55313185
448,18S:448,A,2,7,25,448,78.58685276
449,18S:449,A,2,10.5,25,449,75.90146237
450,18S:450,C,2,14,25,450,74.22621552
451,18S:451,G,2,17.5,25,451,74.78890628
452,18S:452,G,2,21,25,452,79.37646634
453,18S:453,C,2,24.5,25,453,80.18101903
454,18S:454,U,2,28,25,454,81.6783365
455,18S:455,A,2,31.5,25,455,79.88367388
456,18S:456,C,2,35,25,456,76.41378151
457,18S:457,C,2,38.5,25,457,71.43996452
458,18S:458,A,2,42,25,458,66.2511347
459,18S:459,C,2,45.5,25,459,62.38705523
460,18S:460,A,2,49,25,460,62.7258719
461,18S:461,U,2,52.5,25,461,66.3844231
462,18S:462,C,2,56,25,462,71.17670845
463,18S:463,C,2,59.5,25,463,76.15564904
464,18S:464,A,2,63,25,464,79.68014115
465,18S:465,A,2,66.5,25,465,83.22135092
466,18S:466,G,2,70,25,466,81.38060802
467,18S:467,G,2,73.5,25,467,83.43743895
468,18S:468,A,2,77,25,468,84.02795138
469,18S:469,A,2,80.5,25,469,82.91324635
470,18S:470,G,2,84,25,470,79.04555746
471,18S:471,G,2,87.5,25,471,74.64020679
472,18S:472,C,2,91,25,472,69.13418102
473,18S:473,A,2,94.5,25,473,63.04511386
474,18S:474,G,2,98,25,474,66.63666874
475,18S:475,C,2,101.5,25,475,66.8579249
476,18S:476,A,2,105,25,476,66.23551003
477,18S:477,G,2,108.5,25,477,63.24723531
478,18S:478,G,2,112,25,478,60.33081751
479,18S:479,C,2,115.5,25,479,56.92269408
480,18S:480,G,2,119,25,480,52.76019935
481,18S:481,C,2,122.5,25,481,48.48985532
482,18S:482,G,2,126,25,482,44.73977346
483,18S:483,C,2,129.5,25,483,41.29733715
484,18S:484,A,2,133,25,484,45.31663525
485,18S:485,A,2,136.5,25,485,50.77346206
486,18S:486,A,2,140,25,486,56.42264626
487,18S:487,U,2,143.5,25,487,60.91320962
488,18S:488,U,2,147,25,488,67.25317837
489,18S:489,A,2,150.5,25,489,71.79479906
490,18S:490,C,2,154,25,490,75.69256076
491,18S:491,C,2,157.5,25,491,80.37337289
492,18S:492,C,2,161,25,492,84.54334086
493,18S:493,A,2,164.5,25,493,87.17919996
494,18S:494,C,2,168,25,494,87.19908962
495,18S:495,U,2,171.5,25,495,85.46545714
496,18S:496,C,2,175,25,496,84.32857775
497,18S:497,C,2,178.5,25,497,86.11961703
498,18S:498,C,2,182,25,498,87.42883545
499,18S:499,G,2,185.5,25,499,90.4607002
500,18S:500,A,2,189,25,500,95.21176613
501,18S:501,C,2,192.5,25,501,99.71660927
502,18S:502,C,2,196,25,502,99.54695317
503,18S:503,C,2,199.5,25,503,93.89483387
504,18S:504,G,2,203,25,504,93.29241142
505,18S:505,G,2,206.5,25,505,89.36988658
506,18S:506,G,2,210,25,506,84.10238918
507,18S:507,G,2,213.5,25,507,78.49423608
508,18S:508,A,2,217,25,508,72.50038435
509,18S:509,G,2,220.5,25,509,72.36615433
510,18S:510,G,2,224,25,510,73.16216936
511,18S:511,U,2,227.5,25,511,74.35540734
512,18S:512,A,2,231,25,512,73.00887741
513,18S:513,G,2,234.5,25,513,69.00788367
514,18S:514,U,2,238,25,514,64.31950228
515,18S:515,G,2,241.5,25,515,58.83986517
516,18S:516,A,2,245,25,516,55.72938203
517,18S:517,C,2,248.5,25,517,54.71449412
518,18S:518,G,2,252,25,518,51.28030648
519,18S:519,A,2,255.5,25,519,54.26350917
520,18S:520,A,2,259,25,520,58.84503505
521,18S:521,A,2,262.5,25,521,62.88805477
522,18S:522,A,2,266,25,522,65.50255795
523,18S:523,A,2,269.5,25,523,64.9342276
524,18S:524,U,2,273,25,524,64.39974785
525,18S:525,A,2,276.5,25,525,61.75769845
526,18S:526,A,2,280,25,526,64.61942913
527,18S:527,C,2,283.5,25,527,69.46957566
528,18S:528,A,2,287,25,528,73.63658853
529,18S:529,A,2,290.5,25,529,76.07033027
530,18S:530,U,2,294,25,530,77.22441247
531,18S:531,A,2,297.5,25,531,76.91695115
532,18S:532,C,2,301,25,532,72.98312436
533,18S:533,A,2,304.5,25,533,68.80753475
534,18S:534,G,2,308,25,534,66.27801285
535,18S:535,G,2,0,30,535,65.49509771
536,18S:536,A,2,3.5,30,536,68.74462661
537,18S:537,C,2,7,30,537,72.15645707
538,18S:538,U,2,10.5,30,538,77.58349988
539,18S:539,C,2,14,30,539,82.46541098
540,18S:540,U,2,17.5,30,540,84.52193047
541,18S:541,U,2,21,30,541,84.09176133
542,18S:542,U,2,24.5,30,542,78.46109552
543,18S:543,C,2,28,30,543,74.20583984
544,18S:544,G,2,31.5,30,544,73.35815954
545,18S:545,A,2,35,30,545,75.85803039
546,18S:546,G,2,38.5,30,546,78.40607306
547,18S:547,G,2,42,30,547,80.9672892
548,18S:548,C,2,45.5,30,548,79.88722566
549,18S:549,C,2,49,30,549,76.8951482
550,18S:550,C,2,52.5,30,550,72.91605338
551,18S:551,U,2,56,30,551,67.24478435
552,18S:552,G,2,59.5,30,552,62.16218025
553,18S:553,U,2,63,30,553,58.79641235
554,18S:554,A,2,66.5,30,554,61.06208235
555,18S:555,A,2,70,30,555,64.4118112
556,18S:556,U,2,73.5,30,556,68.92218207
557,18S:557,U,2,77,30,557,72.56255655
558,18S:558,G,2,80.5,30,558,77.52107322
559,18S:559,G,2,84,30,559,80.51588576
560,18S:560,A,2,87.5,30,560,82.67186143
561,18S:561,A,2,91,30,561,79.96145858
562,18S:562,U,2,94.5,30,562,77.85956776
563,18S:563,G,2,98,30,563,75.45257345
564,18S:564,A,2,101.5,30,564,70.4723597
565,18S:565,G,2,105,30,565,68.61415345
566,18S:566,U,2,108.5,30,566,70.65545678
567,18S:567,C,2,112,30,567,75.4555641
568,18S:568,C,2,115.5,30,568,81.24152959
569,18S:569,A,2,119,30,569,86.53374073
570,18S:570,C,2,122.5,30,570,88.89207856
571,18S:571,U,2,126,30,571,88.36665789
572,18S:572,U,2,129.5,30,572,85.67919558
573,18S:573,U,2,133,30,573,83.14526371
574,18S:574,A,2,136.5,30,574,83.9710103
575,18S:575,A,2,140,30,575,86.35370914
576,18S:576,A,2,143.5,30,576,84.71458132
577,18S:577,U,2,147,30,577,79.27848901
578,18S:578,C,2,150.5,30,578,74.79419808
579,18S:579,C,2,154,30,579,72.32323464
580,18S:580,U,2,157.5,30,580,72.90735786
581,18S:581,U,2,161,30,581,77.44227909
582,18S:582,U,2,164.5,30,582,81.21871903
583,18S:583,A,2,168,30,583,82.80513142
584,18S:584,A,2,171.5,30,584,85.05966534
585,18S:585,C,2,175,30,585,83.46507666
586,18S:586,G,2,178.5,30,586,77.71058919
587,18S:587,A,2,182,30,587,73.16613445
588,18S:588,G,2,185.5,30,588,69.99208931
589,18S:589,G,2,189,30,589,67.0228513
590,18S:590,A,2,192.5,30,590,60.56594081
591,18S:591,U,2,196,30,591,58.10614568
592,18S:592,C,2,199.5,30,592,64.17896763
593,18S:593,C,2,203,30,593,60.58377079
594,18S:594,A,2,206.5,30,594,56.86562959
595,18S:595,U,2,210,30,595,49.93394017
596,18S:596,U,2,213.5,30,596,45.29513636
597,18S:597,G,2,217,30,597,39.92542131
598,18S:598,G,2,220.5,30,598,35.30881274
599,18S:599,A,2,224,30,599,33.68630967
600,18S:600,G,2,227.5,30,600,33.55152725
601,18S:601,G,2,231,30,601,34.8612876
602,18S:602,G,2,234.5,30,602,36.42533592
603,18S:603,C,2,238,30,603,39.06931431
604,18S:604,A,2,241.5,30,604,40.06019698
605,18S:605,A,2,245,30,605,43.33801153
606,18S:606,G,2,248.5,30,606,41.33518885
607,18S:607,U,2,252,30,607,40.01347166
608,18S:608,C,2,255.5,30,608,37.75057373
609,18S:609,U,2,259,30,609,38.00381752
610,18S:610,G,2,262.5,30,610,37.68399668
611,18S:611,G,2,266,30,611,34.37453153
612,18S:612,U,2,269.5,30,612,30.04210394
613,18S:613,G,2,273,30,613,23.8081845
614,18S:614,C,2,276.5,30,614,17.69621191
615,18S:615,C,2,280,30,615,13.83222661
616,18S:616,A,2,283.5,30,616,18.00704537
617,18S:617,G,2,287,30,617,22.99560817
618,18S:618,C,2,290.5,30,618,25.4841364
619,18S:619,A,2,294,30,619,28.00905239
620,18S:620,G,2,297.5,30,620,28.21304707
621,18S:621,C,2,301,30,621,24.05851286
622,18S:622,C,2,304.5,30,622,22.61933746
623,18S:623,G,2,308,30,623,21.53405131
624,18S:624,C,2,0,35,624,21.76957044
625,18S:625,G,2,3.5,35,625,22.47712769
626,18S:626,G,2,7,35,626,21.43654088
627,18S:627,U,2,10.5,35,627,21.41703047
628,18S:628,A,2,14,35,628,27.70569663
629,18S:629,A,2,17.5,35,629,29.3553242
630,18S:630,U,2,21,35,630,31.40895048
631,18S:631,U,2,24.5,35,631,31.2129164
632,18S:632,C,2,28,35,632,30.12380408
633,18S:633,C,2,31.5,35,633,29.28141928
634,18S:634,A,2,35,35,634,33.02838382
635,18S:635,G,2,38.5,35,635,39.24658469
636,18S:636,C,2,42,35,636,44.45991636
637,18S:637,U,2,45.5,35,637,47.56967726
638,18S:638,C,2,49,35,638,48.61424382
639,18S:639,C,2,52.5,35,639,48.30632784
640,18S:640,A,2,56,35,640,48.04411804
641,18S:641,A,2,59.5,35,641,48.90347306
642,18S:642,U,2,63,35,642,51.94448065
643,18S:643,A,2,66.5,35,643,55.78901263
644,18S:644,G,2,70,35,644,55.17531914
645,18S:645,C,2,73.5,35,645,49.40022596
646,18S:646,G,2,77,35,646,43.19874814
647,18S:647,U,2,80.5,35,647,37.6108053
648,18S:648,A,2,84,35,648,34.12320032
649,18S:649,U,2,87.5,35,649,34.16682651
650,18S:650,A,2,91,35,650,37.31583216
651,18S:651,U,2,94.5,35,651,41.10191247
652,18S:652,U,2,98,35,652,44.51007208
653,18S:653,A,2,101.5,35,653,46.84677067
654,18S:654,A,2,105,35,654,47.68361226
655,18S:655,A,2,108.5,35,655,44.01717952
656,18S:656,G,2,112,35,656,47.32229704
657,18S:657,U,2,115.5,35,657,43.00385883
658,18S:658,U,2,119,35,658,43.61378079
659,18S:659,G,2,122.5,35,659,49.33621848
660,18S:660,C,2,126,35,660,52.46962898
661,18S:661,U,2,129.5,35,661,56.65465814
662,18S:662,G,2,133,35,662,57.04428538
663,18S:663,C,2,136.5,35,663,52.2182643
664,18S:664,A,2,140,35,664,48.6154054
665,18S:665,G,2,143.5,35,665,46.03353315
666,18S:666,U,2,147,35,666,45.94525828
667,18S:667,U,2,150.5,35,667,41.92278317
668,18S:668,A,2,154,35,668,36.57335627
669,18S:669,A,2,157.5,35,669,34.55286919
670,18S:670,A,2,161,35,670,37.41379708
671,18S:671,A,2,164.5,35,671,43.12115695
672,18S:672,A,2,168,35,672,47.40160979
673,18S:673,G,2,171.5,35,673,47.1528611
674,18S:674,C,2,175,35,674,51.86914215
675,18S:675,U,2,178.5,35,675,57.70798753
676,18S:676,C,2,182,35,676,63.35406738
677,18S:677,G,2,185.5,35,677,67.51583428
678,18S:678,U,2,189,35,678,68.53175973
679,18S:679,A,2,192.5,35,679,69.62985105
680,18S:680,G,2,196,35,680,68.56578477
681,18S:681,U,2,199.5,35,681,66.74168552
682,18S:682,U,2,203,35,682,67.0622546
683,18S:683,G,2,206.5,35,683,70.18437964
684,18S:684,G,2,210,35,684,75.54381423
685,18S:685,A,2,213.5,35,685,78.1207243
686,18S:686,U,2,217,35,686,83.12651222
687,18S:687,C,2,220.5,35,687,87.53235558
688,18S:688,U,2,224,35,688,93.09701716
689,18S:689,U,2,227.5,35,689,91.41889806
690,18S:690,G,2,231,35,690,93.57650915
691,18S:691,G,2,234.5,35,691,98.81324121
692,18S:692,G,2,238,35,692,103.9403445
693,18S:693,A,2,241.5,35,693,108.1395973
694,18S:694,G,2,245,35,694,108.7014105
695,18S:695,C,2,248.5,35,695,108.8245052
696,18S:696,G,2,252,35,696,106.278055
697,18S:697,G,2,255.5,35,697,103.1505247
698,18S:698,G,2,259,35,698,100.2818384
699,18S:699,C,2,262.5,35,699,99.56192456
700,18S:700,G,2,266,35,700,104.8351194
701,18S:701,G,2,269.5,35,701,109.2409753
702,18S:702,G,2,273,35,702,115.8249867
703,18S:703,C,2,276.5,35,703,121.3583927
704,18S:704,G,2,280,35,704,125.8194696
705,18S:705,G,2,283.5,35,705,127.9710615
706,18S:706,U,2,287,35,706,128.7516864
707,18S:707,C,2,290.5,35,707,128.36196
708,18S:708,C,2,294,35,708,127.4350724
709,18S:709,G,2,297.5,35,709,129.9610418
710,18S:710,C,2,301,35,,\N
711,18S:711,C,2,304.5,35,,\N
712,18S:712,G,2,308,35,,\N
713,18S:713,C,2,0,40,,\N
714,18S:714,G,2,3.5,40,,\N
715,18S:715,A,2,7,40,,\N
716,18S:716,G,2,10.5,40,,\N
717,18S:717,G,2,14,40,,\N
718,18S:718,C,2,17.5,40,710,139.8266495
719,18S:719,G,2,21,40,711,136.7044086
720,18S:720,A,2,24.5,40,712,131.5488787
721,18S:721,G,2,28,40,713,125.7152116
722,18S:722,C,2,31.5,40,714,120.1821551
723,18S:723,C,2,35,40,715,117.1022342
724,18S:724,A,2,38.5,40,716,115.3927927
725,18S:725,C,2,42,40,717,112.6011499
726,18S:726,C,2,45.5,40,718,113.5693176
727,18S:727,G,2,49,40,719,115.0743718
728,18S:728,C,2,52.5,40,720,117.2771705
729,18S:729,C,2,56,40,721,118.419104
730,18S:730,C,2,59.5,40,722,115.6238509
731,18S:731,G,2,63,40,723,112.9433045
732,18S:732,U,2,66.5,40,724,105.9862414
733,18S:733,C,2,70,40,725,100.9374659
734,18S:734,C,2,73.5,40,726,96.54427624
735,18S:735,C,2,77,40,727,91.12370366
736,18S:736,C,2,80.5,40,728,91.77902009
737,18S:737,G,2,84,40,729,93.72366939
738,18S:738,C,2,87.5,40,730,96.12414328
739,18S:739,C,2,91,40,731,100.3259843
740,18S:740,C,2,94.5,40,732,102.1710797
741,18S:741,C,2,98,40,733,105.5525622
742,18S:742,U,2,101.5,40,734,103.6665167
743,18S:743,U,2,105,40,735,101.9643579
744,18S:744,G,2,108.5,40,736,99.14160953
745,18S:745,C,2,112,40,737,102.019805
746,18S:746,C,2,115.5,40,738,106.2768999
747,18S:747,U,2,119,40,739,109.9843545
748,18S:748,C,2,122.5,40,740,112.7936634
749,18S:749,U,2,126,40,741,116.9497875
750,18S:750,C,2,129.5,40,742,117.9052045
751,18S:751,G,2,133,40,743,118.7776434
752,18S:752,G,2,136.5,40,744,118.115732
753,18S:753,C,2,140,40,745,117.3706087
754,18S:754,G,2,143.5,40,746,116.269285
755,18S:755,C,2,147,40,747,118.7946829
756,18S:756,C,2,150.5,40,748,122.3114841
757,18S:757,C,2,154,40,749,127.1387288
758,18S:758,C,2,157.5,40,750,131.8509468
759,18S:759,C,2,161,40,751,136.9730216
760,18S:760,U,2,164.5,40,752,141.5557454
761,18S:761,C,2,168,40,753,144.899459
762,18S:762,G,2,171.5,40,754,147.2905018
763,18S:763,A,2,175,40,755,149.4833177
764,18S:764,U,2,178.5,40,756,150.0815247
765,18S:765,G,2,182,40,757,149.9700235
766,18S:766,C,2,185.5,40,758,150.4407809
767,18S:767,U,2,189,40,759,152.2846399
768,18S:768,C,2,192.5,40,760,154.9962264
769,18S:769,U,2,196,40,761,157.8174589
770,18S:770,U,2,199.5,40,762,158.4322128
771,18S:771,A,2,203,40,763,164.1572931
772,18S:772,G,2,206.5,40,764,169.045499
773,18S:773,C,2,210,40,765,168.5242866
774,18S:774,U,2,213.5,40,766,162.2111657
775,18S:775,G,2,217,40,767,156.504401
776,18S:776,A,2,220.5,40,768,151.5206864
777,18S:777,G,2,224,40,769,146.3115351
778,18S:778,U,2,227.5,40,770,141.8559985
779,18S:779,G,2,231,40,771,138.1307256
780,18S:780,U,2,234.5,40,772,135.3344617
781,18S:781,C,2,238,40,773,133.878126
782,18S:782,C,2,241.5,40,774,133.701856
783,18S:783,C,2,245,40,775,132.27113
784,18S:784,G,2,248.5,40,776,131.7426289
785,18S:785,C,2,252,40,777,131.4433647
786,18S:786,G,2,255.5,40,778,132.3085863
787,18S:787,G,2,259,40,779,130.9260301
788,18S:788,G,2,262.5,40,780,128.6439136
789,18S:789,G,2,266,40,781,124.1909324
790,18S:790,C,2,269.5,40,782,119.2522516
791,18S:791,C,2,273,40,783,114.0574867
792,18S:792,C,2,276.5,40,784,109.7437899
793,18S:793,G,2,280,40,785,105.8889733
794,18S:794,A,2,283.5,40,786,104.0208569
795,18S:795,A,2,287,40,787,103.4032234
796,18S:796,G,2,290.5,40,788,102.3829699
797,18S:797,C,2,294,40,789,101.4895276
798,18S:798,G,2,297.5,40,790,96.4017455
799,18S:799,U,2,301,40,791,95.97087356
800,18S:800,U,2,304.5,40,792,90.92875649
801,18S:801,U,2,308,40,793,85.25065148
802,18S:802,A,2,0,45,794,79.96001292
803,18S:803,C,2,3.5,45,795,75.46201579
804,18S:804,U,2,7,45,796,74.13718501
805,18S:805,U,2,10.5,45,797,76.87567119
806,18S:806,U,2,14,45,798,80.87371314
807,18S:807,G,2,17.5,45,799,84.45402805
808,18S:808,A,2,21,45,800,85.48947211
809,18S:809,A,2,24.5,45,801,85.9392897
810,18S:810,A,2,28,45,802,83.67844695
811,18S:811,A,2,31.5,45,803,78.28371045
812,18S:812,A,2,35,45,804,77.30845669
813,18S:813,A,2,38.5,45,805,74.80283346
814,18S:814,U,2,42,45,806,70.73910003
815,18S:815,U,2,45.5,45,807,66.2513546
816,18S:816,A,2,49,45,808,65.71298622
817,18S:817,G,2,52.5,45,809,69.00430452
818,18S:818,A,2,56,45,810,74.93915136
819,18S:819,G,2,59.5,45,811,80.54822146
820,18S:820,U,2,63,45,812,82.99130404
821,18S:821,G,2,66.5,45,813,82.5289903
822,18S:822,U,2,70,45,814,79.8535167
823,18S:823,U,2,73.5,45,815,76.97470032
824,18S:824,C,2,77,45,816,76.18228068
825,18S:825,A,2,80.5,45,817,72.53274143
826,18S:826,A,2,84,45,818,68.57551098
827,18S:827,A,2,87.5,45,819,67.21751583
828,18S:828,G,2,91,45,820,70.91739678
829,18S:829,C,2,94.5,45,821,76.268728
830,18S:830,A,2,98,45,822,83.21724938
831,18S:831,G,2,101.5,45,823,83.53085214
832,18S:832,G,2,105,45,824,85.89040497
833,18S:833,C,2,108.5,45,825,90.14619958
834,18S:834,C,2,112,45,826,96.55154854
835,18S:835,C,2,115.5,45,827,101.8092979
836,18S:836,G,2,119,45,828,102.8803085
837,18S:837,A,2,122.5,45,829,100.2773756
838,18S:838,G,2,126,45,830,105.5537877
839,18S:839,C,2,129.5,45,831,109.6099545
840,18S:840,C,2,133,45,832,108.9789204
841,18S:841,G,2,136.5,45,833,105.823053
842,18S:842,C,2,140,45,834,103.5508009
843,18S:843,C,2,143.5,45,835,101.0624513
844,18S:844,U,2,147,45,836,95.66841336
845,18S:845,G,2,150.5,45,837,91.55306762
846,18S:846,G,2,154,45,838,85.64556719
847,18S:847,A,2,157.5,45,839,81.79148809
848,18S:848,U,2,161,45,840,83.46814531
849,18S:849,A,2,164.5,45,841,80.83691339
850,18S:850,C,2,168,45,842,76.82000111
851,18S:851,C,2,171.5,45,843,72.70888783
852,18S:852,G,2,175,45,844,72.93267866
853,18S:853,C,2,178.5,45,845,70.53567707
854,18S:854,A,2,182,45,846,73.26438524
855,18S:855,G,2,185.5,45,847,77.4092925
856,18S:856,C,2,189,45,848,82.70880352
857,18S:857,U,2,192.5,45,849,86.90354767
858,18S:858,A,2,196,45,850,90.68478053
859,18S:859,G,2,199.5,45,851,91.98796539
860,18S:860,G,2,203,45,852,91.46350963
861,18S:861,A,2,206.5,45,853,90.28879327
862,18S:862,A,2,210,45,854,86.94446348
863,18S:863,U,2,213.5,45,855,82.40001442
864,18S:864,A,2,217,45,856,78.07124217
865,18S:865,A,2,220.5,45,857,77.86849197
866,18S:866,U,2,224,45,858,80.87557662
867,18S:867,G,2,227.5,45,859,85.65088746
868,18S:868,G,2,231,45,860,90.00147263
869,18S:869,A,2,234.5,45,861,97.15545233
870,18S:870,A,2,238,45,862,99.21917979
871,18S:871,U,2,241.5,45,863,96.53429996
872,18S:872,A,2,245,45,864,102.1336138
873,18S:873,G,2,248.5,45,865,104.11392
874,18S:874,G,2,252,45,866,103.1773744
875,18S:875,A,2,255.5,45,867,104.5267669
876,18S:876,C,2,259,45,868,109.0053079
877,18S:877,C,2,262.5,45,869,114.1759428
878,18S:878,G,2,266,45,870,116.9059391
879,18S:879,C,2,269.5,45,871,122.1424263
880,18S:880,G,2,273,45,872,125.3139145
881,18S:881,G,2,276.5,45,873,127.7121255
882,18S:882,U,2,280,45,874,126.6285766
883,18S:883,U,2,283.5,45,875,124.9684312
884,18S:884,C,2,287,45,876,122.2508756
885,18S:885,U,2,290.5,45,877,119.7297815
886,18S:886,A,2,294,45,878,118.7625689
887,18S:887,U,2,297.5,45,879,118.1334972
888,18S:888,U,2,301,45,880,122.9459848
889,18S:889,U,2,304.5,45,881,128.909758
890,18S:890,U,2,308,45,882,134.5067189
891,18S:891,G,2,0,50,883,139.9160056
892,18S:892,U,2,3.5,50,884,135.2582693
893,18S:893,U,2,7,50,885,133.0765519
894,18S:894,G,2,10.5,50,886,131.7755771
895,18S:895,G,2,14,50,887,132.0418997
896,18S:896,U,2,17.5,50,888,132.3544032
897,18S:897,U,2,21,50,889,132.4252364
898,18S:898,U,2,24.5,50,890,130.5739007
899,18S:899,U,2,28,50,891,129.1949398
900,18S:900,C,2,31.5,50,892,127.1014808
901,18S:901,G,2,35,50,893,122.6418776
902,18S:902,G,2,38.5,50,894,117.0646113
903,18S:903,A,2,42,50,895,112.1515923
904,18S:904,A,2,45.5,50,896,109.6567742
905,18S:905,C,2,49,50,897,109.730012
906,18S:906,U,2,52.5,50,898,112.0095932
907,18S:907,G,2,56,50,899,114.9373362
908,18S:908,A,2,59.5,50,900,118.4453433
909,18S:909,G,2,63,50,901,119.2074914
910,18S:910,G,2,66.5,50,902,116.6653438
911,18S:911,C,2,70,50,903,114.9683899
912,18S:912,C,2,73.5,50,904,111.6958342
913,18S:913,A,2,77,50,905,105.3667151
914,18S:914,U,2,80.5,50,906,109.797386
915,18S:915,G,2,84,50,907,104.2407666
916,18S:916,A,2,87.5,50,908,98.55553733
917,18S:917,U,2,91,50,909,92.4891786
918,18S:918,U,2,94.5,50,910,92.97680026
919,18S:919,A,2,98,50,911,90.20526785
920,18S:920,A,2,101.5,50,912,83.7864751
921,18S:921,G,2,105,50,913,79.68898856
922,18S:922,A,2,108.5,50,914,74.48011993
923,18S:923,G,2,112,50,915,74.48982758
924,18S:924,G,2,115.5,50,916,74.93081729
925,18S:925,G,2,119,50,917,77.33728369
926,18S:926,A,2,122.5,50,918,82.09830911
927,18S:927,C,2,126,50,919,86.47200056
928,18S:928,G,2,129.5,50,920,89.1278811
929,18S:929,G,2,133,50,921,88.8112447
930,18S:930,C,2,136.5,50,922,85.94038607
931,18S:931,C,2,140,50,923,79.3791447
932,18S:932,G,2,143.5,50,924,75.44452827
933,18S:933,G,2,147,50,925,71.24761103
934,18S:934,G,2,150.5,50,926,68.925531
935,18S:935,G,2,154,50,927,66.41768711
936,18S:936,G,2,157.5,50,928,67.25359367
937,18S:937,C,2,161,50,929,70.15087584
938,18S:938,A,2,164.5,50,930,74.1804864
939,18S:939,U,2,168,50,931,78.3736651
940,18S:940,U,2,171.5,50,932,80.47864624
941,18S:941,C,2,175,50,933,79.85214219
942,18S:942,G,2,178.5,50,934,77.74846222
943,18S:943,U,2,182,50,935,75.87073031
944,18S:944,A,2,185.5,50,936,71.97798365
945,18S:945,U,2,189,50,937,66.70842844
946,18S:946,U,2,192.5,50,938,63.64650698
947,18S:947,G,2,196,50,939,64.60966966
948,18S:948,C,2,199.5,50,940,68.95456081
949,18S:949,G,2,203,50,941,74.47693314
950,18S:950,C,2,206.5,50,942,79.66976185
951,18S:951,C,2,210,50,943,82.37956228
952,18S:952,G,2,213.5,50,944,84.47385207
953,18S:953,C,2,217,50,945,83.39128778
954,18S:954,U,2,220.5,50,946,79.9849695
955,18S:955,A,2,224,50,947,73.37017845
956,18S:956,G,2,227.5,50,948,66.94218659
957,18S:957,A,2,231,50,949,63.56084
958,18S:958,G,2,234.5,50,950,61.21452643
959,18S:959,G,2,238,50,951,56.72155543
960,18S:960,U,2,241.5,50,952,51.57170911
961,18S:961,G,2,245,50,953,47.42043561
962,18S:962,A,2,248.5,50,954,49.80249683
963,18S:963,A,2,252,50,955,52.21640572
964,18S:964,A,2,255.5,50,956,53.43679389
965,18S:965,U,2,259,50,957,53.94419296
966,18S:966,U,2,262.5,50,958,53.90859933
967,18S:967,C,2,266,50,959,58.45901724
968,18S:968,U,2,269.5,50,960,63.86098324
969,18S:969,U,2,273,50,961,68.39486059
970,18S:970,G,2,276.5,50,962,75.65642207
971,18S:971,G,2,280,50,963,74.16530373
972,18S:972,A,2,283.5,50,964,71.57814273
973,18S:973,C,2,287,50,965,67.43681479
974,18S:974,C,2,290.5,50,966,66.48679366
975,18S:975,G,2,294,50,967,70.06809969
976,18S:976,G,2,297.5,50,968,74.86028943
977,18S:977,C,2,301,50,969,79.07723636
978,18S:978,G,2,304.5,50,970,81.50114033
979,18S:979,C,2,308,50,971,81.16125598
980,18S:980,A,2,0,55,972,78.43374135
981,18S:981,A,2,3.5,55,973,74.75178048
982,18S:982,G,2,7,55,974,70.16148808
983,18S:983,A,2,10.5,55,975,65.01328955
984,18S:984,C,2,14,55,976,61.53968776
985,18S:985,G,2,17.5,55,977,62.32363678
986,18S:986,G,2,21,55,978,65.86872771
987,18S:987,A,2,24.5,55,979,63.30511301
988,18S:988,C,2,28,55,980,65.14171882
989,18S:989,C,2,31.5,55,981,68.89077347
990,18S:990,A,2,35,55,982,61.98489369
991,18S:991,G,2,38.5,55,983,61.14012637
992,18S:992,A,2,42,55,984,63.21388112
993,18S:993,G,2,45.5,55,985,64.78113445
994,18S:994,C,2,49,55,986,67.84031187
995,18S:995,G,2,52.5,55,987,67.9545247
996,18S:996,A,2,56,55,988,65.64915416
997,18S:997,A,2,59.5,55,989,60.27274218
998,18S:998,A,2,63,55,990,55.22911088
999,18S:999,G,2,66.5,55,991,53.09419831
1000,18S:1000,C,2,70,55,992,58.59612077
1001,18S:1001,A,2,73.5,55,993,63.49364549
1002,18S:1002,U,2,77,55,994,68.55366894
1003,18S:1003,U,2,80.5,55,995,74.2062788
1004,18S:1004,U,2,84,55,996,79.60278589
1005,18S:1005,G,2,87.5,55,997,83.27642569
1006,18S:1006,C,2,91,55,998,84.93325053
1007,18S:1007,C,2,94.5,55,999,84.61628489
1008,18S:1008,A,2,98,55,1000,82.83465047
1009,18S:1009,A,2,101.5,55,1001,79.49334951
1010,18S:1010,G,2,105,55,1002,75.20376949
1011,18S:1011,A,2,108.5,55,1003,73.48770635
1012,18S:1012,A,2,112,55,1004,73.03763519
1013,18S:1013,U,2,115.5,55,1005,75.51107425
1014,18S:1014,G,2,119,55,1006,80.98236192
1015,18S:1015,U,2,122.5,55,1007,86.23728382
1016,18S:1016,U,2,126,55,1008,88.75207843
1017,18S:1017,U,2,129.5,55,1009,90.50652598
1018,18S:1018,U,2,133,55,1010,92.03532716
1019,18S:1019,C,2,136.5,55,1011,90.99740975
1020,18S:1020,A,2,140,55,1012,88.84896977
1021,18S:1021,U,2,143.5,55,1013,84.20170014
1022,18S:1022,U,2,147,55,1014,77.88582661
1023,18S:1023,A,2,150.5,55,1015,75.01614692
1024,18S:1024,A,2,154,55,1016,70.01086888
1025,18S:1025,U,2,157.5,55,1017,64.97202799
1026,18S:1026,C,2,161,55,1018,59.36701336
1027,18S:1027,A,2,164.5,55,1019,56.77662183
1028,18S:1028,A,2,168,55,1020,55.58667842
1029,18S:1029,G,2,171.5,55,1021,57.28464173
1030,18S:1030,A,2,175,55,1022,59.331986
1031,18S:1031,A,2,178.5,55,1023,61.42327895
1032,18S:1032,C,2,182,55,1024,61.75394015
1033,18S:1033,G,2,185.5,55,1025,59.59152303
1034,18S:1034,A,2,189,55,1026,55.24605005
1035,18S:1035,A,2,192.5,55,1027,54.3012207
1036,18S:1036,A,2,196,55,1028,51.31068207
1037,18S:1037,G,2,199.5,55,1029,49.06219915
1038,18S:1038,U,2,203,55,1030,49.88546006
1039,18S:1039,C,2,206.5,55,1031,53.9794388
1040,18S:1040,G,2,210,55,1032,58.60687144
1041,18S:1041,G,2,213.5,55,1033,63.87678572
1042,18S:1042,A,2,217,55,1034,66.73374428
1043,18S:1043,G,2,220.5,55,1035,68.62033353
1044,18S:1044,G,2,224,55,1036,66.01458452
1045,18S:1045,U,2,227.5,55,1037,61.70817238
1046,18S:1046,U,2,231,55,1038,60.95851147
1047,18S:1047,C,2,234.5,55,1039,56.94424841
1048,18S:1048,G,2,238,55,1040,50.85084795
1049,18S:1049,A,2,241.5,55,1041,45.62455077
1050,18S:1050,A,2,245,55,1042,41.40833774
1051,18S:1051,G,2,248.5,55,1043,40.17122271
1052,18S:1052,A,2,252,55,1044,42.08529436
1053,18S:1053,C,2,255.5,55,1045,44.42623393
1054,18S:1054,G,2,259,55,1046,45.85556242
1055,18S:1055,A,2,262.5,55,1047,45.53437459
1056,18S:1056,U,2,266,55,1048,41.93852036
1057,18S:1057,C,2,269.5,55,1049,37.5292201
1058,18S:1058,A,2,273,55,1050,32.95586887
1059,18S:1059,G,2,276.5,55,1051,32.78762758
1060,18S:1060,A,2,280,55,1052,33.06865274
1061,18S:1061,U,2,283.5,55,1053,36.49555352
1062,18S:1062,A,2,287,55,1054,37.84979968
1063,18S:1063,C,2,290.5,55,1055,39.59040588
1064,18S:1064,C,2,294,55,1056,42.11622396
1065,18S:1065,G,2,297.5,55,1057,46.32380483
1066,18S:1066,U,2,301,55,1058,50.561981
1067,18S:1067,C,2,304.5,55,1059,54.07406302
1068,18S:1068,G,2,308,55,1060,55.62539404
1069,18S:1069,U,2,0,60,1061,54.71196348
1070,18S:1070,A,2,3.5,60,1062,54.52846917
1071,18S:1071,G,2,7,60,1063,54.79070955
1072,18S:1072,U,2,10.5,60,1064,54.58500806
1073,18S:1073,U,2,14,60,1065,56.26678191
1074,18S:1074,C,2,17.5,60,1066,61.14544297
1075,18S:1075,C,2,21,60,1067,65.01632264
1076,18S:1076,G,2,24.5,60,1068,66.70877733
1077,18S:1077,A,2,28,60,1069,65.41955488
1078,18S:1078,C,2,31.5,60,1070,61.22345584
1079,18S:1079,C,2,35,60,1071,55.61334578
1080,18S:1080,A,2,38.5,60,1072,50.46821239
1081,18S:1081,U,2,42,60,1073,47.84300904
1082,18S:1082,A,2,45.5,60,1074,42.98605525
1083,18S:1083,A,2,49,60,1075,42.87173825
1084,18S:1084,A,2,52.5,60,1076,44.71286286
1085,18S:1085,C,2,56,60,1077,49.37331223
1086,18S:1086,G,2,59.5,60,1078,50.62109035
1087,18S:1087,A,2,63,60,1079,46.98576908
1088,18S:1088,U,2,66.5,60,1080,47.6538724
1089,18S:1089,G,2,70,60,1081,50.53909943
1090,18S:1090,C,2,73.5,60,1082,56.18593967
1091,18S:1091,C,2,77,60,1083,61.75295191
1092,18S:1092,G,2,80.5,60,1084,66.30733062
1093,18S:1093,A,2,84,60,1085,69.23707149
1094,18S:1094,C,2,87.5,60,1086,70.81520083
1095,18S:1095,C,2,91,60,1087,70.6341436
1096,18S:1096,G,2,94.5,60,1088,69.00546618
1097,18S:1097,G,2,98,60,1089,70.44494635
1098,18S:1098,C,2,101.5,60,1090,72.58494004
1099,18S:1099,G,2,105,60,1091,73.71042396
1100,18S:1100,A,2,108.5,60,1092,73.70479413
1101,18S:1101,U,2,112,60,1093,72.65233289
1102,18S:1102,G,2,115.5,60,1094,72.91094379
1103,18S:1103,C,2,119,60,1095,74.79712972
1104,18S:1104,G,2,122.5,60,1096,78.90936435
1105,18S:1105,G,2,126,60,1097,83.36473305
1106,18S:1106,C,2,129.5,60,1098,87.65528362
1107,18S:1107,G,2,133,60,1099,90.88550814
1108,18S:1108,G,2,136.5,60,1100,93.50449766
1109,18S:1109,C,2,140,60,1101,95.89898349
1110,18S:1110,G,2,143.5,60,1102,96.52834474
1111,18S:1111,U,2,147,60,1103,94.69021055
1112,18S:1112,U,2,150.5,60,1104,94.23873956
1113,18S:1113,A,2,154,60,1105,94.7078153
1114,18S:1114,U,2,157.5,60,1106,96.56750585
1115,18S:1115,U,2,161,60,1107,101.7327279
1116,18S:1116,C,2,164.5,60,1108,107.4261583
1117,18S:1117,C,2,168,60,1109,106.9398429
1118,18S:1118,C,2,171.5,60,1110,102.5276723
1119,18S:1119,A,2,175,60,1111,99.07679225
1120,18S:1120,U,2,178.5,60,1112,95.47844603
1121,18S:1121,G,2,182,60,1113,90.95843451
1122,18S:1122,A,2,185.5,60,1114,85.7486483
1123,18S:1123,C,2,189,60,1115,81.80115217
1124,18S:1124,C,2,192.5,60,1116,80.28734126
1125,18S:1125,C,2,196,60,1117,80.06967763
1126,18S:1126,G,2,199.5,60,1118,80.04922482
1127,18S:1127,C,2,203,60,1119,79.84377309
1128,18S:1128,C,2,206.5,60,1120,79.05844892
1129,18S:1129,G,2,210,60,1121,76.31304754
1130,18S:1130,G,2,213.5,60,1122,72.49151668
1131,18S:1131,G,2,217,60,1123,67.48136518
1132,18S:1132,C,2,220.5,60,1124,63.17703375
1133,18S:1133,A,2,224,60,1125,58.61661056
1134,18S:1134,G,2,227.5,60,1126,57.32700472
1135,18S:1135,C,2,231,60,1127,57.11577214
1136,18S:1136,U,2,234.5,60,1128,58.36906915
1137,18S:1137,U,2,238,60,1129,59.253468
1138,18S:1138,C,2,241.5,60,1130,61.76662763
1139,18S:1139,C,2,245,60,1131,59.87368465
1140,18S:1140,G,2,248.5,60,1132,60.09128486
1141,18S:1141,G,2,252,60,1133,55.65533629
1142,18S:1142,G,2,255.5,60,1134,50.72060871
1143,18S:1143,A,2,259,60,1135,45.81260319
1144,18S:1144,A,2,262.5,60,1136,45.84029182
1145,18S:1145,A,2,266,60,1137,46.15894477
1146,18S:1146,C,2,269.5,60,1138,46.92111394
1147,18S:1147,C,2,273,60,1139,50.75089935
1148,18S:1148,A,2,276.5,60,1140,55.62635703
1149,18S:1149,A,2,280,60,1141,59.67634254
1150,18S:1150,A,2,283.5,60,1142,54.14949947
1151,18S:1151,G,2,287,60,1143,54.03152024
1152,18S:1152,U,2,290.5,60,1144,56.54561354
1153,18S:1153,C,2,294,60,1145,60.1130051
1154,18S:1154,U,2,297.5,60,1146,56.78484111
1155,18S:1155,U,2,301,60,1147,58.55539656
1156,18S:1156,U,2,304.5,60,1148,60.3755633
1157,18S:1157,G,2,308,60,1149,57.77421753
1158,18S:1158,G,2,0,65,1150,62.19553645
1159,18S:1159,G,2,3.5,65,1151,63.47609589
1160,18S:1160,U,2,7,65,1152,62.63681929
1161,18S:1161,U,2,10.5,65,1153,58.8373647
1162,18S:1162,C,2,14,65,1154,54.27289472
1163,18S:1163,C,2,17.5,65,1155,48.61545338
1164,18S:1164,G,2,21,65,1156,42.55538911
1165,18S:1165,G,2,24.5,65,1157,38.03676035
1166,18S:1166,G,2,28,65,1158,34.85397425
1167,18S:1167,G,2,31.5,65,1159,31.92237469
1168,18S:1168,G,2,35,65,1160,28.51123424
1169,18S:1169,G,2,38.5,65,1161,26.52607489
1170,18S:1170,A,2,42,65,1162,27.82210856
1171,18S:1171,G,2,45.5,65,1163,31.12776065
1172,18S:1172,U,2,49,65,1164,35.82403179
1173,18S:1173,A,2,52.5,65,1165,35.15854279
1174,18S:1174,U,2,56,65,1166,37.49804884
1175,18S:1175,G,2,59.5,65,1167,42.70786629
1176,18S:1176,G,2,63,65,1168,48.3286475
1177,18S:1177,U,2,66.5,65,1169,52.56743856
1178,18S:1178,U,2,70,65,1170,54.92581226
1179,18S:1179,G,2,73.5,65,1171,55.68220133
1180,18S:1180,C,2,77,65,1172,55.36193261
1181,18S:1181,A,2,80.5,65,1173,50.85973452
1182,18S:1182,A,2,84,65,1174,45.33669117
1183,18S:1183,A,2,87.5,65,1175,40.84596714
1184,18S:1184,G,2,91,65,1176,40.87260087
1185,18S:1185,C,2,94.5,65,1177,43.09813047
1186,18S:1186,U,2,98,65,1178,44.4897199
1187,18S:1187,G,2,101.5,65,1179,43.68952289
1188,18S:1188,A,2,105,65,1180,38.68854271
1189,18S:1189,A,2,108.5,65,1181,34.68608133
1190,18S:1190,A,2,112,65,1182,31.93633288
1191,18S:1191,C,2,115.5,65,1183,28.31771737
1192,18S:1192,U,2,119,65,1184,22.15358016
1193,18S:1193,U,2,122.5,65,1185,18.46109306
1194,18S:1194,A,2,126,65,1186,19.6789486
1195,18S:1195,A,2,129.5,65,1187,21.37418525
1196,18S:1196,A,2,133,65,1188,23.72863287
1197,18S:1197,G,2,136.5,65,1189,25.33505133
1198,18S:1198,G,2,140,65,1190,31.07267528
1199,18S:1199,A,2,143.5,65,1191,36.26199009
1200,18S:1200,A,2,147,65,1192,39.49406636
1201,18S:1201,U,2,150.5,65,1193,40.84750427
1202,18S:1202,U,2,154,65,1194,40.24890708
1203,18S:1203,G,2,157.5,65,1195,38.19936359
1204,18S:1204,A,2,161,65,1196,34.46775637
1205,18S:1205,C,2,164.5,65,1197,31.44103974
1206,18S:1206,G,2,168,65,1198,31.40069194
1207,18S:1207,G,2,171.5,65,1199,34.64507808
1208,18S:1208,A,2,175,65,1200,36.25843842
1209,18S:1209,A,2,178.5,65,1201,42.68220906
1210,18S:1210,G,2,182,65,1202,47.2857351
1211,18S:1211,G,2,185.5,65,1203,51.4698178
1212,18S:1212,G,2,189,65,1204,53.90066414
1213,18S:1213,C,2,192.5,65,1205,54.39926871
1214,18S:1214,A,2,196,65,1206,54.50060479
1215,18S:1215,C,2,199.5,65,1207,54.72149455
1216,18S:1216,C,2,203,65,1208,49.9071244
1217,18S:1217,A,2,206.5,65,1209,45.25705476
1218,18S:1218,C,2,210,65,1210,49.88175547
1219,18S:1219,C,2,213.5,65,1211,54.73160635
1220,18S:1220,A,2,217,65,1212,60.18916069
1221,18S:1221,G,2,220.5,65,1213,64.5429935
1222,18S:1222,G,2,224,65,1214,63.79731534
1223,18S:1223,A,2,227.5,65,1215,64.64949266
1224,18S:1224,G,2,231,65,1216,62.51989834
1225,18S:1225,U,2,234.5,65,1217,57.42733987
1226,18S:1226,G,2,238,65,1218,53.07062884
1227,18S:1227,G,2,241.5,65,1219,51.23681896
1228,18S:1228,A,2,245,65,1220,53.63027051
1229,18S:1229,G,2,248.5,65,1221,55.90715382
1230,18S:1230,C,2,252,65,1222,56.48970339
1231,18S:1231,C,2,255.5,65,1223,55.02374169
1232,18S:1232,U,2,259,65,1224,51.804025
1233,18S:1233,G,2,262.5,65,1225,46.81094353
1234,18S:1234,C,2,266,65,1226,40.54576636
1235,18S:1235,G,2,269.5,65,1227,36.53728675
1236,18S:1236,G,2,273,65,1228,33.97541956
1237,18S:1237,C,2,276.5,65,1229,34.29149138
1238,18S:1238,U,2,280,65,1230,37.57834331
1239,18S:1239,U,2,283.5,65,1231,41.07909275
1240,18S:1240,A,2,287,65,1232,42.46364595
1241,18S:1241,A,2,290.5,65,1233,38.24772613
1242,18S:1242,U,2,294,65,1234,37.28122338
1243,18S:1243,U,2,297.5,65,1235,40.21529474
1244,18S:1244,U,2,301,65,1236,34.93533463
1245,18S:1245,G,2,304.5,65,1237,30.95741649
1246,18S:1246,A,2,308,65,1238,29.05698825
1247,18S:1247,C,2,0,70,1239,29.82657382
1248,18S:1248,U,2,3.5,70,1240,30.59175021
1249,18S:1249,C,2,7,70,1241,36.14966832
1250,18S:1250,A,2,10.5,70,1242,39.96617534
1251,18S:1251,A,2,14,70,1243,35.3240183
1252,18S:1252,C,2,17.5,70,1244,39.41274192
1253,18S:1253,A,2,21,70,1245,43.30421861
1254,18S:1254,C,2,24.5,70,1246,47.03840853
1255,18S:1255,G,2,28,70,1247,44.89438635
1256,18S:1256,G,2,31.5,70,1248,44.15796989
1257,18S:1257,G,2,35,70,1249,49.81860538
1258,18S:1258,A,2,38.5,70,1250,48.52118433
1259,18S:1259,A,2,42,70,1251,51.78078158
1260,18S:1260,A,2,45.5,70,1252,54.0638564
1261,18S:1261,C,2,49,70,1253,51.68257468
1262,18S:1262,C,2,52.5,70,1254,50.83801925
1263,18S:1263,U,2,56,70,1255,49.4703593
1264,18S:1264,C,2,59.5,70,1256,44.8734231
1265,18S:1265,A,2,63,70,1257,43.64503305
1266,18S:1266,C,2,66.5,70,1258,38.09517792
1267,18S:1267,C,2,70,70,1259,38.35450375
1268,18S:1268,C,2,73.5,70,1260,42.21422194
1269,18S:1269,G,2,77,70,1261,46.10943943
1270,18S:1270,G,2,80.5,70,1262,49.33823071
1271,18S:1271,C,2,84,70,1263,51.79225202
1272,18S:1272,C,2,87.5,70,1264,54.08226184
1273,18S:1273,C,2,91,70,1265,54.60340907
1274,18S:1274,G,2,94.5,70,1266,53.27311388
1275,18S:1275,G,2,98,70,1267,49.12557937
1276,18S:1276,A,2,101.5,70,1268,50.54216114
1277,18S:1277,C,2,105,70,1269,53.44575718
1278,18S:1278,A,2,108.5,70,1270,54.1588538
1279,18S:1279,C,2,112,70,1271,55.52251188
1280,18S:1280,G,2,115.5,70,1272,57.20483209
1281,18S:1281,G,2,119,70,1273,59.0103849
1282,18S:1282,A,2,122.5,70,1274,61.24048437
1283,18S:1283,C,2,126,70,1275,63.79040871
1284,18S:1284,A,2,129.5,70,1276,68.88118119
1285,18S:1285,G,2,133,70,1277,75.14823321
1286,18S:1286,G,2,136.5,70,1278,72.1717163
1287,18S:1287,A,2,140,70,1279,66.3437516
1288,18S:1288,U,2,143.5,70,1280,60.7544576
1289,18S:1289,U,2,147,70,1281,60.03482254
1290,18S:1290,G,2,150.5,70,1282,61.30285521
1291,18S:1291,A,2,154,70,1283,64.39660326
1292,18S:1292,C,2,157.5,70,1284,67.80993398
1293,18S:1293,A,2,161,70,1285,71.8503074
1294,18S:1294,G,2,164.5,70,1286,73.82454577
1295,18S:1295,A,2,168,70,1287,71.49642378
1296,18S:1296,U,2,171.5,70,1288,67.5644649
1297,18S:1297,U,2,175,70,1289,61.97197116
1298,18S:1298,G,2,178.5,70,1290,59.38412284
1299,18S:1299,A,2,182,70,1291,63.54696192
1300,18S:1300,U,2,185.5,70,1292,65.479135
1301,18S:1301,A,2,189,70,1293,63.78504622
1302,18S:1302,G,2,192.5,70,1294,64.3036394
1303,18S:1303,C,2,196,70,1295,60.49304231
1304,18S:1304,U,2,199.5,70,1296,58.27349943
1305,18S:1305,C,2,203,70,1297,60.07613045
1306,18S:1306,U,2,206.5,70,1298,65.38078077
1307,18S:1307,U,2,210,70,1299,71.00709946
1308,18S:1308,U,2,213.5,70,1300,75.57374662
1309,18S:1309,C,2,217,70,1301,77.21585445
1310,18S:1310,U,2,220.5,70,1302,76.46604395
1311,18S:1311,C,2,224,70,1303,74.23398094
1312,18S:1312,G,2,227.5,70,1304,71.88057252
1313,18S:1313,A,2,231,70,1305,68.37378503
1314,18S:1314,U,2,234.5,70,1306,63.16834914
1315,18S:1315,U,2,238,70,1307,57.38645236
1316,18S:1316,C,2,241.5,70,1308,54.54325352
1317,18S:1317,C,2,245,70,1309,52.79106866
1318,18S:1318,G,2,248.5,70,1310,49.59524354
1319,18S:1319,U,2,252,70,1311,45.60551877
1320,18S:1320,G,2,255.5,70,1312,41.85727754
1321,18S:1321,G,2,259,70,1313,39.63621633
1322,18S:1322,G,2,262.5,70,1314,39.74026136
1323,18S:1323,U,2,266,70,1315,41.76797813
1324,18S:1324,G,2,269.5,70,1316,42.72523883
1325,18S:1325,G,2,273,70,1317,41.37093338
1326,18S:1326,U,2,276.5,70,1318,39.12590045
1327,18S:1327,G,2,280,70,1319,37.47337429
1328,18S:1328,G,2,283.5,70,1320,31.67839331
1329,18S:1329,U,2,287,70,1321,26.87336808
1330,18S:1330,G,2,290.5,70,1322,24.18921003
1331,18S:1331,C,2,294,70,1323,25.10684883
1332,18S:1332,A,2,297.5,70,1324,22.40992996
1333,18S:1333,U,2,301,70,1325,24.28002449
1334,18S:1334,G,2,304.5,70,1326,30.93178136
1335,18S:1335,G,2,308,70,1327,36.41468881
1336,18S:1336,C,2,0,75,1328,41.00774193
1337,18S:1337,C,2,3.5,75,1329,42.66766389
1338,18S:1338,G,2,7,75,1330,41.88704341
1339,18S:1339,U,2,10.5,75,1331,40.98299736
1340,18S:1340,U,2,14,75,1332,40.11648366
1341,18S:1341,C,2,17.5,75,1333,41.24243123
1342,18S:1342,U,2,21,75,1334,45.19798197
1343,18S:1343,U,2,24.5,75,1335,49.05556233
1344,18S:1344,A,2,28,75,1336,48.81111893
1345,18S:1345,G,2,31.5,75,1337,46.8992354
1346,18S:1346,U,2,35,75,1338,42.91022334
1347,18S:1347,U,2,38.5,75,1339,42.64503983
1348,18S:1348,G,2,42,75,1340,44.63201833
1349,18S:1349,G,2,45.5,75,1341,48.94209277
1350,18S:1350,U,2,49,75,1342,53.27850281
1351,18S:1351,G,2,52.5,75,1343,55.99429961
1352,18S:1352,G,2,56,75,1344,57.28083701
1353,18S:1353,A,2,59.5,75,1345,56.65480723
1354,18S:1354,G,2,63,75,1346,53.25455477
1355,18S:1355,C,2,66.5,75,1347,49.57762445
1356,18S:1356,G,2,70,75,1348,46.45574338
1357,18S:1357,A,2,73.5,75,1349,42.61265731
1358,18S:1358,U,2,77,75,1350,39.23918554
1359,18S:1359,U,2,80.5,75,1351,41.92508654
1360,18S:1360,U,2,84,75,1352,46.42351711
1361,18S:1361,G,2,87.5,75,1353,51.50496126
1362,18S:1362,U,2,91,75,1354,54.57661384
1363,18S:1363,C,2,94.5,75,1355,50.87021643
1364,18S:1364,U,2,98,75,1356,52.00986749
1365,18S:1365,G,2,101.5,75,1357,56.30480642
1366,18S:1366,G,2,105,75,1358,59.79137205
1367,18S:1367,U,2,108.5,75,1359,62.02827375
1368,18S:1368,U,2,112,75,1360,62.12877923
1369,18S:1369,A,2,115.5,75,1361,59.59262957
1370,18S:1370,A,2,119,75,1362,54.68228352
1371,18S:1371,U,2,122.5,75,1363,52.19301596
1372,18S:1372,U,2,126,75,1364,53.41076371
1373,18S:1373,C,2,129.5,75,1365,58.4536067
1374,18S:1374,C,2,133,75,1366,63.18083645
1375,18S:1375,G,2,136.5,75,1367,66.64313028
1376,18S:1376,A,2,140,75,1368,66.75890299
1377,18S:1377,U,2,143.5,75,1369,64.56897592
1378,18S:1378,A,2,147,75,1370,61.15362491
1379,18S:1379,A,2,150.5,75,1371,56.40791353
1380,18S:1380,C,2,154,75,1372,60.61561365
1381,18S:1381,G,2,157.5,75,1373,63.15092885
1382,18S:1382,A,2,161,75,1374,62.25003766
1383,18S:1383,A,2,164.5,75,1375,58.39062169
1384,18S:1384,C,2,168,75,1376,54.52280826
1385,18S:1385,G,2,171.5,75,1377,51.2279132
1386,18S:1386,A,2,175,75,1378,51.12046124
1387,18S:1387,G,2,178.5,75,1379,54.86190636
1388,18S:1388,A,2,182,75,1380,60.44241799
1389,18S:1389,C,2,185.5,75,1381,63.75902629
1390,18S:1390,U,2,189,75,1382,63.92324615
1391,18S:1391,C,2,192.5,75,1383,64.53362331
1392,18S:1392,U,2,196,75,1384,65.83148418
1393,18S:1393,G,2,199.5,75,1385,68.53727185
1394,18S:1394,G,2,203,75,1386,72.78056743
1395,18S:1395,C,2,206.5,75,1387,77.79973564
1396,18S:1396,A,2,210,75,1388,82.40109371
1397,18S:1397,U,2,213.5,75,1389,86.85772418
1398,18S:1398,G,2,217,75,1390,91.51903895
1399,18S:1399,C,2,220.5,75,1391,89.60271863
1400,18S:1400,U,2,224,75,1392,89.99228639
1401,18S:1401,A,2,227.5,75,1393,89.59722887
1402,18S:1402,A,2,231,75,1394,89.85258612
1403,18S:1403,C,2,234.5,75,1395,89.81288899
1404,18S:1404,U,2,238,75,1396,87.18138001
1405,18S:1405,A,2,241.5,75,1397,85.37925599
1406,18S:1406,G,2,245,75,1398,85.9842012
1407,18S:1407,U,2,248.5,75,1399,89.95973663
1408,18S:1408,U,2,252,75,1400,94.21464755
1409,18S:1409,A,2,255.5,75,1401,99.75265531
1410,18S:1410,C,2,259,75,1402,105.0131458
1411,18S:1411,G,2,262.5,75,1403,109.2066266
1412,18S:1412,C,2,266,75,1404,110.99461
1413,18S:1413,G,2,269.5,75,1405,110.3784094
1414,18S:1414,A,2,273,75,1406,112.12911
1415,18S:1415,C,2,276.5,75,1407,110.667014
1416,18S:1416,C,2,280,75,1408,109.0617288
1417,18S:1417,C,2,283.5,75,1409,110.0006016
1418,18S:1418,C,2,287,75,1410,111.6881889
1419,18S:1419,C,2,290.5,75,1411,109.8084373
1420,18S:1420,G,2,294,75,1412,111.2020224
1421,18S:1421,A,2,297.5,75,1413,115.1899114
1422,18S:1422,G,2,301,75,1414,119.8054724
1423,18S:1423,C,2,304.5,75,1415,123.7246786
1424,18S:1424,G,2,308,75,1416,120.7927164
1425,18S:1425,G,2,0,80,1417,119.0592547
1426,18S:1426,U,2,3.5,80,1418,119.6430488
1427,18S:1427,C,2,7,80,1419,116.2270802
1428,18S:1428,G,2,10.5,80,1420,112.255098
1429,18S:1429,G,2,14,80,1421,106.9757617
1430,18S:1430,C,2,17.5,80,1422,101.9468312
1431,18S:1431,G,2,21,80,1423,97.42726699
1432,18S:1432,U,2,24.5,80,1424,94.58521048
1433,18S:1433,C,2,28,80,1425,94.36380434
1434,18S:1434,C,2,31.5,80,1426,97.1454453
1435,18S:1435,C,2,35,80,1427,100.3436536
1436,18S:1436,C,2,38.5,80,1428,98.66529993
1437,18S:1437,C,2,42,80,1429,101.9831057
1438,18S:1438,A,2,45.5,80,1430,101.4086819
1439,18S:1439,A,2,49,80,1431,101.1779849
1440,18S:1440,C,2,52.5,80,1432,98.01743353
1441,18S:1441,U,2,56,80,1433,93.58228855
1442,18S:1442,U,2,59.5,80,1434,88.14434878
1443,18S:1443,C,2,63,80,1435,85.08983518
1444,18S:1444,U,2,66.5,80,1436,81.36864901
1445,18S:1445,U,2,70,80,1437,78.00356826
1446,18S:1446,A,2,73.5,80,1438,75.20027911
1447,18S:1447,G,2,77,80,1439,73.35773899
1448,18S:1448,A,2,80.5,80,1440,74.1875175
1449,18S:1449,G,2,84,80,1441,78.28779564
1450,18S:1450,G,2,87.5,80,1442,78.26309648
1451,18S:1451,G,2,91,80,1443,78.85556216
1452,18S:1452,A,2,94.5,80,1444,77.48566271
1453,18S:1453,C,2,98,80,1445,70.70979412
1454,18S:1454,A,2,101.5,80,1446,69.74714854
1455,18S:1455,A,2,105,80,1447,74.81586111
1456,18S:1456,G,2,108.5,80,1448,79.72204142
1457,18S:1457,U,2,112,80,1449,83.71501573
1458,18S:1458,G,2,115.5,80,1450,85.19207321
1459,18S:1459,G,2,119,80,1451,83.65771484
1460,18S:1460,C,2,122.5,80,1452,79.83485533
1461,18S:1461,G,2,126,80,1453,75.26806564
1462,18S:1462,U,2,129.5,80,1454,72.23694632
1463,18S:1463,U,2,133,80,1455,74.29440451
1464,18S:1464,C,2,136.5,80,1456,76.2465598
1465,18S:1465,A,2,140,80,1457,71.43920426
1466,18S:1466,G,2,143.5,80,1458,66.78492394
1467,18S:1467,C,2,147,80,1459,66.7561206
1468,18S:1468,C,2,150.5,80,1460,68.37474325
1469,18S:1469,A,2,154,80,1461,72.67416139
1470,18S:1470,C,2,157.5,80,1462,78.18384418
1471,18S:1471,C,2,161,80,1463,82.45123117
1472,18S:1472,C,2,164.5,80,1464,85.51722469
1473,18S:1473,G,2,168,80,1465,85.83330245
1474,18S:1474,A,2,171.5,80,1466,81.07288486
1475,18S:1475,G,2,175,80,1467,75.13138666
1476,18S:1476,A,2,178.5,80,1468,72.45651624
1477,18S:1477,U,2,182,80,1469,69.80202834
1478,18S:1478,U,2,185.5,80,1470,66.54077774
1479,18S:1479,G,2,189,80,1471,62.70722824
1480,18S:1480,A,2,192.5,80,1472,57.46554434
1481,18S:1481,G,2,196,80,1473,53.24669009
1482,18S:1482,C,2,199.5,80,1474,50.96719323
1483,18S:1483,A,2,203,80,1475,48.4108305
1484,18S:1484,A,2,206.5,80,1476,44.09513052
1485,18S:1485,U,2,210,80,1477,42.32317726
1486,18S:1486,A,2,213.5,80,1478,38.49794365
1487,18S:1487,A,2,217,80,1479,32.71185103
1488,18S:1488,C,2,220.5,80,1480,27.60950405
1489,18S:1489,A,2,224,80,1481,25.04466947
1490,18S:1490,G,2,227.5,80,1482,26.53648758
1491,18S:1491,G,2,231,80,1483,28.30299424
1492,18S:1492,U,2,234.5,80,1484,30.97921402
1493,18S:1493,C,2,238,80,1485,33.20545791
1494,18S:1494,U,2,241.5,80,1486,35.21905128
1495,18S:1495,G,2,245,80,1487,38.79732929
1496,18S:1496,U,2,248.5,80,1488,40.76147414
1497,18S:1497,G,2,252,80,1489,41.39236802
1498,18S:1498,A,2,255.5,80,1490,43.6189941
1499,18S:1499,U,2,259,80,1491,39.03723815
1500,18S:1500,G,2,262.5,80,1492,34.26357297
1501,18S:1501,C,2,266,80,1493,30.73623274
1502,18S:1502,C,2,269.5,80,1494,27.85684623
1503,18S:1503,C,2,273,80,1495,26.92964081
1504,18S:1504,U,2,276.5,80,1496,30.04822793
1505,18S:1505,U,2,280,80,1497,35.80306815
1506,18S:1506,A,2,283.5,80,1498,40.67482548
1507,18S:1507,G,2,287,80,1499,46.10608299
1508,18S:1508,A,2,290.5,80,1500,43.94665299
1509,18S:1509,U,2,294,80,1501,38.86706979
1510,18S:1510,G,2,297.5,80,1502,40.65900026
1511,18S:1511,U,2,301,80,1503,43.1662206
1512,18S:1512,C,2,304.5,80,1504,48.81259008
1513,18S:1513,C,2,308,80,1505,53.7034708
1514,18S:1514,G,2,0,85,1506,56.47372817
1515,18S:1515,G,2,3.5,85,1507,57.0057618
1516,18S:1516,G,2,7,85,1508,54.72488685
1517,18S:1517,G,2,10.5,85,1509,50.88997061
1518,18S:1518,C,2,14,85,1510,47.08243653
1519,18S:1519,U,2,17.5,85,1511,44.75421792
1520,18S:1520,G,2,21,85,1512,47.30843554
1521,18S:1521,C,2,24.5,85,1513,50.1610371
1522,18S:1522,A,2,28,85,1514,50.99443899
1523,18S:1523,C,2,31.5,85,1515,50.11678727
1524,18S:1524,G,2,35,85,1516,47.14104391
1525,18S:1525,C,2,38.5,85,1517,45.35688717
1526,18S:1526,G,2,42,85,1518,45.02640804
1527,18S:1527,C,2,45.5,85,1519,47.09456047
1528,18S:1528,G,2,49,85,1520,50.92560454
1529,18S:1529,C,2,52.5,85,1521,56.58750797
1530,18S:1530,U,2,56,85,1522,61.68232762
1531,18S:1531,A,2,59.5,85,1523,66.03324347
1532,18S:1532,C,2,63,85,1524,68.53314092
1533,18S:1533,A,2,66.5,85,1525,70.45328728
1534,18S:1534,C,2,70,85,1526,74.98783713
1535,18S:1535,U,2,73.5,85,1527,80.19805552
1536,18S:1536,G,2,77,85,1528,77.25050807
1537,18S:1537,A,2,80.5,85,1529,74.51211575
1538,18S:1538,C,2,84,85,1530,76.06936746
1539,18S:1539,U,2,87.5,85,1531,80.60749728
1540,18S:1540,G,2,91,85,1532,85.21111511
1541,18S:1541,G,2,94.5,85,1533,88.58740526
1542,18S:1542,C,2,98,85,1534,88.13707698
1543,18S:1543,U,2,101.5,85,1535,88.87469631
1544,18S:1544,C,2,105,85,1536,85.61636555
1545,18S:1545,A,2,108.5,85,1537,81.29743876
1546,18S:1546,G,2,112,85,1538,76.84801331
1547,18S:1547,C,2,115.5,85,1539,72.1668238
1548,18S:1548,G,2,119,85,1540,67.33399958
1549,18S:1549,U,2,122.5,85,1541,66.1422864
1550,18S:1550,G,2,126,85,1542,66.16440327
1551,18S:1551,U,2,129.5,85,1543,68.65811023
1552,18S:1552,G,2,133,85,1544,70.04445367
1553,18S:1553,C,2,136.5,85,1545,71.27314297
1554,18S:1554,C,2,140,85,1546,64.90048494
1555,18S:1555,U,2,143.5,85,1547,60.7058105
1556,18S:1556,A,2,147,85,1548,64.09923677
1557,18S:1557,C,2,150.5,85,1549,65.13231633
1558,18S:1558,C,2,154,85,1550,70.34529576
1559,18S:1559,C,2,157.5,85,1551,69.63536843
1560,18S:1560,U,2,161,85,1552,72.23412424
1561,18S:1561,A,2,164.5,85,1553,78.82699643
1562,18S:1562,C,2,168,85,1554,83.70835319
1563,18S:1563,G,2,171.5,85,1555,89.05247105
1564,18S:1564,C,2,175,85,1556,92.05608896
1565,18S:1565,C,2,178.5,85,1557,92.3937801
1566,18S:1566,G,2,182,85,1558,90.38651267
1567,18S:1567,G,2,185.5,85,1559,87.5756903
1568,18S:1568,C,2,189,85,1560,83.80229883
1569,18S:1569,A,2,192.5,85,1561,77.7894506
1570,18S:1570,G,2,196,85,1562,73.64644185
1571,18S:1571,G,2,199.5,85,1563,76.03227085
1572,18S:1572,C,2,203,85,1564,79.62566515
1573,18S:1573,G,2,206.5,85,1565,83.83395621
1574,18S:1574,C,2,210,85,1566,87.12442434
1575,18S:1575,G,2,213.5,85,1567,88.25965181
1576,18S:1576,G,2,217,85,1568,86.66134738
1577,18S:1577,G,2,220.5,85,1569,84.31399875
1578,18S:1578,U,2,224,85,1570,80.29435707
1579,18S:1579,A,2,227.5,85,1571,76.94502836
1580,18S:1580,A,2,231,85,1572,76.5819518
1581,18S:1581,C,2,234.5,85,1573,79.68831774
1582,18S:1582,C,2,238,85,1574,84.41625458
1583,18S:1583,C,2,241.5,85,1575,82.91114392
1584,18S:1584,G,2,245,85,1576,79.93310032
1585,18S:1585,U,2,248.5,85,1577,83.36042347
1586,18S:1586,U,2,252,85,1578,80.34698325
1587,18S:1587,G,2,255.5,85,1579,80.34223989
1588,18S:1588,A,2,259,85,1580,80.39176598
1589,18S:1589,A,2,262.5,85,1581,77.8297537
1590,18S:1590,C,2,266,85,1582,76.21117532
1591,18S:1591,C,2,269.5,85,1583,75.36429937
1592,18S:1592,C,2,273,85,1584,79.74605566
1593,18S:1593,C,2,276.5,85,1585,84.91320871
1594,18S:1594,A,2,280,85,1586,90.33853877
1595,18S:1595,U,2,283.5,85,1587,93.25080989
1596,18S:1596,U,2,287,85,1588,91.96679869
1597,18S:1597,C,2,290.5,85,1589,89.42439913
1598,18S:1598,G,2,294,85,1590,85.07408901
1599,18S:1599,U,2,297.5,85,1591,83.89940247
1600,18S:1600,G,2,301,85,1592,79.19741306
1601,18S:1601,A,2,304.5,85,1593,74.66698937
1602,18S:1602,U,2,308,85,1594,74.95927847
1603,18S:1603,G,2,0,90,1595,76.62382781
1604,18S:1604,G,2,3.5,90,1596,74.70549778
1605,18S:1605,G,2,7,90,1597,71.5851672
1606,18S:1606,G,2,10.5,90,1598,67.54318702
1607,18S:1607,A,2,14,90,1599,64.30693873
1608,18S:1608,U,2,17.5,90,1600,60.53905737
1609,18S:1609,C,2,21,90,1601,61.34416006
1610,18S:1610,G,2,24.5,90,1602,65.45410109
1611,18S:1611,G,2,28,90,1603,69.83992409
1612,18S:1612,G,2,31.5,90,1604,73.36313127
1613,18S:1613,G,2,35,90,1605,75.19450007
1614,18S:1614,A,2,38.5,90,1606,77.83152176
1615,18S:1615,U,2,42,90,1607,75.01103826
1616,18S:1616,U,2,45.5,90,1608,71.4152437
1617,18S:1617,G,2,49,90,1609,68.45719849
1618,18S:1618,C,2,52.5,90,1610,66.74312361
1619,18S:1619,A,2,56,90,1611,66.92533585
1620,18S:1620,A,2,59.5,90,1612,65.00415021
1621,18S:1621,U,2,63,90,1613,63.60323408
1622,18S:1622,U,2,66.5,90,1614,59.89998426
1623,18S:1623,A,2,70,90,1615,57.13684475
1624,18S:1624,U,2,73.5,90,1616,61.49150147
1625,18S:1625,U,2,77,90,1617,60.65992092
1626,18S:1626,C,2,80.5,90,1618,64.5310698
1627,18S:1627,C,2,84,90,1619,69.80273594
1628,18S:1628,C,2,87.5,90,1620,75.49211104
1629,18S:1629,C,2,91,90,1621,77.87099872
1630,18S:1630,A,2,94.5,90,1622,78.50708618
1631,18S:1631,U,2,98,90,1623,76.53934205
1632,18S:1632,G,2,101.5,90,1624,74.09269192
1633,18S:1633,A,2,105,90,1625,70.00519354
1634,18S:1634,A,2,108.5,90,1626,66.54221724
1635,18S:1635,C,2,112,90,1627,63.05801432
1636,18S:1636,G,2,115.5,90,1628,63.65208614
1637,18S:1637,A,2,119,90,1629,65.98474176
1638,18S:1638,G,2,122.5,90,1630,61.52868427
1639,18S:1639,G,2,126,90,1631,57.10595502
1640,18S:1640,A,2,129.5,90,1632,53.48008274
1641,18S:1641,A,2,133,90,1633,48.87443006
1642,18S:1642,U,2,136.5,90,1634,46.12296927
1643,18S:1643,U,2,140,90,1635,46.95686236
1644,18S:1644,C,2,143.5,90,1636,47.76201069
1645,18S:1645,C,2,147,90,1637,51.97643891
1646,18S:1646,C,2,150.5,90,1638,57.4146224
1647,18S:1647,A,2,154,90,1639,63.25267465
1648,18S:1648,G,2,157.5,90,1640,67.52460432
1649,18S:1649,U,2,161,90,1641,63.82179751
1650,18S:1650,A,2,164.5,90,1642,60.77058254
1651,18S:1651,A,2,168,90,1643,59.581367
1652,18S:1652,G,2,171.5,90,1644,62.60078087
1653,18S:1653,U,2,175,90,1645,66.40908435
1654,18S:1654,G,2,178.5,90,1646,68.81306925
1655,18S:1655,C,2,182,90,1647,69.21246927
1656,18S:1656,G,2,185.5,90,1648,68.51837305
1657,18S:1657,G,2,189,90,1649,65.95056301
1658,18S:1658,G,2,192.5,90,1650,61.21180449
1659,18S:1659,U,2,196,90,1651,56.90270711
1660,18S:1660,C,2,199.5,90,1652,55.20148481
1661,18S:1661,A,2,203,90,1653,59.61335771
1662,18S:1662,U,2,206.5,90,1654,64.31240944
1663,18S:1663,A,2,210,90,1655,64.757644
1664,18S:1664,A,2,213.5,90,1656,62.858474
1665,18S:1665,G,2,217,90,1657,61.28741526
1666,18S:1666,C,2,220.5,90,1658,56.68106241
1667,18S:1667,U,2,224,90,1659,52.91725364
1668,18S:1668,U,2,227.5,90,1660,52.46564404
1669,18S:1669,G,2,231,90,1661,54.95062151
1670,18S:1670,C,2,234.5,90,1662,61.93113122
1671,18S:1671,G,2,238,90,1663,67.25198196
1672,18S:1672,U,2,241.5,90,1664,72.5488443
1673,18S:1673,U,2,245,90,1665,75.81404765
1674,18S:1674,G,2,248.5,90,1666,76.02477676
1675,18S:1675,A,2,252,90,1667,73.48098508
1676,18S:1676,U,2,255.5,90,1668,71.88130018
1677,18S:1677,U,2,259,90,1669,70.76880733
1678,18S:1678,A,2,262.5,90,1670,67.5930369
1679,18S:1679,A,2,266,90,1671,66.39566694
1680,18S:1680,G,2,269.5,90,1672,65.86127514
1681,18S:1681,U,2,273,90,1673,60.83820169
1682,18S:1682,C,2,276.5,90,1674,56.29867625
1683,18S:1683,C,2,280,90,1675,51.48621549
1684,18S:1684,C,2,283.5,90,1676,47.79459285
1685,18S:1685,U,2,287,90,1677,43.33534835
1686,18S:1686,G,2,290.5,90,1678,39.75253235
1687,18S:1687,C,2,294,90,1679,37.90351895
1688,18S:1688,C,2,297.5,90,1680,38.43483875
1689,18S:1689,C,2,301,90,1681,40.9049735
1690,18S:1690,U,2,304.5,90,1682,43.58358279
1691,18S:1691,U,2,308,90,1683,44.58876659
1692,18S:1692,U,2,0,95,1684,43.68113594
1693,18S:1693,G,2,3.5,95,1685,39.91880195
1694,18S:1694,U,2,7,95,1686,35.11644813
1695,18S:1695,A,2,10.5,95,1687,29.93378656
1696,18S:1696,C,2,14,95,1688,23.8263715
1697,18S:1697,A,2,17.5,95,1689,21.14614691
1698,18S:1698,C,2,21,95,1690,22.3776291
1699,18S:1699,A,2,24.5,95,1691,20.91711993
1700,18S:1700,C,2,28,95,1692,25.36786095
1701,18S:1701,C,2,31.5,95,1693,24.65653277
1702,18S:1702,G,2,35,95,1694,18.32860033
1703,18S:1703,C,2,38.5,95,1695,16.64814167
1704,18S:1704,C,2,42,95,1696,16.94123921
1705,18S:1705,C,2,45.5,95,1697,17.6593144
1706,18S:1706,G,2,49,95,1698,18.96241011
1707,18S:1707,U,2,52.5,95,1699,19.74844627
1708,18S:1708,C,2,56,95,1700,21.13685901
1709,18S:1709,G,2,59.5,95,1701,19.7062159
1710,18S:1710,C,2,63,95,1702,17.65621049
1711,18S:1711,U,2,66.5,95,1703,16.55014852
1712,18S:1712,A,2,70,95,1704,17.95012493
1713,18S:1713,C,2,73.5,95,1705,21.19277014
1714,18S:1714,U,2,77,95,1706,25.21742394
1715,18S:1715,A,2,80.5,95,1707,29.51529842
1716,18S:1716,C,2,84,95,1708,33.82502435
1717,18S:1717,C,2,87.5,95,1709,36.87997728
1718,18S:1718,G,2,91,95,1710,39.87070361
1719,18S:1719,A,2,94.5,95,1711,42.71264141
1720,18S:1720,U,2,98,95,1712,47.68015689
1721,18S:1721,U,2,101.5,95,1713,50.70050881
1722,18S:1722,G,2,105,95,1714,48.12603297
1723,18S:1723,G,2,108.5,95,1715,50.46212323
1724,18S:1724,A,2,112,95,1716,52.007077
1725,18S:1725,U,2,115.5,95,1717,53.74559094
1726,18S:1726,G,2,119,95,1718,56.28271842
1727,18S:1727,G,2,122.5,95,1719,59.792085
1728,18S:1728,U,2,126,95,1720,63.52601625
1729,18S:1729,U,2,129.5,95,1721,67.30225391
1730,18S:1730,U,2,133,95,1722,69.96385688
1731,18S:1731,A,2,136.5,95,1723,73.98401267
1732,18S:1732,G,2,140,95,1724,77.07145799
1733,18S:1733,U,2,143.5,95,1725,79.04848857
1734,18S:1734,G,2,147,95,1726,80.49877993
1735,18S:1735,A,2,150.5,95,1727,81.25923064
1736,18S:1736,G,2,154,95,1728,82.6175875
1737,18S:1737,G,2,157.5,95,1729,85.13929646
1738,18S:1738,C,2,161,95,1730,88.18692355
1739,18S:1739,C,2,164.5,95,1731,91.32647144
1740,18S:1740,C,2,168,95,1732,95.30888754
1741,18S:1741,U,2,171.5,95,1733,99.36337724
1742,18S:1742,C,2,175,95,1734,103.4187558
1743,18S:1743,G,2,178.5,95,1735,105.8289219
1744,18S:1744,G,2,182,95,1736,107.0681851
1745,18S:1745,A,2,185.5,95,1737,108.121106
1746,18S:1746,U,2,189,95,1738,107.7579586
1747,18S:1747,C,2,192.5,95,1739,111.2514329
1748,18S:1748,G,2,196,95,1740,114.8563169
1749,18S:1749,G,2,199.5,95,1741,118.9791304
1750,18S:1750,C,2,203,95,1742,122.4361975
1751,18S:1751,C,2,206.5,95,1743,126.7685469
1752,18S:1752,C,2,210,95,1744,131.4075683
1753,18S:1753,C,2,213.5,95,1745,135.1024348
1754,18S:1754,G,2,217,95,1746,138.9849003
1755,18S:1755,C,2,220.5,95,1747,141.8999829
1756,18S:1756,C,2,224,95,1748,144.3837155
1757,18S:1757,G,2,227.5,95,1749,145.297797
1758,18S:1758,G,2,231,95,1750,145.4961205
1759,18S:1759,G,2,234.5,95,1751,145.9241588
1760,18S:1760,G,2,238,95,1752,147.5466112
1761,18S:1761,U,2,241.5,95,1753,150.1720668
1762,18S:1762,C,2,245,95,1754,152.4095366
1763,18S:1763,G,2,248.5,95,1755,155.6342986
1764,18S:1764,G,2,252,95,1756,159.7068124
1765,18S:1765,C,2,255.5,95,1757,165.0164717
1766,18S:1766,C,2,259,95,1758,169.065939
1767,18S:1767,C,2,262.5,95,1759,168.1375189
1768,18S:1768,A,2,266,95,1760,161.4495826
1769,18S:1769,C,2,269.5,95,1761,157.0044001
1770,18S:1770,G,2,273,95,1762,152.7446848
1771,18S:1771,G,2,276.5,95,1763,148.6819308
1772,18S:1772,C,2,280,95,1764,144.4474513
1773,18S:1773,C,2,283.5,95,1765,140.894961
1774,18S:1774,C,2,287,95,1766,137.3262911
1775,18S:1775,U,2,290.5,95,1767,133.6518088
1776,18S:1776,G,2,294,95,1768,130.949721
1777,18S:1777,G,2,297.5,95,1769,130.2636091
1778,18S:1778,C,2,301,95,1770,130.5406329
1779,18S:1779,G,2,304.5,95,1771,128.3323743
1780,18S:1780,G,2,308,95,1772,126.8453586
1781,18S:1781,A,2,0,100,1773,125.5264705
1782,18S:1782,G,2,3.5,100,1774,124.6704181
1783,18S:1783,C,2,7,100,1775,123.5458994
1784,18S:1784,G,2,10.5,100,1776,120.0896704
1785,18S:1785,C,2,14,100,1777,120.812309
1786,18S:1786,U,2,17.5,100,1778,117.6019949
1787,18S:1787,G,2,21,100,1779,112.5245956
1788,18S:1788,A,2,24.5,100,1780,107.8851011
1789,18S:1789,G,2,28,100,1781,103.415397
1790,18S:1790,A,2,31.5,100,1782,100.0159375
1791,18S:1791,A,2,35,100,1783,95.4518209
1792,18S:1792,G,2,38.5,100,1784,92.39007214
1793,18S:1793,A,2,42,100,1785,92.42337431
1794,18S:1794,C,2,45.5,100,1786,93.33141382
1795,18S:1795,G,2,49,100,1787,92.71537613
1796,18S:1796,G,2,52.5,100,1788,89.18479022
1797,18S:1797,U,2,56,100,1789,85.13734998
1798,18S:1798,C,2,59.5,100,1790,81.37832096
1799,18S:1799,G,2,63,100,1791,76.15182209
1800,18S:1800,A,2,66.5,100,1792,72.13498004
1801,18S:1801,A,2,70,100,1793,68.09678894
1802,18S:1802,C,2,73.5,100,1794,66.5971019
1803,18S:1803,U,2,77,100,1795,65.83035875
1804,18S:1804,U,2,80.5,100,1796,64.22303155
1805,18S:1805,G,2,84,100,1797,61.72829863
1806,18S:1806,A,2,87.5,100,1798,59.22864128
1807,18S:1807,C,2,91,100,1799,58.25213189
1808,18S:1808,U,2,94.5,100,1800,55.49822404
1809,18S:1809,A,2,98,100,1801,51.48022648
1810,18S:1810,U,2,101.5,100,1802,47.35926835
1811,18S:1811,C,2,105,100,1803,43.08079881
1812,18S:1812,U,2,108.5,100,1804,39.41094068
1813,18S:1813,A,2,112,100,1805,37.36685883
1814,18S:1814,G,2,115.5,100,1806,35.78659463
1815,18S:1815,A,2,119,100,1807,33.97650357
1816,18S:1816,G,2,122.5,100,1808,32.01944692
1817,18S:1817,G,2,126,100,1809,29.91971539
1818,18S:1818,A,2,129.5,100,1810,29.01492724
1819,18S:1819,A,2,133,100,1811,26.43987334
1820,18S:1820,G,2,136.5,100,1812,23.80055279
1821,18S:1821,U,2,140,100,1813,20.75442346
1822,18S:1822,A,2,143.5,100,1814,17.23794895
1823,18S:1823,A,2,147,100,1815,13.46412496
1824,18S:1824,A,2,150.5,100,1816,10.84312621
1825,18S:1825,A,2,154,100,1817,6.515253871
1826,18S:1826,G,2,157.5,100,1818,5.83333781
1827,18S:1827,U,2,161,100,1819,10.44188206
1828,18S:1828,C,2,164.5,100,1820,16.1086771
1829,18S:1829,G,2,168,100,1821,20.27697512
1830,18S:1830,U,2,171.5,100,1822,23.80695331
1831,18S:1831,A,2,175,100,1823,25.99624023
1832,18S:1832,A,2,178.5,100,1824,28.68562417
1833,18S:1833,C,2,182,100,1825,30.27000695
1834,18S:1834,A,2,185.5,100,1826,31.45842103
1835,18S:1835,A,2,189,100,1827,35.2376735
1836,18S:1836,G,2,192.5,100,1828,33.19705972
1837,18S:1837,G,2,196,100,1829,30.44955975
1838,18S:1838,U,2,199.5,100,1830,34.57398175
1839,18S:1839,U,2,203,100,1831,37.95618998
1840,18S:1840,U,2,206.5,100,1832,33.99016577
1841,18S:1841,C,2,210,100,1833,31.5858083
1842,18S:1842,C,2,213.5,100,1834,34.27803329
1843,18S:1843,G,2,217,100,1835,37.59435384
1844,18S:1844,U,2,220.5,100,1836,41.12877253
1845,18S:1845,A,2,224,100,1837,42.53307131
1846,18S:1846,G,2,227.5,100,1838,41.9854899
1847,18S:1847,G,2,231,100,1839,40.14312824
1848,18S:1848,U,2,234.5,100,1840,36.26980036
1849,18S:1849,G,2,238,100,1841,32.15531911
1850,18S:1850,A,2,241.5,100,1842,28.23181351
1851,18S:1851,A,2,245,100,1843,26.18147563
1852,18S:1852,C,2,248.5,100,1844,25.98298068
1853,18S:1853,C,2,252,100,1845,31.23326019
1854,18S:1854,U,2,255.5,100,1846,36.33168972
1855,18S:1855,G,2,259,100,1847,42.15268225
1856,18S:1856,C,2,262.5,100,1848,47.35801497
1857,18S:1857,G,2,266,100,1849,50.23571448
1858,18S:1858,G,2,269.5,100,1850,50.56163911
1859,18S:1859,A,2,273,100,1851,48.39015508
1860,18S:1860,A,2,276.5,100,1852,46.61673417
1861,18S:1861,G,2,280,100,1853,43.21794594
1862,18S:1862,G,2,283.5,100,1854,38.21795905
1863,18S:1863,A,2,287,100,1855,38.2366392
1864,18S:1864,U,2,290.5,100,1856,43.45917663
1865,18S:1865,C,2,294,100,1857,47.90805111
1866,18S:1866,A,2,297.5,100,1858,53.11294284
1867,18S:1867,U,2,301,100,1859,58.1885104
1868,18S:1868,U,2,304.5,100,1860,61.77273004
1869,18S:1869,A,2,308,100,1861,66.70792458
