map_Index,resNum,resName,ChainID,X,Y,Xtal_Index,mean_tempFactor
int,varchar(6),varchar(3),char(1),"real(8,3)","real(8,3)",int,"real(8,3)"
1,1,U,2,270.771,377.881,1,113.985
2,2,A,2,270.713,374.1755,2,81.8936
3,3,U,2,270.655,370.4705,3,96.072
4,4,C,2,271.4305,366.9315,4,75.106
5,5,U,2,275.1895,368.299,5,79.086
6,6,G,2,278.9485,369.6675,6,72.6317
7,7,G,2,282.7075,371.0355,7,66.6852
8,8,U,2,286.466,372.4035,8,70.5865
9,9,U,2,289.265,375.569,9,72.877
10,10,G,2,297.3075,378.366,10,78.3022
11,11,A,2,300.1245,375.2525,11,75.4232
12,12,U,2,300.8555,371.659,12,75.333
13,13,C,2,300.3085,367.8445,13,77.624
14,14,C,2,297.836,364.425,14,67.2885
15,15,U,2,294.078,363.6115,15,65.376
16,16,G,2,289.8855,363.0065,16,62.6083
17,17,C,2,286.127,361.6385,17,57.7215
18,18,C,2,282.369,360.27,18,60.275
19,19,A,2,278.6095,358.902,19,67.0791
20,20,G,2,274.851,357.534,20,67.1039
21,21,U,2,270.2795,357.489,21,75.388
22,22,A,2,265.473,357.489,22,71.1736
23,23,G,2,262.6445,360.3175,23,76.2226
24,24,U,2,259.8165,363.1455,24,76.2695
25,25,C,2,260.2535,367.411,25,118.61
26,26,A,2,255.988,366.974,26,84.2145
27,27,U,2,253.1595,369.8025,27,77.956
28,28,A,2,250.331,372.631,28,72.3609
29,29,U,2,247.5025,375.4595,29,75.8375
30,30,G,2,244.674,378.288,30,70.3065
31,31,C,2,241.8455,381.116,31,83.1885
32,32,U,2,239.0175,383.9445,32,87.1655
33,33,U,2,236.4805,389.014,33,90.689
34,34,G,2,232.2715,392.812,34,83.8926
35,35,U,2,228.382,394.58,35,94.522
36,36,C,2,226.6145,398.469,36,89.038
37,37,U,2,222.7255,400.2365,37,78.856
38,38,C,2,220.9575,404.1255,38,92.4235
39,39,A,2,218.129,406.954,39,97.7041
40,40,A,2,214.769,410.3145,40,78.3477
41,41,A,2,210.8795,412.0825,41,71.8427
42,42,G,2,213.8315,414.114,42,61.2557
43,43,A,2,217.41,414.3745,43,64.3627
44,44,U,2,220.534,416.1395,44,62.422
45,45,U,2,222.6045,419.07,45,66.934
46,46,A,2,223.2245,422.604,46,57.0791
47,47,A,2,222.2745,426.064,47,60.8059
48,48,G,2,219.9375,428.787,48,59.0491
49,49,C,2,219.9375,432.787,49,60.4845
50,50,C,2,219.9375,436.787,50,66.993
51,51,A,2,222.9575,438.532,51,81.9777
52,52,U,2,219.9375,440.787,52,86.094
53,53,G,2,219.9375,444.787,53,73.0017
54,54,C,2,219.9375,448.787,54,70.663
55,55,A,2,223.545,450.0545,55,76.8891
56,56,U,2,226.8565,451.9665,56,72.578
57,57,G,2,229.758,454.4565,57,75.3765
58,58,U,2,233.222,452.4565,58,80.3475
59,59,C,2,233.856,449.2505,59,80.8595
60,60,U,2,236.115,446.889,60,85.4015
61,61,A,2,239.2895,446.113,61,100.7532
62,62,A,2,242.383,447.1665,62,96.7286
63,63,G,2,245.847,445.1665,63,85.9178
64,64,U,2,249.311,443.1665,64,93.3315
65,65,A,2,249.204,439.086,65,99.7145
66,66,U,2,251.211,435.531,66,111.305
67,67,A,2,254.7605,433.515,67,102.265
68,68,A,2,258.8415,433.611,68,103.8614
69,69,G,2,262.292,435.792,69,97.2657
70,70,C,2,265.756,433.792,70,97.7135
71,71,A,2,266.993,429.9885,71,118.8927
72,72,A,2,269.792,427.132,72,197.5309
73,73,U,2,273.5695,425.817,73,276.131
74,74,U,2,277.5375,426.319,74,281.42
75,75,U,2,280.8685,428.5325,75,215.3665
76,76,A,2,282.868,431.996,76,175.7386
77,77,U,2,283.119,435.988,77,148.3765
78,78,A,2,281.569,439.675,78,110.8695
79,79,C,2,278.542,442.2885,79,104.0135
80,80,A,2,274.668,443.284,80,112.0364
81,81,G,2,270.7555,442.453,81,108.867
82,82,U,2,267.2915,444.453,82,112.025
83,83,G,2,266.13,448.774,83,105.683
84,84,A,2,262.9505,451.9225,84,98.4168
85,85,A,2,258.618,453.0415,85,89.1477
86,86,A,2,254.3115,451.827,86,91.4936
87,87,C,2,250.847,453.827,87,81.42
88,88,U,2,247.383,455.827,88,79.8915
89,89,G,2,238.222,461.117,89,79.0874
90,90,C,2,234.758,463.117,90,77.1825
91,91,G,2,235.528,467.7685,91,69.2226
92,92,A,2,235.2205,472.4735,92,64.5795
93,93,A,2,233.8525,476.9855,93,65.3259
94,94,U,2,231.4955,481.0685,94,78.6225
95,95,G,2,228.272,484.5095,95,72.8778
96,96,G,2,224.351,487.128,96,71.7387
97,97,C,2,219.9375,488.787,97,61.553
98,98,U,2,219.9375,492.787,98,65.346
99,99,C,2,219.9375,496.787,99,63.62
100,100,A,2,222.694,500.728,100,61.2186
101,101,U,2,224.597,505.145,101,59.0655
102,102,U,2,225.5685,509.855,102,61.359
103,103,A,2,225.5685,514.664,103,62.4014
104,104,A,2,224.597,519.374,104,82.2655
105,105,A,2,222.694,523.791,105,73.1973
106,106,U,2,221.4375,528.232,106,69.6465
107,107,C,2,219.9375,532.232,107,58.7425
108,108,A,2,219.9375,536.232,108,64.8709
109,109,G,2,219.9375,540.232,109,70.6626
110,110,U,2,223.377,541.1955,110,72.3755
111,111,U,2,223.377,544.768,111,78.2635
112,112,A,2,219.9375,545.732,112,72.0705
113,113,U,2,219.9375,549.732,113,68.0515
114,114,C,2,222.4925,551.829,114,74.227
115,115,G,2,222.4925,555.1345,115,66.5709
116,116,U,2,219.9375,557.232,116,65.6425
117,117,U,2,219.9375,561.232,117,66.038
118,118,U,2,222.61,564.676,118,67.488
119,119,A,2,224.0225,568.8,119,73.5809
120,120,U,2,224.0225,573.159,120,84.117
121,121,U,2,222.61,577.283,121,85.0775
122,122,U,2,219.9375,580.727,122,88.272
123,123,G,2,219.9375,584.727,123,97.783
124,124,A,2,219.9375,588.727,124,96.815
125,125,U,2,222.637,592.2695,125,93.5915
126,126,A,2,226.6015,593.7695,126,98.2209
127,127,G,2,229.232,591.936,127,111.3565
128,128,U,2,231.877,589.0345,128,99.792
129,129,U,2,235.4255,586.8955,129,120.7015
130,130,C,2,239.0925,586.2875,130,129.695
131,131,C,2,242.2515,587.7415,131,172.871
132,132,U,2,244.419,591.0405,132,233.0785
133,133,U,2,244.1985,595.5415,133,229.744
134,134,U,2,241.7715,598.7855,134,282.4
135,135,A,2,238.728,599.9785,135,254.7114
136,136,C,2,235.399,601.4295,136,242.9095
137,137,U,2,231.268,602.263,137,204.4825
138,138,A,2,227.637,603.4295,138,121.1427
139,139,C,2,227.4375,608.227,139,106.6015
140,140,A,2,231.4375,608.227,140,113.1032
141,141,U,2,235.4375,608.227,141,100.8865
142,142,G,2,239.4375,608.227,142,115.3217
143,143,G,2,243.4375,606.727,143,95.9243
144,144,U,2,245.6055,604.047,144,91.943
145,145,A,2,248.7165,602.5625,145,112.0109
146,146,U,2,252.1635,602.5625,146,82.364
147,147,A,2,255.2745,604.047,147,83.5436
148,148,A,2,258.4425,606.727,148,87.2491
149,149,C,2,262.4425,608.227,149,82.06
150,150,U,2,266.4425,608.227,150,94.978
151,151,G,2,270.4425,606.727,151,97.4157
152,152,U,2,274.4425,608.227,152,107.8505
153,153,G,2,278.4425,608.227,153,90.1739
154,154,G,2,282.4425,608.227,154,89.9635
155,155,U,2,286.373,607.494,155,84.013
156,156,A,2,289.847,609.4725,156,82.0555
157,157,A,2,291.222,613.227,157,88.6127
158,158,U,2,289.847,616.981,158,90.327
159,159,U,2,286.373,618.9595,159,88.9835
160,160,C,2,282.4425,618.227,160,76.8565
161,161,U,2,278.4425,618.227,161,75.656
162,162,A,2,274.4425,618.227,162,76.8359
163,163,G,2,270.4425,619.727,163,83.4726
164,164,A,2,266.4425,618.227,164,83.4005
165,165,G,2,262.4425,618.227,165,97.6291
166,166,C,2,258.4425,619.727,166,96.02
167,167,U,2,255.6035,623.0435,167,84.6785
168,168,A,2,252.336,624.9675,168,82.7955
169,169,A,2,248.544,624.9675,169,90.2818
170,170,U,2,245.2765,623.0435,170,87.133
171,171,A,2,243.4375,619.727,171,80.9464
172,172,C,2,239.4375,618.227,172,78.196
173,173,A,2,235.4375,618.227,173,88.0209
174,174,U,2,231.4375,618.227,174,98.035
175,175,G,2,227.4375,618.227,175,99.8643
176,176,C,2,230.7585,622.429,176,92.7925
177,177,U,2,233.3615,627.1105,177,109.357
178,178,U,2,235.1785,632.1485,178,158.1845
179,179,A,2,236.1625,637.4135,179,157.0614
180,180,A,2,236.288,642.768,180,148.195
181,181,A,2,235.552,648.0735,181,173.7618
182,182,A,2,233.973,653.1915,182,146.1727
183,183,U,2,236.8015,656.02,183,152.703
184,184,C,2,239.63,658.8485,184,143.58
185,185,U,2,242.4585,661.6765,185,114.6525
186,186,C,2,245.2865,664.505,186,114.578
187,187,G,2,249.8315,664.377,187,130.2113
188,188,A,2,253.009,667.6285,188,145.1182
189,189,C,2,252.7755,672.1695,189,176.267
190,190,C,2,255.5435,675.0565,190,166.888
191,191,C,2,258.2175,678.0295,191,173.257
192,192,U,2,258.0695,682.0265,192,215.8795
193,193,U,2,255.183,684.7935,193,174.3845
194,194,U,2,251.184,684.774,194,222.0065
195,195,G,2,248.3255,681.977,195,169.7248
196,196,G,2,245.557,679.09,196,157.0074
197,197,A,2,241.533,678.5195,197,174.9964
198,198,A,2,238.6925,675.612,198,157.1005
199,199,G,2,238.2155,671.576,199,180.2009
200,200,A,2,235.387,668.748,200,161.1623
201,201,G,2,232.559,665.9195,201,142.2761
202,202,A,2,229.7305,663.091,202,126.9064
203,203,U,2,226.902,660.2625,203,122.062
204,204,G,2,222.1645,661.5005,204,98.5013
205,205,U,2,217.3055,662.108,205,95.009
206,206,A,2,212.409,662.0735,206,86.36
207,207,U,2,207.5595,661.3985,207,75.4215
208,208,U,2,202.8395,660.0945,208,74.5685
209,209,U,2,200.0115,662.923,209,73.968
210,210,A,2,197.183,665.7515,210,77.0182
211,211,U,2,194.3545,668.58,211,88.377
212,212,U,2,191.526,671.408,212,85.032
213,213,A,2,188.6975,674.2365,213,89.2195
214,214,G,2,189.7255,677.8235,214,87.3522
215,215,A,2,189.7975,681.555,215,112.7518
216,216,U,2,188.909,685.179,216,110.269
217,217,A,2,187.1195,688.454,217,178.5205
218,218,A,2,184.5485,691.159,218,154.3732
219,219,A,2,181.369,693.112,219,119.73
220,220,A,2,177.7945,694.184,220,107.13
221,221,A,2,174.065,694.302,221,109.5441
222,222,A,2,170.43,693.457,222,121.8564
223,223,U,2,167.6015,696.286,223,125.1005
224,224,C,2,164.773,699.1145,224,130.446
225,225,A,2,161.9445,701.9425,225,120.9359
226,226,A,2,159.116,704.7715,226,123.7536
227,227,U,2,155.9015,711.6195,227,140.38
228,228,G,2,149.158,715.048,228,153.9391
229,229,U,2,146.3295,717.8755,229,147.2505
230,230,C,2,143.501,720.7045,230,183.66
231,231,U,2,140.5845,723.4405,231,243.3395
232,232,U,2,136.586,723.376,232,236.579
233,233,C,2,133.758,720.5485,233,208.7655
234,234,G,2,133.694,716.5505,234,199.9857
235,235,G,2,136.43,713.6335,235,204.9257
236,236,A,2,139.2585,710.805,236,153.7805
237,237,C,2,142.087,707.9765,237,155.2685
238,238,U,2,142.166,703.7685,238,296.666
239,239,C,2,144.255,700.1145,239,312.8335
240,240,U,2,147.8415,697.912,240,265.834
241,241,U,2,152.045,697.7,241,197.2235
242,242,U,2,154.8735,694.8715,242,152.944
243,243,G,2,157.702,692.0435,243,95.3339
244,244,A,2,160.5305,689.215,244,86.2305
245,245,U,2,163.359,686.386,245,81.5215
246,246,G,2,162.292,681.755,246,78.2022
247,247,A,2,162.7775,677.027,247,75.3155
248,248,U,2,164.764,672.709,248,81.247
249,249,U,2,168.038,669.264,249,79.4705
250,250,C,2,172.2495,667.0605,250,84.251
251,251,A,2,176.9465,666.3355,251,89.2173
252,252,U,2,181.6265,667.1655,252,79.98
253,253,A,2,184.455,664.337,253,85.8477
254,254,A,2,187.2835,661.5085,254,81.5005
255,255,U,2,190.112,658.6805,255,90.961
256,256,A,2,192.94,655.852,256,84.7141
257,257,A,2,195.7685,653.0235,257,84.8323
258,258,C,2,194.847,649.443,258,83.6135
259,259,U,2,194.2855,645.7885,259,83.6755
260,260,U,2,194.0905,642.0965,260,116.111
261,261,U,2,194.264,638.403,261,188.329
262,262,U,2,194.8035,634.7455,262,94.323
263,263,C,2,195.704,631.1595,263,91.2735
264,264,G,2,196.957,627.681,264,99.3661
265,265,A,2,198.5495,624.3445,265,89.9191
266,266,A,2,200.466,621.1825,266,94.2005
267,267,U,2,202.6875,618.227,267,90.4495
268,268,C,2,198.6875,618.227,268,92.5
269,269,G,2,194.6875,618.227,269,98.1722
270,270,C,2,190.6875,618.227,270,111.1845
271,271,A,2,188.1875,621.2005,271,125.6814
272,272,U,2,185.6875,618.227,272,159.713
273,273,G,2,181.6875,618.227,273,160.3617
274,274,G,2,177.6875,618.227,274,160.7809
275,275,C,2,173.6875,618.227,275,170.3335
276,276,C,2,169.757,618.9595,276,176.6055
277,277,U,2,166.283,616.981,277,196.8405
278,278,U,2,164.908,613.227,278,182.2855
279,279,G,2,166.283,609.4725,279,223.1022
280,280,U,2,169.757,607.494,280,210.4415
281,281,G,2,173.6875,608.227,281,180.0235
282,282,C,2,177.6875,608.227,282,138.5785
283,283,U,2,181.6875,608.227,283,123.7205
284,284,G,2,185.6875,608.227,284,120.2904
285,285,G,2,190.6875,608.227,285,123.8696
286,286,C,2,194.6875,608.227,286,120.109
287,287,G,2,198.6875,608.227,287,119.4513
288,288,A,2,202.6875,608.227,288,104.3336
289,289,U,2,202.9265,603.978,289,88.8175
290,290,G,2,203.797,599.812,290,105.3809
291,291,G,2,205.2805,595.823,291,104.46
292,292,U,2,207.3425,592.1,292,98.103
293,293,U,2,209.9375,588.727,293,87.216
294,294,C,2,209.9375,584.727,294,83.9155
295,295,A,2,209.9375,580.727,295,80.3364
296,296,U,2,207.507,576.12,296,81.304
297,297,U,2,206.6675,570.9795,297,82.838
298,298,C,2,207.507,565.839,298,71.8145
299,299,A,2,209.9375,561.232,299,76.3123
300,300,A,2,209.9375,557.232,300,77.5359
301,301,A,2,209.9375,549.732,301,71.8114
302,302,U,2,209.9375,545.732,302,67.132
303,303,U,2,207.015,544.557,303,64.136
304,304,U,2,207.015,541.4065,304,61.797
305,305,C,2,209.9375,540.232,305,69.143
306,306,U,2,209.9375,536.232,306,64.943
307,307,G,2,209.9375,532.232,307,64.2387
308,308,C,2,208.4375,528.232,308,76.829
309,309,C,2,204.723,528.0125,309,66.3255
310,310,C,2,201.8945,530.841,310,60.0585
311,311,U,2,199.0665,533.669,311,55.1095
312,312,A,2,201.4865,536.393,312,59.5709
313,313,U,2,199.7615,539.6025,313,58.8505
314,314,C,2,196.1545,539.0865,314,51.2725
315,315,A,2,192.266,542.9995,315,57.7195
316,316,A,2,187.5515,545.285,316,56.5964
317,317,C,2,184.723,548.1135,317,61.6025
318,318,U,2,181.895,550.9415,318,61.6395
319,319,U,2,182.579,554.72,319,78.2145
320,320,U,2,180.761,558.1025,320,223.323
321,321,C,2,177.232,559.617,321,149.911
322,322,G,2,173.528,558.604,322,70.2683
323,323,A,2,171.261,555.5045,323,56.8177
324,324,U,2,167.261,555.5045,324,56.218
325,325,G,2,163.2615,555.5045,325,59.4613
326,326,G,2,159.2615,555.5045,326,56.1213
327,327,U,2,155.2615,555.5045,327,63.2425
328,328,A,2,151.261,555.5045,328,56.9414
329,329,G,2,147.261,555.5045,329,61.1826
330,330,G,2,143.261,555.5045,330,58.6387
331,331,A,2,139.7035,557.3315,331,60.6295
332,332,U,2,135.7285,556.893,332,63.1365
333,333,A,2,132.655,554.334,333,63.5345
334,334,G,2,131.503,550.504,334,63.1178
335,335,U,2,132.6545,546.6745,335,62.8635
336,336,G,2,135.728,544.116,336,61.6117
337,337,G,2,139.7035,543.6775,337,58.5039
338,338,C,2,143.261,545.5045,338,60.4085
339,339,C,2,147.261,545.5045,339,54.3645
340,340,U,2,151.261,545.5045,340,55.174
341,341,A,2,155.2615,545.5045,341,55.6814
342,342,C,2,159.2615,545.5045,342,65.008
343,343,C,2,163.261,545.504,343,76.621
344,344,A,2,167.2615,545.504,344,68.6282
345,345,U,2,171.261,545.5045,345,67.1145
346,346,G,2,174.8235,543.8705,346,58.103
347,347,G,2,177.652,541.042,347,58.0165
348,348,U,2,180.4805,538.214,348,56.556
349,349,U,2,177.5555,535.8055,349,55.962
350,350,U,2,176.591,532.1415,350,57.468
351,351,C,2,177.952,528.6055,351,59.4875
352,352,A,2,181.124,526.5335,352,58.7768
353,353,A,2,184.909,526.7075,353,54.4355
354,354,C,2,187.877,529.0625,354,60.5725
355,355,G,2,191.995,526.598,355,54.3057
356,356,G,2,194.8235,523.7695,356,64.33
357,357,G,2,197.652,520.9415,357,56.9991
358,358,U,2,200.9235,518.5785,358,65.6625
359,359,A,2,204.0925,516.018,359,79.9141
360,360,A,2,207.668,513.982,360,62.845
361,361,C,2,207.4375,510.477,361,62.314
362,362,G,2,203.4375,510.477,362,66.3296
363,363,G,2,199.4375,510.477,363,61.797
364,364,G,2,195.4375,510.477,364,71.1991
365,365,G,2,191.1565,510.707,365,65.9013
366,366,A,2,187.5725,512.4825,366,70.0123
367,367,A,2,183.988,514.258,367,67.5964
368,368,U,2,180.4035,516.0335,368,67.377
369,369,A,2,176.7655,517.693,369,114.9455
370,370,A,2,172.997,516.354,370,86.4641
371,371,G,2,171.222,512.77,371,79.0248
372,372,G,2,172.4405,508.961,372,74.6957
373,373,G,2,175.9655,507.0725,373,65.8717
374,374,U,2,179.5495,505.297,374,69.4995
375,375,U,2,183.134,503.522,375,62.1565
376,376,C,2,186.7185,501.7465,376,67.8185
377,377,G,2,187.0155,497.8195,377,66.607
378,378,A,2,190.2775,495.6125,378,67.6368
379,379,U,2,194.033,496.7975,379,62.4935
380,380,U,2,195.4375,500.477,380,85.048
381,381,C,2,199.4375,500.477,381,64.2375
382,382,C,2,203.4375,500.477,382,64.93
383,383,G,2,207.4375,500.477,383,63.3196
384,384,G,2,209.9375,496.787,384,61.0061
385,385,A,2,209.9375,492.787,385,56.21
386,386,G,2,209.9375,488.787,386,59.9187
387,387,A,2,204.067,486.304,387,60.3236
388,388,G,2,199.2355,482.1445,388,61.6078
389,389,G,2,195.651,483.9205,389,60.8191
390,390,G,2,192.7325,487.04,390,66.3157
391,391,A,2,188.4825,487.4715,391,54.7795
392,392,G,2,184.898,489.247,392,56.0752
393,393,C,2,181.314,491.0225,393,62.4125
394,394,C,2,179.8375,494.7395,394,62.4925
395,395,U,2,176.863,497.413,395,67.328
396,396,G,2,173.0095,498.485,396,68.5361
397,397,A,2,169.0815,497.732,397,70.7059
398,398,G,2,165.898,495.311,398,63.9317
399,399,A,2,164.1225,491.727,399,63.0377
400,400,A,2,164.1255,487.7275,400,62.4059
401,401,A,2,165.907,484.1465,401,58.12
402,402,C,2,169.0945,481.7305,402,68.7725
403,403,G,2,173.0235,480.9835,403,70.6039
404,404,G,2,176.875,482.0615,404,68.9148
405,405,C,2,180.4595,480.286,405,57.648
406,406,U,2,184.0435,478.5105,406,63.616
407,407,A,2,186.962,475.391,407,59.11
408,408,C,2,191.2125,474.9595,408,52.475
409,409,C,2,194.7965,473.184,409,54.5465
410,410,A,2,194.33,469.366,410,59.2782
411,411,C,2,194.578,465.5295,411,67.3495
412,412,A,2,190.31,465.336,412,79.775
413,413,U,2,187.222,462.384,413,85.1485
414,414,C,2,183.5445,460.811,414,78.3585
415,415,C,2,179.9195,459.122,415,79.4235
416,416,A,2,178.491,455.387,416,89.2841
417,417,A,2,180.0635,451.71,417,75.9623
418,418,G,2,183.751,450.1625,418,76.4826
419,419,G,2,187.4765,451.6165,419,69.1026
420,420,A,2,191.154,453.1895,420,68.3723
421,421,A,2,195.422,453.383,421,77.2877
422,422,G,2,198.51,456.335,422,84.4948
423,423,G,2,200.8405,453.7445,423,79.52
424,424,C,2,203.577,451.584,424,66.0695
425,425,A,2,206.6385,449.9155,425,59.7755
426,426,G,2,209.9375,448.787,426,68.1826
427,427,C,2,209.9375,444.787,427,75.111
428,428,A,2,209.9375,440.787,428,77.8577
429,429,G,2,209.9375,436.787,429,78.7865
430,430,G,2,209.9375,432.787,430,73.0274
431,431,C,2,209.9375,428.787,431,74.1565
432,432,G,2,209.385,426.33,432,65.1861
433,433,C,2,206.141,426.5285,433,64.8115
434,434,G,2,202.476,426.4165,434,62.5761
435,435,C,2,200.14,424.4795,435,68.676
436,436,A,2,198.7605,421.2755,436,69.2859
437,437,A,2,198.715,417.939,437,69.7236
438,438,A,2,196.233,415.0005,438,81.0323
439,439,U,2,193.1375,415.0135,439,78.2795
440,440,U,2,191.1375,418.5135,440,77.2755
441,441,A,2,188.9375,415.0135,441,72.6795
442,442,C,2,184.9375,415.0135,442,79.66
443,443,C,2,180.9375,415.0135,443,80.6815
444,444,C,2,179.4375,419.0135,444,78.0175
445,445,A,2,175.9375,420.5135,445,86.7268
446,446,A,2,172.4375,419.0135,446,77.0305
447,447,U,2,170.9375,415.0135,447,85.354
448,448,C,2,166.9375,415.0135,448,75.5325
449,449,C,2,162.9375,415.0135,449,70.698
450,450,U,2,158.9375,415.0135,450,77.8955
451,451,A,2,154.9375,416.5135,451,82.6591
452,452,A,2,151.9435,413.8575,452,86.1795
453,453,U,2,150.8305,410.0135,453,81.5705
454,454,U,2,151.9435,406.169,454,96.2605
455,455,C,2,154.9375,403.5135,455,101.3015
456,456,A,2,158.9375,405.0135,456,85.1895
457,457,G,2,162.9375,405.0135,457,75.0526
458,458,G,2,166.9375,405.0135,458,83.1939
459,459,G,2,170.9375,405.0135,459,73.2213
460,460,A,2,175.9375,403.0135,460,74.7818
461,461,G,2,180.9375,405.0135,461,73.273
462,462,G,2,184.9375,405.0135,462,86.6252
463,463,U,2,188.9375,405.0135,463,78.08
464,464,A,2,193.1375,405.0135,464,86.0186
465,465,G,2,198.2525,405.0135,465,84.8778
466,466,U,2,203.8085,405.011,466,85.4525
467,467,G,2,205.5765,401.122,467,86.3191
468,468,A,2,207.0675,398.2535,468,87.7414
469,469,C,2,208.9365,397.762,469,77.8735
470,470,A,2,211.765,394.9335,470,82.4568
471,471,A,2,215.6545,393.1655,471,77.0868
472,472,U,2,217.422,389.2765,472,81.6515
473,473,A,2,221.311,387.5085,473,91.03
474,474,A,2,223.079,383.6195,474,84.6064
475,475,A,2,219.4105,384.447,475,90.2641
476,476,U,2,215.698,385.0465,476,100.476
477,477,A,2,211.955,385.4145,477,114.915
478,478,A,2,208.197,385.5505,478,106.4077
479,479,C,2,204.4375,385.4535,479,130.0895
480,480,G,2,200.4375,385.4535,480,155.8852
481,481,A,2,196.4375,385.4535,481,167.9173
482,482,U,2,191.4375,384.9535,482,190.466
483,483,A,2,186.9375,391.3535,483,210.5895
484,484,C,2,183.3375,392.7535,484,227.342
485,485,A,2,179.4375,392.7535,485,266.5055
486,486,G,2,175.8375,391.3535,486,289.7478
487,487,G,2,173.0375,388.6535,487,236.7591
488,488,G,2,171.4375,384.9535,488,313.2335
489,489,C,2,167.4375,384.9535,489,295.255
490,490,C,2,163.4375,384.9535,490,243.9715
491,491,C,2,159.4375,384.9535,491,288.936
492,492,A,2,155.4405,384.8255,492,288.5564
493,493,U,2,152.6585,381.953,493,274.496
494,494,U,2,152.6585,377.954,494,305.23
495,495,C,2,155.4405,375.081,495,296.8405
496,496,G,2,159.4375,374.9535,496,246.9035
497,497,G,2,163.4375,374.9535,497,283.6248
498,498,G,2,167.4375,374.9535,498,288.2104
499,499,U,2,171.4375,374.9535,499,293.154
500,500,C,2,173.8875,371.9035,500,220.3465
501,501,U,2,177.3375,369.7035,501,235.4145
502,502,U,2,181.3875,368.9535,502,236.5075
503,503,G,2,185.4375,369.87,503,199.2948
504,504,U,2,188.8875,371.9035,504,219.2195
505,505,A,2,191.4375,374.9535,505,228.7014
506,506,A,2,193.7075,372.002,506,232.5486
507,507,U,2,196.4375,375.4535,507,223.608
508,508,U,2,200.4375,375.4535,508,175.128
509,509,G,2,204.4375,375.4535,509,158.1239
510,510,G,2,204.1325,371.6075,510,145.723
511,511,A,2,201.6135,368.19,511,116.7809
512,512,A,2,198.737,364.987,512,127.2995
513,513,U,2,195.9325,361.6415,513,105.3315
514,514,G,2,193.2705,358.4385,514,117.687
515,515,A,2,190.8225,355.307,515,107.6845
516,516,G,2,188.3035,352.0325,516,99.1387
517,517,U,2,185.8285,349.5575,517,116.5175
518,518,A,2,182.628,345.878,518,119.7318
519,519,C,2,179.42,345.7215,519,118.2925
520,520,A,2,178.941,342.5455,520,99.0323
521,521,A,2,175.4055,341.1315,521,104.3527
522,522,U,2,172.9305,338.6565,522,97.5545
523,523,G,2,170.0725,336.6345,523,101.527
524,524,U,2,168.525,333.494,524,88.8885
525,525,A,2,168.6635,329.9955,525,93.3573
526,526,A,2,170.4535,326.987,526,88.0482
527,527,A,2,173.462,325.197,527,91.6705
528,528,U,2,176.9605,325.0585,528,93.415
529,529,A,2,180.101,326.606,529,96.4641
530,530,C,2,182.123,329.464,530,98.341
531,531,C,2,184.598,331.939,531,91.9445
532,532,U,2,186.012,335.4745,532,110.16
533,533,U,2,189.699,338.807,533,114.9875
534,534,A,2,193.077,339.1005,534,112.8286
535,535,A,2,192.8995,342.4865,535,121.9105
536,536,C,2,195.3745,344.9615,536,115.5215
537,537,G,2,197.7775,348.029,537,111.9304
538,538,A,2,200.606,350.572,538,114.5682
539,539,G,2,203.363,353.615,539,121.6926
540,540,G,2,205.631,356.4325,540,121.1122
541,541,A,2,208.02,359.0575,541,189.8845
542,542,A,2,210.277,361.814,542,122.0318
543,543,C,2,212.9015,364.632,543,110.6965
544,544,A,2,215.095,367.0535,544,104.1636
545,545,A,2,217.5875,369.8035,545,92.4355
546,546,U,2,220.9375,369.9535,546,84.01
547,547,U,2,220.9375,365.9535,547,85.169
548,548,G,2,218.8785,362.8685,548,83.8191
549,549,G,2,220.8125,359.7035,549,80.5396
550,550,A,2,220.8125,355.7035,550,85.0077
551,551,G,2,220.432,352.5455,551,72.2213
552,552,G,2,216.96,351.6095,552,82.4091
553,553,G,2,214.251,349.59,553,74.1048
554,554,C,2,214.402,345.902,554,77.2875
555,555,A,2,217.1835,343.2955,555,83.4932
556,556,A,2,220.534,342.953,556,86.5836
557,557,G,2,220.374,339.3515,557,94.0613
558,558,U,2,218.424,335.794,558,156.127
559,559,C,2,220.3125,332.2035,559,143.7995
560,560,U,2,220.3125,328.2035,560,100.4995
561,561,G,2,220.3125,324.2035,561,86.6465
562,562,G,2,220.3125,320.2035,562,84.2983
563,563,U,2,218.8125,316.2035,563,90.31
564,564,G,2,220.3125,312.2035,564,82.69
565,565,C,2,217.8225,307.582,565,82.1485
566,566,C,2,216.985,302.3995,566,68.8125
567,567,A,2,217.8915,297.2285,567,74.4741
568,568,G,2,220.443,292.6405,568,71.3983
569,569,C,2,220.443,288.6405,569,70.6825
570,570,A,2,220.571,284.6435,570,63.8291
571,571,G,2,223.4435,281.861,571,79.6143
572,572,C,2,227.4425,281.861,572,69.67
573,573,C,2,230.315,284.6435,573,71.0725
574,574,G,2,230.443,288.6405,574,73.3865
575,575,C,2,230.443,292.6405,575,70.614
576,576,G,2,233.933,294.919,576,76.263
577,577,G,2,236.2615,298.376,577,97.6048
578,578,U,2,237.0615,302.4665,578,102.4485
579,579,A,2,236.207,306.546,579,135.955
580,580,A,2,233.8325,309.9715,580,86.1795
581,581,U,2,230.3125,312.2035,581,89.3145
582,582,U,2,231.8125,316.2035,582,77.378
583,583,C,2,230.3125,320.2035,583,76.8975
584,584,C,2,230.3125,324.2035,584,85.056
585,585,A,2,230.3125,328.2035,585,78.2123
586,586,G,2,230.3125,332.2035,586,96.717
587,587,C,2,230.374,339.3515,587,99.6675
588,588,U,2,230.8125,355.7035,588,97.0965
589,589,C,2,230.8125,359.7035,589,90.6335
590,590,C,2,233.4705,362.7765,590,86.1415
591,591,A,2,230.9375,365.9535,591,81.9373
592,592,A,2,230.9375,369.9535,592,79.9541
593,593,U,2,230.9375,373.9535,593,88.599
594,594,A,2,231.946,376.8735,594,84.1745
595,595,G,2,234.7745,374.045,595,80.9796
596,596,C,2,237.603,371.2165,596,76.9695
597,597,G,2,240.4315,368.3885,597,87.1857
598,598,U,2,243.26,365.56,598,75.2945
599,599,A,2,246.0885,362.7315,599,67.805
600,600,U,2,248.917,359.903,600,72.329
601,601,A,2,252.745,356.0745,601,69.2332
602,602,U,2,255.5735,353.246,602,67.213
603,603,U,2,258.402,350.418,603,64.7965
604,604,A,2,256.719,347.1325,604,75.0732
605,605,A,2,255.744,343.5725,605,81.7791
606,606,A,2,255.5175,339.888,606,81.4977
607,607,G,2,256.0495,336.235,607,69.8622
608,608,U,2,257.3175,332.7685,608,68.2935
609,609,U,2,259.2675,329.6345,609,63.719
610,610,G,2,261.8175,326.9655,610,61.7478
611,611,U,2,264.8595,324.8745,611,63.359
612,612,U,2,268.265,323.45,612,67.123
613,613,G,2,271.8895,322.752,613,73.5183
614,614,C,2,275.5805,322.8105,614,66.534
615,615,A,2,275.5805,318.8105,615,64.4864
616,616,G,2,275.5805,314.8105,616,60.8048
617,617,U,2,270.8965,313.6215,617,68.165
618,618,U,2,266.536,311.5395,618,66.5015
619,619,A,2,262.6665,308.644,619,61.0168
620,620,A,2,259.439,305.048,620,60.3068
621,621,A,2,256.977,300.8895,621,62.7609
622,622,A,2,255.376,296.33,622,65.4127
623,623,A,2,254.698,291.5455,623,63.0259
624,624,G,2,254.636,285.887,624,63.4183
625,625,C,2,250.481,284.8935,625,62.8175
626,626,U,2,248.004,281.413,626,70.087
627,627,C,2,244.6875,279.1765,627,66.1185
628,628,G,2,239.7125,278.7055,628,55.6965
629,629,U,2,235.1715,276.618,629,59.922
630,630,A,2,231.5745,273.149,630,58.4336
631,631,G,2,229.3245,268.6865,631,57.7913
632,632,U,2,226.0085,266.45,632,60.6105
633,633,U,2,222.6925,264.213,633,68.2565
634,634,G,2,219.3165,267.4165,634,70.977
635,635,A,2,216.179,271.0485,635,80.2923
636,636,A,2,211.978,274.895,636,82.2468
637,637,C,2,206.4135,277.913,637,88.7535
638,638,U,2,201.359,279.8965,638,96.556
639,639,U,2,198.8595,282.978,639,109.0255
640,640,U,2,196.128,285.628,640,107.678
641,641,G,2,193.1325,287.556,641,129.6587
642,642,G,2,190.3045,290.3845,642,130.6865
643,643,G,2,187.4755,293.213,643,148.2348
644,644,C,2,184.647,296.041,644,155.0245
645,645,C,2,181.8185,298.869,645,155.557
646,646,C,2,178.9905,301.6985,646,151.1475
647,647,G,2,177.2225,305.587,647,145.3322
648,648,G,2,173.3335,307.355,648,151.6687
649,649,U,2,170.505,310.1835,649,132.645
650,650,U,2,167.676,313.012,650,157.983
651,651,G,2,164.8485,315.8405,651,167.6313
652,652,G,2,162.02,318.6685,652,187.717
653,653,C,2,157.869,325.6155,653,202.886
654,654,C,2,150.9355,329.7885,654,219.7915
655,655,G,2,148.107,332.6165,655,243.5957
656,656,G,2,145.2785,335.446,656,330.1665
657,657,U,2,142.45,338.274,657,299.739
658,658,C,2,141.0555,344.8395,658,283.6785
659,659,C,2,134.5755,346.59,,\N
660,660,G,2,131.747,349.418,,\N
661,661,A,2,128.919,352.247,,\N
662,662,U,2,126.6575,355.5435,,\N
663,663,U,2,122.8015,356.601,,\N
664,664,U,2,119.175,354.9195,,\N
665,665,U,2,117.4925,351.292,,\N
666,666,U,2,118.55,347.4365,,\N
667,667,U,2,121.8475,345.176,,\N
668,668,C,2,124.6765,342.3475,,\N
669,669,G,2,127.504,339.519,,\N
670,670,U,2,125.1515,335.3785,,\N
671,671,G,2,126.709,330.879,,\N
672,672,U,2,131.117,329.079,,\N
673,673,A,2,135.379,331.203,,\N
674,674,C,2,138.2075,328.374,,\N
675,675,U,2,141.036,325.546,,\N
676,676,G,2,143.864,322.7175,659,229.1874
677,677,G,2,141.298,319.152,660,280.3191
678,678,A,2,141.0315,314.7675,661,286.0782
679,679,U,2,143.1465,310.9175,662,239.6275
680,680,U,2,146.9895,308.7905,663,255.266
681,681,U,2,151.375,309.043,664,271.549
682,682,C,2,154.949,311.598,665,259.9055
683,683,C,2,157.777,308.769,666,216.7575
684,684,A,2,160.6055,305.9405,667,178.8605
685,685,A,2,163.434,303.112,668,147.8332
686,686,C,2,166.2625,300.284,669,122.074
687,687,G,2,168.03,296.3945,670,120.6178
688,688,G,2,171.9195,294.627,671,120.6904
689,689,G,2,174.7475,291.7985,672,134.743
690,690,G,2,177.5765,288.97,673,144.0696
691,691,C,2,180.4045,286.142,674,130.025
692,692,C,2,183.233,283.3135,675,129.736
693,693,U,2,186.0615,280.485,676,121.7
694,694,U,2,182.352,279.613,677,118.4345
695,695,U,2,178.8435,278.127,678,136.5895
696,696,C,2,175.636,276.07,679,166.7865
697,697,C,2,172.822,273.501,680,199.004
698,698,U,2,170.4825,270.493,681,134.441
699,699,U,2,167.206,272.7875,682,125.749
700,700,C,2,163.9295,275.0815,683,140.102
701,701,U,2,160.653,277.376,684,138.6785
702,702,G,2,157.376,279.6705,685,180.0426
703,703,G,2,154.0995,281.9645,686,203.0626
704,704,C,2,153.8465,286.8555,687,201.464
705,705,U,2,151.45,291.126,688,234.9955
706,706,A,2,147.4085,293.89,689,228.3573
707,707,A,2,142.559,294.573,690,196.5473
708,708,C,2,137.9095,293.0335,691,193.335
709,709,C,2,134.633,295.327,692,251.1
710,710,U,2,132.217,298.85,693,255.1405
711,711,U,2,128.941,301.1445,694,247.0175
712,712,G,2,124.8035,302.21,695,244.6452
713,713,A,2,121.5265,304.5045,696,217.2455
714,714,G,2,118.25,306.7985,697,247.9957
715,715,U,2,114.974,309.0935,698,291.623
716,716,C,2,111.697,311.387,699,275.258
717,717,C,2,108.8975,314.242,700,244.5285
718,718,U,2,104.9175,314.614,701,270.284
719,719,U,2,101.637,312.327,702,293.361
720,720,G,2,100.61,308.4635,703,244.173
721,721,U,2,102.321,304.85,704,217.1935
722,722,G,2,105.961,303.196,705,231.2848
723,723,G,2,109.2375,300.9015,706,258.7835
724,724,C,2,112.5145,298.6075,707,280.621
725,725,U,2,115.7905,296.313,708,238.2595
726,726,C,2,119.0675,294.0185,709,188.08
727,727,U,2,121.4845,290.496,710,194.1555
728,728,U,2,124.761,288.2015,711,237.8165
729,729,G,2,128.8975,287.136,712,217.4596
730,730,G,2,132.174,284.842,713,245.2
731,731,C,2,131.9745,279.704,714,257.601
732,732,G,2,134.286,275.1115,715,201.0174
733,733,A,2,138.5305,272.2095,716,250.7745
734,734,A,2,143.6485,271.723,717,219.4832
735,735,C,2,148.3635,273.7735,718,166.029
736,736,C,2,151.64,271.4785,719,159.6495
737,737,A,2,154.917,269.185,720,162.8141
738,738,G,2,158.1935,266.8905,721,143.8443
739,739,G,2,161.47,264.596,722,137.7691
740,740,A,2,164.7465,262.302,723,134.4955
741,741,C,2,162.675,259.7195,724,134.9435
742,742,U,2,161.3,255.808,725,118.9865
743,743,U,2,159.7095,251.955,726,100.523
744,744,U,2,155.7095,250.455,727,108.2925
745,745,U,2,151.7095,250.455,728,97.4795
746,746,A,2,147.709,250.455,729,81.7205
747,747,C,2,142.0675,250.4295,730,79.721
748,748,U,2,138.067,250.43,731,84.389
749,749,U,2,134.0675,251.93,732,86.05
750,750,U,2,130.067,250.4295,733,87.5285
751,751,G,2,126.067,250.43,734,101.9035
752,752,A,2,124.4495,253.9185,735,88.4445
753,753,A,2,121.803,256.7085,736,111.0895
754,754,A,2,118.405,258.5085,737,154.1295
755,755,A,2,114.6105,259.1305,738,122.8591
756,756,A,2,110.8155,258.509,739,90.0536
757,757,A,2,107.4175,256.709,740,81.5536
758,758,U,2,104.771,253.9195,741,86.4955
759,759,U,2,103.153,250.431,742,82.0585
760,760,A,2,99.1525,250.431,743,84.2945
761,761,G,2,95.1525,251.931,744,85.8765
762,762,A,2,91.2385,257.3535,745,90.855
763,763,G,2,85.4575,260.716,746,93.3717
764,764,U,2,78.8085,261.437,747,97.2765
765,765,G,2,79.037,265.4295,748,116.7061
766,766,U,2,75.755,268.323,749,103.4855
767,767,U,2,73.0085,271.2295,750,102.7325
768,768,C,2,69.0095,271.2015,751,100.4025
769,769,A,2,66.304,268.2565,752,103.1945
770,770,A,2,66.614,264.27,753,93.4295
771,771,A,2,66.554,259.8955,754,96.7764
772,772,G,2,69.667,257.384,755,88.2391
773,773,C,2,65.737,251.9725,756,91.209
774,774,A,2,64.3475,245.431,757,98.4491
775,775,G,2,65.737,238.889,758,106.4891
776,776,G,2,62.769,236.2075,759,114.9852
777,777,C,2,59.801,233.5265,760,129.1555
778,778,G,2,56.3935,231.4345,761,147.333
779,779,U,2,55.1425,227.6375,762,209.5495
780,780,A,2,56.6395,223.93,763,168.8123
781,781,U,2,60.1765,222.066,764,200.2495
782,782,U,2,64.0805,222.9275,765,191.6705
783,783,G,2,66.5055,226.106,766,144.7065
784,784,C,2,69.4735,228.788,767,135.9265
785,785,U,2,72.4415,231.4695,768,128.9455
786,786,C,2,78.8085,229.4255,769,121.6885
787,787,G,2,85.4575,230.1465,770,102.3778
788,788,A,2,91.2385,233.509,771,91.9623
789,789,A,2,95.153,238.931,772,96.4559
790,790,U,2,99.153,240.431,773,97.319
791,791,A,2,103.153,240.431,774,101.7545
792,792,U,2,104.6675,235.9185,775,139.0095
793,793,A,2,107.875,232.402,776,193.0436
794,794,U,2,112.2295,230.4795,777,202.0785
795,795,U,2,116.989,230.4795,778,109.464
796,796,A,2,121.344,232.401,779,80.2395
797,797,G,2,124.552,235.9175,780,78.123
798,798,C,2,126.067,240.4295,781,78.61
799,799,A,2,130.067,240.4295,782,85.3791
800,800,U,2,134.0675,238.93,783,95.2845
801,801,G,2,138.0675,240.43,784,90.5457
802,802,G,2,142.0675,240.4295,785,94.8578
803,803,A,2,143.6205,236.725,786,92.3736
804,804,A,2,146.235,236.7155,787,81.6264
805,805,U,2,147.7095,240.455,788,82.2685
806,806,A,2,151.7095,240.455,789,79.1177
807,807,A,2,155.7095,240.455,790,84.5582
808,808,U,2,159.7095,238.955,791,86.462
809,809,A,2,164.728,231.7695,792,103.4609
810,810,G,2,170.1285,225.191,793,117.0517
811,811,A,2,176.15,219.5865,794,101.3914
812,812,A,2,185.788,215.922,795,98.6409
813,813,U,2,185.498,208.726,796,127.4315
814,814,A,2,181.015,206.1245,797,107.2409
815,815,G,2,178.371,209.7895,798,109.2983
816,816,G,2,175.2585,207.5575,799,103.9522
817,817,A,2,171.2585,206.0575,800,104.3209
818,818,C,2,169.235,209.861,801,113.6815
819,819,G,2,165.6705,212.28,802,160.5935
820,820,U,2,161.389,212.755,803,216.455
821,821,U,2,157.3805,211.177,804,190.3075
822,822,U,2,154.5725,207.91,805,200.5405
823,823,G,2,148.938,207.738,806,172.5422
824,824,G,2,143.4675,206.379,807,182.8239
825,825,U,2,139.467,206.379,808,141.32
826,826,U,2,135.467,207.879,809,134.3485
827,827,C,2,131.467,206.3795,810,112.775
828,828,U,2,127.4675,206.379,811,128.4255
829,829,A,2,123.467,206.379,812,117.8914
830,830,U,2,119.4675,207.8795,813,136.5885
831,831,U,2,116.297,210.322,814,121.8475
832,832,U,2,112.421,211.318,815,128.8475
833,833,U,2,108.466,210.7065,816,114.988
834,834,G,2,105.0715,208.586,817,127.8461
835,835,U,2,102.7875,205.3,818,121.39
836,836,U,2,101.9825,201.38,819,112.4645
837,837,G,2,102.7875,197.46,820,116.8952
838,838,G,2,105.0715,194.1735,821,127.9335
839,839,U,2,108.4655,192.053,822,123.2505
840,840,U,2,112.4205,191.441,823,145.627
841,841,U,2,116.2965,192.437,824,149.621
842,842,C,2,119.467,194.8795,825,116.7775
843,843,U,2,123.467,196.379,826,124.413
844,844,A,2,127.467,196.379,827,126.4777
845,845,G,2,131.467,196.379,828,103.8383
846,846,G,2,135.467,194.3795,829,124.2243
847,847,A,2,139.467,196.379,830,147.0955
848,848,C,2,143.467,196.379,831,142.4045
849,849,C,2,146.8155,194.2045,832,134.912
850,850,A,2,150.7735,193.681,833,124.8886
851,851,U,2,154.572,194.91,834,116.8365
852,852,C,2,160.1275,192.8525,835,134.9315
853,853,G,2,166.0375,193.259,836,163.3478
854,854,U,2,171.2585,196.0575,837,129.3705
855,855,A,2,175.2585,194.5575,838,121.4841
856,856,A,2,178.174,192.449,839,104.4459
857,857,U,2,181.015,196.1245,840,98.158
858,858,G,2,189.278,196.233,841,96.7178
859,859,A,2,196.9815,198.484,842,98.0795
860,860,U,2,198.2195,206.4755,843,96.692
861,861,U,2,198.0255,215.8405,844,92.7675
862,862,A,2,208.2725,218.693,845,86.7277
863,863,A,2,216.268,224.5495,846,79.5009
864,864,U,2,221.4585,232.6265,847,90.1045
865,865,A,2,224.702,242.684,848,77.2195
866,866,G,2,227.373,239.795,849,74.7287
867,867,G,2,227.3725,235.795,850,76.8313
868,868,G,2,227.373,231.795,851,85.7596
869,869,A,2,227.3725,227.7955,852,87.7405
870,870,C,2,227.1435,222.3575,853,88.866
871,871,G,2,227.1435,218.3575,854,92.2791
872,872,G,2,225.6435,214.3575,855,100.6852
873,873,U,2,227.1435,210.357,856,107.7845
874,874,C,2,227.1435,206.3575,857,89.0915
875,875,G,2,222.894,204.107,858,87.1935
876,876,G,2,225.6435,201.3575,859,91.4452
877,877,G,2,225.6445,197.3575,860,77.4883
878,878,G,2,227.144,193.3575,861,78.2309
879,879,G,2,227.144,189.357,862,84.8178
880,880,C,2,227.1445,185.3575,863,86.217
881,881,A,2,227.144,181.3575,864,94.8027
882,882,U,2,225.6445,177.357,865,104.354
883,883,C,2,225.6445,173.3575,866,106.278
884,884,A,2,222.4055,170.9295,867,104.0968
885,885,G,2,218.4055,170.93,868,100.5883
886,886,U,2,214.405,170.9305,869,105.2735
887,887,A,2,210.4055,172.43,870,105.9309
888,888,U,2,206.4055,170.9295,871,91.9
889,889,U,2,202.4055,170.9295,872,93.3315
890,890,C,2,198.4055,170.9295,873,96.6855
891,891,A,2,194.4055,170.9295,874,116.8109
892,892,A,2,190.4055,170.93,875,124.3955
893,893,U,2,186.4055,170.929,876,148.9925
894,894,U,2,182.405,172.429,877,163.3585
895,895,G,2,178.4055,170.929,878,143.1987
896,896,U,2,173.6605,173.8,879,150.036
897,897,C,2,168.2165,174.8595,880,161.787
898,898,A,2,162.7415,173.9775,881,146.9168
899,899,G,2,157.9055,171.2625,882,169.3522
900,900,A,2,153.905,171.262,883,133.7527
901,901,G,2,149.9055,171.2625,884,118.0035
902,902,G,2,146.1425,172.625,885,123.2504
903,903,U,2,142.311,171.473,886,115.6145
904,904,G,2,139.924,168.262,887,128.5083
905,905,A,2,139.9245,164.261,888,125.2355
906,906,A,2,142.312,161.051,889,115.3845
907,907,A,2,146.1435,159.9,890,114.9895
908,908,U,2,149.905,161.262,891,122.2715
909,909,U,2,153.905,161.262,892,124.171
910,910,C,2,157.9055,161.2625,893,145.9525
911,911,U,2,159.9195,158.225,894,143.359
912,912,U,2,162.7935,155.984,895,176.144
913,913,G,2,166.23,154.771,896,230.8678
914,914,G,2,169.874,154.7115,897,202.613
915,915,A,2,173.3485,155.812,898,142.1955
916,916,U,2,176.294,157.9585,899,137.676
917,917,U,2,178.4055,160.929,900,140.399
918,918,U,2,182.4055,159.429,901,124.6335
919,919,A,2,186.4055,160.9295,902,136.8555
920,920,U,2,190.4055,160.929,903,154.059
921,921,U,2,194.405,160.93,904,151.717
922,922,G,2,198.4055,160.9295,905,127.8326
923,923,A,2,202.4055,160.9295,906,117.6827
924,924,A,2,206.405,160.93,907,94.9777
925,925,G,2,210.4055,159.4295,908,89.6283
926,926,A,2,214.4055,160.93,909,83.4568
927,927,C,2,218.406,160.93,910,88.949
928,928,U,2,222.4055,160.93,911,83.0805
929,929,A,2,224.964,156.664,912,99.8905
930,930,A,2,229.18,154.024,913,99.6305
931,931,C,2,234.1355,153.584,914,90.0425
932,932,U,2,238.75,155.441,915,88.4165
933,933,A,2,242.0205,159.1895,916,93.1682
934,934,C,2,244.47,157.774,917,98.897
935,935,U,2,247.808,157.605,918,101.3265
936,936,G,2,249.0945,160.8805,919,87.0987
937,937,C,2,253.0945,160.88,920,82.275
938,938,G,2,257.092,161.0075,921,74.1139
939,939,A,2,259.8745,163.8805,922,70.7745
940,940,A,2,259.874,167.8795,923,70.8645
941,941,A,2,257.0915,170.752,924,73.4659
942,942,G,2,253.095,170.881,925,78.1087
943,943,C,2,249.095,170.8805,926,82.296
944,944,A,2,242.02,172.19,927,93.0477
945,945,U,2,238.644,173.3575,928,96.17
946,946,U,2,238.6445,177.3575,929,100.9715
947,947,U,2,237.1445,181.358,930,111.425
948,948,G,2,237.1445,185.3575,931,99.3248
949,949,C,2,237.144,189.358,932,96.65
950,950,C,2,237.144,193.3575,933,94.899
951,951,A,2,238.644,197.3575,934,93.62
952,952,A,2,238.6435,201.3575,935,80.9345
953,953,G,2,237.1435,206.3575,936,83.2335
954,954,G,2,237.1435,210.357,937,81.9148
955,955,A,2,238.6435,214.3575,938,79.9541
956,956,C,2,237.1435,218.3575,939,85.4315
957,957,G,2,237.1435,222.358,940,89.0665
958,958,U,2,240.4075,224.9435,941,90.066
959,959,U,2,237.373,227.795,942,98.411
960,960,U,2,237.3725,231.795,943,81.8165
961,961,U,2,237.373,235.795,944,83.4545
962,962,C,2,237.3725,239.7955,945,86.12
963,963,A,2,236.076,245.7365,946,77.3932
964,964,U,2,232.115,250.351,947,79.3935
965,965,U,2,226.4385,252.5325,948,72.8155
966,966,A,2,228.284,255.923,949,62.2718
967,967,A,2,231.6005,258.1595,950,67.7264
968,968,U,2,234.9165,260.3965,951,58.962
969,969,C,2,239.5575,261.632,952,62.697
970,970,A,2,243.804,263.8755,953,64.3877
971,971,A,2,247.4395,267.0135,954,62.1045
972,972,G,2,250.28,270.886,955,62.9552
973,973,A,2,253.596,273.123,956,69.3023
974,974,A,2,257.751,274.1165,957,60.1195
975,975,C,2,260.228,277.5965,958,65.238
976,976,G,2,262.3535,274.5055,959,61.7983
977,977,A,2,265.0515,271.8995,960,64.3418
978,978,A,2,268.214,269.8825,961,65.7191
979,979,A,2,271.715,268.5355,962,60.9073
980,980,G,2,275.414,267.9115,963,61.9887
981,981,U,2,275.414,263.912,964,58.4335
982,982,U,2,275.414,259.9115,965,67.589
983,983,A,2,275.414,255.912,966,74.4741
984,984,G,2,275.4135,251.912,967,76.8535
985,985,G,2,275.414,247.912,968,80.7626
986,986,G,2,275.414,243.912,969,84.297
987,987,G,2,271.414,243.9765,970,77.5396
988,988,A,2,269.914,240.477,971,97.8545
989,989,U,2,271.914,237.477,972,86.209
990,990,C,2,275.414,237.477,973,86.7745
991,991,G,2,273.414,233.477,974,79.0739
992,992,A,2,272.914,229.477,975,64.9959
993,993,A,2,273.414,224.9765,976,66.1845
994,994,G,2,275.4135,221.382,977,70.0957
995,995,A,2,275.4135,217.382,978,77.2718
996,996,U,2,275.414,213.382,979,85.889
997,997,G,2,275.414,209.382,980,89.1843
998,998,A,2,272.9565,206.227,981,89.8245
999,999,U,2,272.2985,202.2825,982,87.2995
1000,1000,C,2,273.596,198.501,983,91.617
1001,1001,A,2,276.5375,195.7925,984,93.3255
1002,1002,G,2,280.414,194.8105,985,88.5287
1003,1003,A,2,284.2905,195.792,986,80.4527
1004,1004,U,2,287.232,198.501,987,86.2455
1005,1005,A,2,288.53,202.283,988,70.1636
1006,1006,C,2,287.871,206.227,989,78.0365
1007,1007,C,2,285.414,209.382,990,84.667
1008,1008,G,2,285.414,213.382,991,85.4035
1009,1009,U,2,285.414,217.382,992,91.4555
1010,1010,C,2,285.4135,221.382,993,88.723
1011,1011,G,2,287.4135,224.9765,994,87.0361
1012,1012,U,2,287.914,229.477,995,73.2695
1013,1013,A,2,287.414,233.477,996,65.0995
1014,1014,G,2,285.414,237.477,997,68.3852
1015,1015,U,2,285.414,243.912,998,66.09
1016,1016,C,2,285.414,247.912,999,82.737
1017,1017,U,2,285.4135,251.912,1000,78.1815
1018,1018,U,2,285.4135,255.912,1001,68.8105
1019,1019,A,2,285.414,259.912,1002,72.1695
1020,1020,A,2,285.414,263.912,1003,75.4968
1021,1021,C,2,285.414,267.912,1004,77.777
1022,1022,C,2,290.893,269.332,1005,66.3285
1023,1023,A,2,294.1385,271.456,1006,62.0014
1024,1024,U,2,296.9835,274.093,1007,55.872
1025,1025,A,2,299.347,277.169,1008,68.1591
1026,1026,A,2,301.163,280.5965,1009,56.7064
1027,1027,A,2,302.38,284.28,1010,56.915
1028,1028,C,2,302.964,288.1145,1011,69.092
1029,1029,U,2,302.8985,291.993,1012,84.4295
1030,1030,A,2,302.1855,295.806,1013,71.9164
1031,1031,U,2,300.8445,299.446,1014,74.1495
1032,1032,G,2,298.0805,304.1435,1015,63.3557
1033,1033,C,2,302.0805,304.1435,1016,64.6405
1034,1034,C,2,306.0805,304.1435,1017,72.209
1035,1035,G,2,313.414,304.1435,1018,74.3183
1036,1036,A,2,317.414,304.1435,1019,78.3636
1037,1037,C,2,321.414,304.1435,1020,82.865
1038,1038,U,2,326.626,304.1295,1021,85.1795
1039,1039,A,2,330.584,302.1435,1022,103.8736
1040,1040,G,2,332.584,298.6795,1023,113.6509
1041,1041,G,2,334.584,295.215,1024,119.373
1042,1042,G,2,331.3415,292.616,1025,130.4987
1043,1043,A,2,333.419,289.017,1026,108.9823
1044,1044,U,2,337.2915,290.5265,1027,101.508
1045,1045,C,2,339.291,287.0625,1028,86.473
1046,1046,G,2,341.291,283.598,1029,86.2452
1047,1047,G,2,343.291,280.1335,1030,96.6409
1048,1048,G,2,345.2915,276.67,1031,92.1517
1049,1049,U,2,347.2915,273.206,1032,103.8095
1050,1050,G,2,349.292,269.742,1033,125.5874
1051,1051,G,2,345.865,268.1095,1034,145.7304
1052,1052,U,2,345.3655,264.347,1035,221.6725
1053,1053,G,2,348.2485,261.878,1036,159.3765
1054,1054,U,2,351.89,262.949,1037,150.5765
1055,1055,U,2,353.8895,259.485,1038,152.8285
1056,1056,U,2,353.794,255.709,1039,159.2915
1057,1057,U,2,355.26,252.228,1040,204.142
1058,1058,U,2,358.028,249.6585,1041,211.9225
1059,1059,U,2,361.608,248.455,1042,372.5655
1060,1060,U,2,365.366,248.831,1043,278.743
1061,1061,A,2,368.6375,250.7195,1044,197.5432
1062,1062,A,2,370.842,253.7865,1045,166.8132
1063,1063,U,2,371.5895,257.488,1046,153.129
1064,1064,G,2,370.748,261.17,1047,140.45
1065,1065,A,2,368.4665,264.18,1048,112.6782
1066,1066,C,2,365.1485,265.985,1049,116.7055
1067,1067,C,2,363.148,269.4495,1050,125.2175
1068,1068,C,2,357.9515,274.7425,1051,119.55
1069,1069,A,2,355.9515,278.206,1052,113.1955
1070,1070,C,2,353.952,281.6705,1053,118.366
1071,1071,U,2,351.9515,285.1345,1054,97.146
1072,1072,C,2,349.9515,288.5985,1055,84.573
1073,1073,G,2,347.9515,292.062,1056,88.5748
1074,1074,G,2,345.9515,295.5265,1057,86.9183
1075,1075,C,2,348.07,297.9965,1058,82.0815
1076,1076,A,2,346.443,300.815,1059,97.7405
1077,1077,C,2,343.244,300.2155,1060,101.3535
1078,1078,C,2,341.244,303.679,1061,107.496
1079,1079,U,2,339.244,307.1435,1062,109.959
1080,1080,U,2,342.4725,309.915,1063,128.8485
1081,1081,A,2,345.3865,313.0205,1064,166.9609
1082,1082,C,2,347.2025,316.872,1065,167.0665
1083,1083,G,2,347.7445,321.096,1066,102.2665
1084,1084,A,2,350.3155,324.1605,1067,69.6582
1085,1085,G,2,352.7865,327.3045,1068,77.3904
1086,1086,A,2,352.3745,331.282,1069,69.2873
1087,1087,A,2,349.311,333.8525,1070,71.1559
1088,1088,A,2,345.322,333.568,1071,71.2886
1089,1089,U,2,342.655,330.588,1072,72.57
1090,1090,C,2,340.084,327.524,1073,80.4785
1091,1091,A,2,333.8805,324.6625,1074,106.3014
1092,1092,A,2,328.833,320.0585,1075,91.9227
1093,1093,A,2,325.414,314.1435,1076,81.3218
1094,1094,G,2,321.414,314.1435,1077,75.1274
1095,1095,U,2,317.414,314.1435,1078,76.5685
1096,1096,C,2,313.414,314.1435,1079,99.204
1097,1097,U,2,313.637,317.425,1080,87.7435
1098,1098,U,2,311.392,319.828,1081,88.1665
1099,1099,U,2,308.103,319.828,1082,78.566
1100,1100,G,2,305.8575,317.425,1083,68.6235
1101,1101,G,2,306.0805,314.1435,1084,71.9017
1102,1102,G,2,302.0805,314.1435,1085,71.5383
1103,1103,U,2,298.0805,314.1435,1086,65.4095
1104,1104,U,2,292.3345,314.3925,1087,65.341
1105,1105,C,2,285.5805,314.8105,1088,64.84
1106,1106,U,2,285.5805,318.8105,1089,62.35
1107,1107,G,2,285.5805,322.8105,1090,59.6765
1108,1108,G,2,288.3755,328.8055,1091,60.867
1109,1109,G,2,288.5805,335.8105,1092,65.0291
1110,1110,G,2,292.5805,335.8105,1093,54.7252
1111,1111,G,2,296.5805,335.8105,1094,60.72
1112,1112,G,2,299.155,333.26,1095,61.7265
1113,1113,A,2,302.3815,331.6095,1096,59.7091
1114,1114,G,2,305.9565,331.015,1097,66.993
1115,1115,U,2,309.5435,331.5315,1098,64.3155
1116,1116,A,2,312.805,333.1115,1099,57.2945
1117,1117,U,2,315.4345,335.6055,1100,55.0315
1118,1118,G,2,317.184,338.779,1101,52.6009
1119,1119,G,2,320.8095,340.4695,1102,55.7109
1120,1120,U,2,324.4345,342.16,1103,53.067
1121,1121,C,2,328.0595,343.8505,1104,55.2215
1122,1122,G,2,331.628,345.656,1105,61.8278
1123,1123,C,2,332.9355,349.4355,1106,64.7455
1124,1124,A,2,331.245,353.0595,1107,63.1836
1125,1125,A,2,327.5095,354.487,1108,56.8595
1126,1126,G,2,323.833,352.9135,1109,53.7843
1127,1127,G,2,320.208,351.223,1110,57.3022
1128,1128,C,2,316.583,349.5325,1111,52.715
1129,1129,U,2,312.9575,347.842,1112,52.7665
1130,1130,G,2,309.7595,349.593,1113,57.3904
1131,1131,A,2,306.178,350.277,1114,55.2264
1132,1132,A,2,302.5595,349.8285,1115,59.8164
1133,1133,A,2,299.254,348.29,1116,61.5391
1134,1134,C,2,296.5805,345.8105,1117,60.751
1135,1135,U,2,292.5805,345.8105,1118,55.128
1136,1136,U,2,288.5805,345.8105,1119,63.571
1137,1137,A,2,288.7795,353.3145,1120,72.2186
1138,1138,A,2,293.583,354.223,1121,62.0591
1139,1139,A,2,297.973,355.923,1122,64.4786
1140,1140,G,2,303.3345,359.302,1123,68.4183
1141,1141,G,2,308.5075,364.2225,1124,63.9017
1142,1142,A,2,309.7425,371.0195,1125,66.5868
1143,1143,A,2,309.101,376.7335,1126,69.3436
1144,1144,U,2,307.7615,382.7805,1127,74.0095
1145,1145,U,2,312.8305,382.7855,1128,71.0915
1146,1146,G,2,316.8305,382.7855,1129,78.6313
1147,1147,A,2,324.364,382.7855,1130,68.9855
1148,1148,C,2,328.364,382.7855,1131,73.0815
1149,1149,G,2,332.364,382.7855,1132,87.0043
1150,1150,G,2,336.264,380.7925,1133,93.5691
1151,1151,A,2,340.164,382.7855,1134,113.0532
1152,1152,A,2,344.164,382.7855,1135,110.0623
1153,1153,G,2,348.164,382.7855,1136,108.5526
1154,1154,G,2,352.164,382.7855,1137,98.5883
1155,1155,G,2,356.164,382.7855,1138,105.8761
1156,1156,C,2,360.164,382.7855,1139,98.9465
1157,1157,A,2,364.164,382.7855,1140,92.3186
1158,1158,C,2,369.828,381.007,1141,88.455
1159,1159,C,2,375.765,380.9895,1142,91.4125
1160,1160,A,2,381.439,382.7355,1143,80.6645
1161,1161,C,2,385.439,382.7355,1144,89.504
1162,1162,C,2,390.514,382.8355,1145,94.0565
1163,1163,A,2,396.339,382.83,1146,103.2332
1164,1164,G,2,399.7435,380.73,1147,105.8083
1165,1165,G,2,403.148,378.63,1148,96.0378
1166,1166,A,2,406.5525,376.53,1149,103.7918
1167,1167,G,2,409.9565,374.43,1150,90.777
1168,1168,U,2,413.361,372.33,1151,81.938
1169,1169,G,2,417.721,368.699,1152,89.7943
1170,1170,G,2,420.364,363.678,1153,87.5374
1171,1171,A,2,421.884,359.6855,1154,97.8745
1172,1172,G,2,421.904,355.6855,1155,86.6604
1173,1173,C,2,421.924,351.6855,1156,71.3765
1174,1174,C,2,420.444,347.678,1157,78.8885
1175,1175,U,2,421.964,343.6855,1158,70.157
1176,1176,G,2,421.984,339.6855,1159,70.1465
1177,1177,C,2,422.004,335.6855,1160,76.633
1178,1178,G,2,422.024,331.6855,1161,75.2061
1179,1179,G,2,421.864,325.6855,1162,73.6348
1180,1180,C,2,421.864,321.6855,1163,68.567
1181,1181,U,2,418.414,322.9855,1164,77.002
1182,1182,U,2,415.364,325.6855,1165,73.6
1183,1183,A,2,411.364,326.6855,1166,76.5336
1184,1184,A,2,407.364,325.852,1167,68.5505
1185,1185,U,2,403.8995,324.221,1168,71.1255
1186,1186,U,2,401.071,327.0495,1169,73.2395
1187,1187,U,2,398.243,329.8775,1170,65.143
1188,1188,G,2,395.4145,332.706,1171,66.853
1189,1189,A,2,394.588,336.6215,1172,75.7582
1190,1190,C,2,391.875,339.5635,1173,75.006
1191,1191,U,2,388.039,340.7025,1174,86.157
1192,1192,C,2,384.16,339.719,1175,87.771
1193,1193,A,2,381.3305,336.8895,1176,83.7059
1194,1194,A,2,380.3465,333.0105,1177,86.5845
1195,1195,C,2,381.486,329.1745,1178,77.1425
1196,1196,A,2,384.4275,326.461,1179,74.8864
1197,1197,C,2,388.3435,325.635,1180,70.7595
1198,1198,G,2,391.1715,322.8065,1181,70.0091
1199,1199,G,2,394,319.978,1182,79.427
1200,1200,G,2,396.8285,317.15,1183,68.4235
1201,1201,G,2,396.864,312.6855,1184,83.1643
1202,1202,A,2,397.864,308.6855,1185,79.4455
1203,1203,A,2,399.864,305.1855,1186,76.0159
1204,1204,A,2,402.864,302.6855,1187,69.5214
1205,1205,C,2,406.864,301.1855,1188,86.2345
1206,1206,U,2,410.864,300.6855,1189,76.47
1207,1207,C,2,414.864,301.1855,1190,76.357
1208,1208,A,2,418.564,303.3355,1191,71.99
1209,1209,C,2,421.989,303.4355,1192,71.023
1210,1210,C,2,421.989,299.4355,1193,72.5105
1211,1211,A,2,421.989,295.4355,1194,78.5818
1212,1212,G,2,421.989,291.4355,1195,82.6035
1213,1213,G,2,421.989,287.4355,1196,87.1291
1214,1214,U,2,420.489,283.4355,1197,82.804
1215,1215,C,2,421.989,279.4355,1198,87.908
1216,1216,C,2,417.7725,280.1685,1199,81.768
1217,1217,A,2,414.6075,282.88,1200,91.7341
1218,1218,G,2,410.8655,281.9685,1201,96.9409
1219,1219,A,2,409.6025,278.8885,1202,107.71
1220,1220,C,2,409.159,274.982,1203,98.286
1221,1221,A,2,406.5875,271.918,1204,116.8336
1222,1222,C,2,404.0165,268.8535,1205,117.147
1223,1223,A,2,401.4455,265.7895,1206,126.4377
1224,1224,A,2,398.8745,262.7255,1207,129.8355
1225,1225,U,2,395.041,262.171,1208,127.5595
1226,1226,A,2,391.374,260.9225,1209,139.9191
1227,1227,A,2,387.998,259.0225,1210,148.2868
1228,1228,G,2,385.028,256.5355,1211,141.8987
1229,1229,G,2,382.5645,253.546,1212,135.5548
1230,1230,A,2,380.6915,250.1555,1213,113.1555
1231,1231,U,2,379.472,246.4785,1214,107.733
1232,1232,U,2,378.9475,242.6405,1215,112.0715
1233,1233,G,2,379.136,238.7715,1216,108.363
1234,1234,A,2,376.5645,235.707,1217,101.7623
1235,1235,C,2,372.845,233.6065,1218,107.0375
1236,1236,A,2,371.423,229.5785,1219,115.6814
1237,1237,G,2,368.852,226.514,1220,123.2304
1238,1238,A,2,366.2815,223.4495,1221,105.5286
1239,1239,U,2,362.453,222.285,1222,108.6535
1240,1240,U,2,359.759,219.3255,1223,116.6695
1241,1241,G,2,358.9585,215.405,1224,98.1926
1242,1242,A,2,360.2765,211.6265,1225,92.8659
1243,1243,G,2,363.3425,209.0545,1226,125.3878
1244,1244,A,2,367.2925,208.413,1227,90.1227
1245,1245,G,2,371.0145,209.8825,1228,108.4213
1246,1246,C,2,373.4605,213.0495,1229,86.1765
1247,1247,U,2,373.942,217.0225,1230,106.3905
1248,1248,C,2,376.513,220.0865,1231,110.618
1249,1249,U,2,379.084,223.151,1232,109.9975
1250,1250,U,2,382.804,225.251,1233,119.261
1251,1251,U,2,384.226,229.28,1234,118.6085
1252,1252,C,2,386.7965,232.344,1235,105.7785
1253,1253,U,2,391.4545,233.619,1236,109.084
1254,1254,U,2,395.756,235.8145,1237,109.1315
1255,1255,G,2,399.521,238.839,1238,118.807
1256,1256,A,2,402.592,242.566,1239,121.2845
1257,1257,U,2,404.841,246.84,1240,111.8225
1258,1258,U,2,406.174,251.4815,1241,107.849
1259,1259,U,2,406.535,256.2975,1242,107.108
1260,1260,U,2,409.106,259.362,1243,107.066
1261,1261,G,2,411.677,262.426,1244,132.1687
1262,1262,U,2,414.2485,265.4905,1245,123.2955
1263,1263,G,2,416.8195,268.5545,1246,126.7422
1264,1264,G,2,419.4295,271.8085,1247,116.007
1265,1265,G,2,421.989,268.6855,1248,119.3678
1266,1266,U,2,434.4705,265.9355,1249,106.638
1267,1267,G,2,421.989,262.1855,1250,82.1983
1268,1268,G,2,421.989,258.1855,1251,80.253
1269,1269,U,2,418.789,255.1855,1252,72.9335
1270,1270,G,2,421.989,252.9355,1253,72.8278
1271,1271,G,2,421.989,248.9355,1254,75.5113
1272,1272,U,2,421.989,244.9355,1255,75.41
1273,1273,G,2,421.989,240.9355,1256,78.6952
1274,1274,C,2,418.489,239.9355,1257,76.6765
1275,1275,A,2,418.489,235.9355,1258,73.9805
1276,1276,U,2,421.989,234.9355,1259,71.711
1277,1277,G,2,421.989,228.4355,1260,78.8139
1278,1278,G,2,421.989,219.4355,1261,68.4735
1279,1279,C,2,421.989,215.4355,1262,76.1715
1280,1280,C,2,421.989,211.4355,1263,69.697
1281,1281,G,2,421.989,206.4355,1264,81.7639
1282,1282,U,2,421.989,202.4355,1265,73.326
1283,1283,U,2,421.989,198.4355,1266,87.652
1284,1284,C,2,420.489,194.4355,1267,98.47
1285,1285,U,2,421.989,190.4355,1268,117.13
1286,1286,U,2,420.079,186.4105,1269,103.5165
1287,1287,A,2,419.094,182.2305,1270,91.8045
1288,1288,G,2,418.989,177.9355,1271,86.0291
1289,1289,U,2,414.989,177.9355,1272,86.206
1290,1290,U,2,410.989,177.9355,1273,95.041
1291,1291,G,2,406.989,179.4355,1274,95.8183
1292,1292,G,2,402.989,177.9355,1275,93.6422
1293,1293,U,2,398.989,177.9355,1276,93.935
1294,1294,G,2,393.489,177.9355,1277,101.2883
1295,1295,G,2,389.489,177.9355,1278,89.7974
1296,1296,A,2,385.489,177.9355,1279,81.8705
1297,1297,G,2,381.492,177.8075,1280,78.2265
1298,1298,U,2,378.71,174.9345,1281,72.889
1299,1299,G,2,378.71,170.936,1282,70.4152
1300,1300,A,2,381.492,168.063,1283,76.2882
1301,1301,U,2,385.489,167.9355,1284,79.0275
1302,1302,U,2,389.489,167.9355,1285,76.402
1303,1303,U,2,393.489,167.9355,1286,87.331
1304,1304,G,2,390.194,164.2785,1287,87.8652
1305,1305,U,2,389.4455,159.4135,1288,81.5125
1306,1306,C,2,389.989,154.9355,1289,95.388
1307,1307,U,2,391.489,150.9355,1290,118.1175
1308,1308,G,2,391.489,146.9355,1291,101.267
1309,1309,C,2,391.489,142.9355,1292,99.282
1310,1310,U,2,390.1265,139.1735,1293,94.025
1311,1311,U,2,391.278,135.3415,1294,106.0475
1312,1312,A,2,394.4885,132.9535,1295,93.0882
1313,1313,A,2,398.4895,132.9535,1296,85.1514
1314,1314,U,2,401.7,135.3415,1297,95.835
1315,1315,U,2,402.8515,139.1735,1298,86.2085
1316,1316,G,2,401.489,142.9355,1299,89.9422
1317,1317,C,2,401.489,146.9355,1300,91.7955
1318,1318,G,2,401.489,150.9355,1301,95.3165
1319,1319,A,2,402.989,154.9355,1302,109.0482
1320,1320,U,2,402.9625,159.5115,1303,98.584
1321,1321,A,2,402.055,164.2325,1304,86.5823
1322,1322,A,2,398.989,167.9355,1305,85.0795
1323,1323,C,2,402.989,167.9355,1306,98.7955
1324,1324,G,2,406.989,166.4355,1307,97.5983
1325,1325,A,2,410.989,167.9355,1308,94.9973
1326,1326,A,2,414.989,167.9355,1309,87.2227
1327,1327,C,2,418.989,167.9355,1310,93.197
1328,1328,G,2,420.489,163.9355,1311,88.9143
1329,1329,A,2,423.489,160.9355,1312,88.1082
1330,1330,G,2,427.489,159.9355,1313,93.9552
1331,1331,A,2,431.489,160.9355,1314,83.26
1332,1332,C,2,434.489,163.9355,1315,87.667
1333,1333,C,2,435.989,167.9355,1316,76.9335
1334,1334,U,2,439.989,167.9355,1317,79.8555
1335,1335,U,2,443.989,167.9355,1318,84.2485
1336,1336,A,2,447.989,167.9355,1319,87.635
1337,1337,A,2,451.989,167.9355,1320,94.7045
1338,1338,C,2,457.489,167.9355,1321,90.059
1339,1339,C,2,461.489,167.9355,1322,98.3325
1340,1340,U,2,465.489,167.9355,1323,127.461
1341,1341,A,2,468.239,163.7085,1324,108.1923
1342,1342,C,2,470.989,167.9355,1325,115.887
1343,1343,U,2,474.989,167.9355,1326,116.387
1344,1344,A,2,478.989,167.9355,1327,125.6073
1345,1345,A,2,482.989,167.9355,1328,103.6123
1346,1346,A,2,484.2025,164.0475,1329,124.1595
1347,1347,U,2,488.2755,164.0475,1330,98.802
1348,1348,A,2,489.489,167.9355,1331,101.1895
1349,1349,G,2,493.489,167.9355,1332,112.7409
1350,1350,U,2,497.489,167.9355,1333,110.8815
1351,1351,G,2,501.489,167.9355,1334,122.2526
1352,1352,G,2,505.489,167.9355,1335,131.8278
1353,1353,U,2,511.078,165.8325,1336,142.7445
1354,1354,G,2,516.6055,168.091,1337,123.2891
1355,1355,C,2,520.6055,168.091,1338,124.694
1356,1356,U,2,524.6055,168.091,1339,114.8345
1357,1357,A,2,528.6055,168.091,1340,112.2291
1358,1358,G,2,532.6055,168.091,1341,128.3261
1359,1359,C,2,536.6055,168.091,1342,125.2945
1360,1360,A,2,540.6025,168.219,1343,134.2686
1361,1361,U,2,543.3845,171.0915,1344,174.9675
1362,1362,U,2,543.3845,175.0905,1345,300.3675
1363,1363,U,2,540.6025,177.963,1346,276.479
1364,1364,G,2,536.6055,178.091,1347,130.8783
1365,1365,C,2,532.6055,178.091,1348,113.7935
1366,1366,U,2,528.6055,178.091,1349,114.127
1367,1367,G,2,524.6055,178.091,1350,110.7326
1368,1368,G,2,520.6055,178.091,1351,101.5861
1369,1369,U,2,516.6055,178.091,1352,115.2595
1370,1370,U,2,514.387,180.849,1353,188.672
1371,1371,A,2,510.9935,181.856,1354,219.815
1372,1372,U,2,507.6295,180.7545,1355,173.256
1373,1373,C,2,505.489,177.9355,1356,148.9385
1374,1374,C,2,501.489,177.9355,1357,125.558
1375,1375,A,2,497.489,177.9355,1358,118.6532
1376,1376,C,2,493.489,177.9355,1359,115.671
1377,1377,U,2,489.489,177.9355,1360,120.399
1378,1378,U,2,488.188,181.61,1361,105.508
1379,1379,C,2,484.29,181.61,1362,98.0765
1380,1380,U,2,482.989,177.9355,1363,102.7745
1381,1381,U,2,478.989,177.9355,1364,92.9515
1382,1382,A,2,474.989,177.9355,1365,95.495
1383,1383,G,2,470.989,177.9355,1366,116.3004
1384,1384,A,2,465.489,177.9355,1367,106.4036
1385,1385,G,2,461.489,177.9355,1368,110.9661
1386,1386,G,2,457.489,177.9355,1369,96.4678
1387,1387,G,2,459.439,181.6855,1370,92.0013
1388,1388,A,2,463.089,183.6205,1371,90.9627
1389,1389,C,2,465.489,186.9355,1372,93.086
1390,1390,U,2,466.194,190.9655,1373,96.2605
1391,1391,A,2,465.059,194.8955,1374,103.3223
1392,1392,U,2,462.319,197.9355,1375,104.531
1393,1393,C,2,464.319,201.3995,1376,117.0385
1394,1394,G,2,466.3195,204.8635,1377,126.5448
1395,1395,G,2,468.3195,208.3275,1378,120.4883
1396,1396,U,2,470.3195,211.7915,1379,123.545
1397,1397,U,2,472.9195,214.829,1380,157.067
1398,1398,U,2,472.943,218.827,1381,213.926
1399,1399,C,2,470.379,221.895,1382,237.153
1400,1400,A,2,466.4405,222.5815,1383,107.855
1401,1401,A,2,462.9895,220.562,1384,100.0495
1402,1402,G,2,461.659,216.7915,1385,106.9904
1403,1403,C,2,459.659,213.3275,1386,100.431
1404,1404,C,2,457.659,209.8635,1387,116.183
1405,1405,G,2,455.659,206.3995,1388,116.457
1406,1406,A,2,453.659,202.9355,1389,120.6845
1407,1407,U,2,449.449,202.0305,1390,110.115
1408,1408,G,2,445.879,199.5855,1391,110.7822
1409,1409,G,2,443.499,195.9655,1392,113.2143
1410,1410,A,2,442.669,191.7205,1393,96.7395
1411,1411,A,2,443.514,187.4755,1394,99.3073
1412,1412,G,2,445.909,183.8655,1395,96.9778
1413,1413,U,2,449.489,181.4355,1396,118.6395
1414,1414,U,2,451.989,177.9355,1397,104.5205
1415,1415,U,2,447.989,177.9355,1398,93.519
1416,1416,G,2,443.989,177.9355,1399,88.9935
1417,1417,A,2,439.989,177.9355,1400,88.4732
1418,1418,G,2,435.989,177.9355,1401,78.9165
1419,1419,G,2,436.949,181.414,1402,86.4091
1420,1420,C,2,436.529,184.998,1403,90.477
1421,1421,A,2,434.79,188.1605,1404,84.9441
1422,1422,A,2,431.989,190.4355,1405,90.9055
1423,1423,U,2,433.489,194.4355,1406,106
1424,1424,A,2,431.989,198.4355,1407,99.8205
1425,1425,A,2,431.989,202.4355,1408,91.1627
1426,1426,C,2,431.989,206.4355,1409,82.7085
1427,1427,A,2,435.189,208.8855,1410,72.1745
1428,1428,G,2,431.989,211.4355,1411,78.9226
1429,1429,G,2,431.989,215.4355,1412,75.2452
1430,1430,U,2,431.989,219.4355,1413,66.958
1431,1431,C,2,435.436,220.604,1414,79.113
1432,1432,U,2,436.902,223.9355,1415,74.4965
1433,1433,G,2,435.436,227.2665,1416,63.9487
1434,1434,U,2,431.989,228.4355,1417,74.11
1435,1435,G,2,433.798,231.6855,1418,80.5765
1436,1436,A,2,431.989,234.9355,1419,74.4264
1437,1437,U,2,431.989,240.9355,1420,74.933
1438,1438,G,2,431.989,244.9355,1421,75.9435
1439,1439,C,2,431.989,248.9355,1422,82.419
1440,1440,C,2,431.989,252.9355,1423,84.533
1441,1441,C,2,431.989,258.1855,1424,86.4035
1442,1442,U,2,431.989,262.1855,1425,81.9715
1443,1443,U,2,431.989,268.6855,1426,90.836
1444,1444,A,2,434.9655,269.834,1427,86.3182
1445,1445,G,2,436.7705,272.465,1428,105.9887
1446,1446,A,2,436.7705,275.6555,1429,101.0523
1447,1447,C,2,434.9655,278.2865,1430,79.66
1448,1448,G,2,431.989,279.4355,1431,85.7561
1449,1449,U,2,433.489,283.4355,1432,83.874
1450,1450,U,2,431.989,287.4355,1433,80.1345
1451,1451,C,2,431.989,291.4355,1434,80.132
1452,1452,U,2,431.989,295.4355,1435,75.903
1453,1453,G,2,431.989,299.4355,1436,77.7543
1454,1454,G,2,431.989,303.4355,1437,74.117
1455,1455,G,2,433.866,307.835,1438,73.2183
1456,1456,C,2,434.4855,312.578,1439,66.931
1457,1457,C,2,433.8015,317.312,1440,86.566
1458,1458,G,2,431.864,321.6855,1441,72.0839
1459,1459,C,2,431.864,325.6855,1442,82.028
1460,1460,A,2,434.3405,328.647,1443,77.295
1461,1461,C,2,432.024,331.7355,1444,74.492
1462,1462,G,2,432.004,335.7355,1445,77.5413
1463,1463,C,2,431.984,339.7355,1446,82.0035
1464,1464,G,2,431.964,343.7355,1447,96.8926
1465,1465,C,2,433.444,347.743,1448,77.7585
1466,1466,G,2,431.924,351.7355,1449,85.6239
1467,1467,C,2,431.904,355.7355,1450,74.132
1468,1468,U,2,431.884,359.7355,1451,83.193
1469,1469,A,2,433.364,363.743,1452,94.1977
1470,1470,C,2,436.8805,362.3565,1453,90.2055
1471,1471,A,2,440.6335,361.9055,1454,102.6495
1472,1472,C,2,444.378,362.4195,1455,113.385
1473,1473,U,2,447.871,363.864,1456,97.0995
1474,1474,G,2,450.8845,366.146,1457,97.0226
1475,1475,A,2,454.036,363.6825,1458,100.0868
1476,1476,C,2,457.187,361.219,1459,105.2475
1477,1477,G,2,460.3385,358.7555,1460,98.3917
1478,1478,G,2,463.4895,356.2915,1461,108.8948
1479,1479,A,2,466.641,353.828,1462,103.0582
1480,1480,G,2,469.792,351.3645,1463,99.1274
1481,1481,C,2,469.464,347.0855,1464,90.555
1482,1482,C,2,470.964,343.5855,1465,93.5215
1483,1483,A,2,473.464,340.5855,1466,84.9459
1484,1484,G,2,477.464,338.5855,1467,85.2539
1485,1485,C,2,481.464,338.0855,1468,83.0775
1486,1486,G,2,485.6035,339.0045,1469,87.2174
1487,1487,A,2,488.7545,336.54,1470,82.1464
1488,1488,G,2,491.905,334.0755,1471,80.1813
1489,1489,U,2,489.9515,331.1815,1472,89.9025
1490,1490,C,2,489.975,327.6905,1473,137.913
1491,1491,U,2,491.967,324.823,1474,169.266
1492,1492,A,2,495.231,323.5835,1475,171.3936
1493,1493,A,2,498.6245,324.4055,1476,123.0518
1494,1494,C,2,500.9595,327.001,1477,83.149
1495,1495,C,2,504.111,324.5375,1478,84.933
1496,1496,U,2,502.532,319.99,1479,87.4615
1497,1497,U,2,504.812,315.75,1480,94.4495
1498,1498,G,2,509.4765,314.5605,1481,92.8539
1499,1499,G,2,513.5085,317.19,1482,100.517
1500,1500,C,2,518.161,313.2275,1483,90.3115
1501,1501,C,2,521.3135,310.7655,1484,101.62
1502,1502,G,2,524.542,308.4055,1485,101.94
1503,1503,A,2,528.503,308.957,1486,96.6132
1504,1504,G,2,530.9645,312.1085,1487,87.227
1505,1505,A,2,530.5405,316.085,1488,96.4809
1506,1506,G,2,527.469,318.646,1489,95.7317
1507,1507,G,2,524.3165,321.1085,1490,94.1143
1508,1508,U,2,523.753,325.159,1491,87.8965
1509,1509,C,2,519.6645,325.0705,1492,103.139
1510,1510,U,2,518.3175,329.37,1493,108.6
1511,1511,U,2,514.768,332.1455,1494,104.489
1512,1512,G,2,510.27,332.4155,1495,100.6809
1513,1513,G,2,507.1185,334.8795,1496,89.9826
1514,1514,U,2,508.464,338.5855,1497,96.9505
1515,1515,A,2,507.964,342.0855,1498,90.7436
1516,1516,A,2,504.964,344.5855,1499,84.3818
1517,1517,U,2,500.964,344.5855,1500,93.4185
1518,1518,C,2,498.066,341.9525,1501,92.563
1519,1519,U,2,494.915,344.417,1502,79.107
1520,1520,U,2,491.7645,346.881,1503,89.083
1521,1521,G,2,492.585,350.6545,1504,85.1739
1522,1522,U,2,491.9705,354.467,1505,99.514
1523,1523,G,2,490.0065,357.792,1506,91.7657
1524,1524,A,2,486.964,360.1705,1507,80.89
1525,1525,A,2,483.263,361.2735,1508,93.8577
1526,1526,A,2,479.415,360.9495,1509,98.0368
1527,1527,C,2,475.951,359.2425,1510,112.3525
1528,1528,U,2,472.8,361.706,1511,113.972
1529,1529,C,2,469.6485,364.17,1512,107.652
1530,1530,C,2,466.4975,366.6335,1513,114.571
1531,1531,G,2,463.346,369.097,1514,108.6943
1532,1532,U,2,460.195,371.5605,1515,103.7345
1533,1533,C,2,457.0435,374.0245,1516,129.944
1534,1534,G,2,458.576,378.0155,1517,114.4726
1535,1535,U,2,459.0105,382.269,1518,135.5185
1536,1536,G,2,458.3155,386.4875,1519,104.5139
1537,1537,C,2,456.541,390.377,1520,118.38
1538,1538,U,2,453.8095,393.6665,1521,105.3325
1539,1539,G,2,450.3125,396.126,1522,123.2961
1540,1540,G,2,446.2935,397.584,1523,99.3383
1541,1541,G,2,449.5935,400.297,1524,99.2435
1542,1542,G,2,451.5945,403.7605,1525,95.6283
1543,1543,A,2,453.5955,407.224,1526,87.8259
1544,1544,U,2,455.5965,410.6875,1527,79.071
1545,1545,A,2,456.299,414.901,1528,81.7064
1546,1546,G,2,458.3,418.3645,1529,95.5096
1547,1547,A,2,460.301,421.828,1530,88.9118
1548,1548,G,2,462.3025,425.2915,1531,91.3148
1549,1549,C,2,464.3035,428.755,1532,86.7275
1550,1550,A,2,466.3045,432.2185,1533,83.3964
1551,1551,U,2,469.6045,434.9315,1534,84.1185
1552,1552,U,2,472.811,437.3255,1535,80.888
1553,1553,G,2,474.499,440.9535,1536,76.7448
1554,1554,U,2,474.264,444.948,1537,87.552
1555,1555,A,2,472.163,448.3535,1538,71.7977
1556,1556,A,2,468.6985,450.3555,1539,82.8036
1557,1557,U,2,464.6985,450.4745,1540,77.5055
1558,1558,U,2,461.121,448.683,1541,77.256
1559,1559,A,2,458.8205,445.4085,1542,98.7773
1560,1560,U,2,458.348,441.435,1543,83.76
1561,1561,U,2,457.646,437.2215,1544,75.056
1562,1562,G,2,455.645,433.758,1545,85.9861
1563,1563,C,2,453.6435,430.2945,1546,88.712
1564,1564,U,2,451.6425,426.831,1547,89.41
1565,1565,C,2,449.6415,423.3675,1548,96.9225
1566,1566,U,2,447.6405,419.904,1549,102.6695
1567,1567,U,2,444.3405,417.191,1550,88.572
1568,1568,C,2,442.3395,413.7275,1551,98.264
1569,1569,A,2,440.338,410.264,1552,91.16
1570,1570,A,2,438.337,406.8005,1553,91.3527
1571,1571,C,2,437.635,402.5865,1554,98.7455
1572,1572,G,2,432.846,400.8155,1555,124.637
1573,1573,A,2,428.502,398.1315,1556,107.7373
1574,1574,G,2,424.775,394.642,1557,96.4496
1575,1575,G,2,421.812,390.4835,1558,92.6161
1576,1576,A,2,419.7295,385.8215,1559,93.3668
1577,1577,A,2,418.611,380.841,1560,94.9495
1578,1578,U,2,415.2065,382.941,1561,82.585
1579,1579,U,2,411.8025,385.041,1562,90.8565
1580,1580,C,2,408.398,387.141,1563,88.9165
1581,1581,C,2,404.9935,389.241,1564,86.89
1582,1582,U,2,401.589,391.341,1565,87.743
1583,1583,A,2,403.6145,393.202,1566,100.3841
1584,1584,G,2,406,396.493,1567,90.0143
1585,1585,U,2,407.012,400.617,1568,92.2215
1586,1586,A,2,406.475,404.487,1569,86.8786
1587,1587,A,2,404.994,408.3855,1570,86.5668
1588,1588,G,2,406.994,411.8495,1571,89.5348
1589,1589,C,2,408.9945,415.3135,1572,82.1795
1590,1590,G,2,410.9945,418.7775,1573,87.12
1591,1591,C,2,412.9945,422.2415,1574,82.0135
1592,1592,A,2,414.9945,425.7055,1575,82.8682
1593,1593,A,2,416.9945,429.1695,1576,75.5423
1594,1594,G,2,418.9945,432.634,1577,76.6657
1595,1595,U,2,422.3555,434.801,1578,81.439
1596,1596,C,2,423.9635,438.463,1579,74.7385
1597,1597,A,2,423.2845,442.404,1580,75.5955
1598,1598,U,2,420.5435,445.3165,1581,77.4915
1599,1599,C,2,416.651,446.234,1582,82.527
1600,1600,A,2,412.898,444.8515,1583,84.39
1601,1601,G,2,410.5305,441.6285,1584,85.4313
1602,1602,C,2,410.3345,437.634,1585,72.005
1603,1603,U,2,408.334,434.17,1586,76.7185
1604,1604,U,2,406.334,430.7055,1587,83.1595
1605,1605,G,2,404.334,427.2415,1588,72.9461
1606,1606,C,2,402.334,423.7775,1589,73.262
1607,1607,G,2,400.334,420.3135,1590,87.2839
1608,1608,U,2,398.334,416.8495,1591,85.6825
1609,1609,U,2,396.334,413.3855,1592,94.8945
1610,1610,G,2,392.4495,412.544,1593,94.4178
1611,1611,A,2,388.9685,410.625,1594,103.8736
1612,1612,U,2,386.184,407.7885,1595,101.531
1613,1613,U,2,384.329,404.273,1596,107.7425
1614,1614,A,2,383.56,400.3735,1597,111.3809
1615,1615,C,2,383.9405,396.417,1598,112.4315
1616,1616,G,2,385.439,392.7355,1599,100.8774
1617,1617,U,2,381.439,392.7355,1600,105.0465
1618,1618,C,2,377.3535,394.8585,1601,104.354
1619,1619,C,2,372.8095,395.5995,1602,98.771
1620,1620,C,2,368.2615,394.885,1603,101.8915
1621,1621,U,2,364.164,392.7855,1604,96.321
1622,1622,G,2,360.164,392.7855,1605,93.7022
1623,1623,C,2,356.164,392.7855,1606,95.3675
1624,1624,C,2,352.164,392.7855,1607,93.737
1625,1625,C,2,348.164,392.7855,1608,101.719
1626,1626,U,2,344.164,392.7855,1609,91.833
1627,1627,U,2,340.164,392.7855,1610,84.9335
1628,1628,U,2,332.364,392.7855,1611,84.443
1629,1629,G,2,328.364,392.7855,1612,75.0752
1630,1630,U,2,324.364,392.7855,1613,79.1915
1631,1631,A,2,320.5975,394.784,1614,70.8791
1632,1632,C,2,316.8305,392.7855,1615,71.4615
1633,1633,A,2,312.8305,392.7855,1616,70.2232
1634,1634,C,2,312.8355,397.078,1617,83.079
1635,1635,A,2,312.8405,401.3705,1618,76.9905
1636,1636,C,2,312.845,405.663,1619,75.8605
1637,1637,C,2,312.85,409.9555,1620,75.7905
1638,1638,G,2,312.855,414.248,1621,72.0539
1639,1639,C,2,311.355,418.248,1622,74.4225
1640,1640,C,2,312.785,422.9225,1623,73.598
1641,1641,C,2,312.8305,427.8105,1624,68.86
1642,1642,G,2,312.8305,431.8105,1625,62.8104
1643,1643,U,2,310.2405,436.4855,1626,66.1275
1644,1644,C,2,309.3355,441.3105,1627,66.0205
1645,1645,G,2,310.2405,446.1355,1628,65.9622
1646,1646,C,2,311.3305,450.3105,1629,73.7315
1647,1647,U,2,312.8305,454.3105,1630,70.3
1648,1648,A,2,312.8305,458.3105,1631,61.4827
1649,1649,G,2,312.8305,462.3105,1632,54.7735
1650,1650,U,2,312.8305,466.3105,1633,57.554
1651,1651,A,2,311.3305,470.3105,1634,52.9995
1652,1652,C,2,312.8305,474.3105,1635,53.366
1653,1653,C,2,312.8305,478.3105,1636,50.874
1654,1654,G,2,311.3305,482.3105,1637,53.4213
1655,1655,A,2,311.3305,486.3105,1638,59.9341
1656,1656,U,2,312.8305,490.3105,1639,52.991
1657,1657,U,2,310.205,493.0605,1640,130.7245
1658,1658,G,2,312.8305,495.8105,1641,69.5839
1659,1659,A,2,312.8305,499.8105,1642,64.8077
1660,1660,A,2,312.8305,503.8105,1643,59.9223
1661,1661,U,2,312.8305,507.8105,1644,77.7885
1662,1662,G,2,312.8305,511.8105,1645,74.7226
1663,1663,G,2,312.8305,515.8105,1646,74.803
1664,1664,C,2,312.8305,519.8105,1647,72.347
1665,1665,U,2,312.8305,523.8105,1648,81.15
1666,1666,U,2,311.3305,527.8105,1649,72.0565
1667,1667,A,2,312.8305,531.8105,1650,69.2723
1668,1668,G,2,312.8305,535.8105,1651,66.9565
1669,1669,U,2,312.8305,539.8105,1652,71.1745
1670,1670,G,2,309.675,542.347,1653,65.39
1671,1671,A,2,309.675,546.396,1654,64.4882
1672,1672,G,2,312.8305,548.9325,1655,74.2343
1673,1673,G,2,311.3305,552.9325,1656,73.0622
1674,1674,C,2,312.8305,556.9325,1657,67.447
1675,1675,C,2,312.8305,560.9325,1658,64.8975
1676,1676,U,2,311.3305,564.9325,1659,66.791
1677,1677,C,2,311.3305,568.9325,1660,76.8215
1678,1678,A,2,312.8305,572.9325,1661,79.4786
1679,1679,G,2,311.3305,576.9325,1662,87.4552
1680,1680,G,2,311.3305,580.9325,1663,112.7065
1681,1681,A,2,311.3305,584.9325,1664,116.3264
1682,1682,U,2,312.8305,588.9325,1665,139.465
1683,1683,C,2,312.8305,592.9325,1666,158.5955
1684,1684,U,2,312.8305,596.9325,1667,164.4425
1685,1685,G,2,312.8305,600.9325,1668,175.1065
1686,1686,C,2,312.8305,604.9325,1669,202.5165
1687,1687,U,2,312.8305,608.9325,1670,212.861
1688,1688,U,2,312.8305,612.9325,1671,289.7245
1689,1689,A,2,311.3305,616.9325,1672,267.1932
1690,1690,G,2,312.8305,620.9325,1673,341.727
1691,1691,A,2,312.8305,624.9325,1674,306.1868
1692,1692,G,2,312.8305,628.9325,1675,297.3722
1693,1693,A,2,312.8305,632.9325,1676,333.3336
1694,1694,A,2,311.3305,636.9325,1677,327.0217
1695,1695,G,2,312.8305,640.9325,1678,298.8175
1696,1696,G,2,312.8305,644.9325,1679,347.8892
1697,1697,G,2,312.8305,648.9325,1680,370.6517
1698,1698,G,2,312.8305,652.9325,1681,357.055
1699,1699,G,2,312.9585,656.9295,1682,333.0492
1700,1700,C,2,315.831,659.712,1683,299.8833
1701,1701,A,2,319.83,659.712,1684,257.8592
1702,1702,A,2,322.7025,656.9295,1685,350.84
1703,1703,C,2,322.8305,652.9325,1686,278.5492
1704,1704,U,2,322.8305,648.9325,1687,331.3275
1705,1705,C,2,322.8305,644.9325,1688,261.1292
1706,1706,C,2,322.8305,640.9325,1689,307.2292
1707,1707,A,2,324.3305,636.9325,1690,283.2967
1708,1708,U,2,322.8305,632.9325,1691,291.539
1709,1709,C,2,322.8305,628.9325,1692,252.9245
1710,1710,U,2,322.8305,624.9325,1693,237.822
1711,1711,C,2,322.8305,620.9325,1694,334.409
1712,1712,A,2,324.3305,616.9325,1695,301.1359
1713,1713,G,2,322.8305,612.9325,1696,295.9117
1714,1714,A,2,322.8305,608.9325,1697,272.4768
1715,1715,G,2,322.8305,604.9325,1698,215.8278
1716,1716,C,2,322.8305,600.9325,1699,197.0995
1717,1717,G,2,322.8305,596.9325,1700,171.2891
1718,1718,G,2,322.8305,592.9325,1701,151.5722
1719,1719,A,2,322.8305,588.9325,1702,138.3345
1720,1720,G,2,324.3305,584.9325,1703,129.3296
1721,1721,A,2,324.3305,580.9325,1704,101.6377
1722,1722,A,2,324.3305,576.9325,1705,83.8223
1723,1723,U,2,322.8305,572.9325,1706,78.055
1724,1724,U,2,324.3305,568.9325,1707,75.0415
1725,1725,U,2,324.3305,564.9325,1708,76.451
1726,1726,G,2,322.8305,560.9325,1709,76.2717
1727,1727,G,2,322.8305,556.9325,1710,74.2174
1728,1728,A,2,324.3305,552.9325,1711,70.055
1729,1729,C,2,322.8305,548.9325,1712,65.386
1730,1730,A,2,326.571,546.581,1713,60.0941
1731,1731,A,2,326.571,542.162,1714,64.8082
1732,1732,A,2,322.8305,539.8105,1715,59.1582
1733,1733,C,2,322.8305,535.8105,1716,68.6885
1734,1734,U,2,322.8305,531.8105,1717,72.51
1735,1735,U,2,324.3305,527.8105,1718,80.0585
1736,1736,G,2,322.8305,523.8105,1719,83.3952
1737,1737,G,2,322.8305,519.8105,1720,77.6539
1738,1738,U,2,322.8305,515.8105,1721,82.405
1739,1739,C,2,322.8305,511.8105,1722,74.108
1740,1740,A,2,322.8305,507.8105,1723,69.9732
1741,1741,U,2,322.8305,503.8105,1724,73.5085
1742,1742,U,2,322.8305,499.8105,1725,69.097
1743,1743,U,2,322.8305,495.8105,1726,64.1595
1744,1744,A,2,322.8305,490.3105,1727,56.3486
1745,1745,G,2,324.3305,486.3105,1728,49.6648
1746,1746,A,2,324.3305,482.3105,1729,53.4841
1747,1747,G,2,322.8305,478.3105,1730,48.833
1748,1748,G,2,322.8305,474.3105,1731,54.9113
1749,1749,A,2,324.3305,470.3105,1732,60.0791
1750,1750,A,2,322.8305,466.3105,1733,65.1868
1751,1751,C,2,322.8305,462.3105,1734,55.4335
1752,1752,U,2,322.8305,458.3105,1735,56.8745
1753,1753,A,2,322.8305,454.3105,1736,64.4314
1754,1754,A,2,324.3305,450.3105,1737,62.8755
1755,1755,A,2,325.3305,447.3105,1738,81.4764
1756,1756,A,2,326.8305,443.3105,1739,80.6355
1757,1757,G,2,326.8305,439.3105,1740,86.2896
1758,1758,U,2,325.3305,435.3105,1741,71.009
1759,1759,C,2,322.8305,431.8105,1742,75.4825
1760,1760,G,2,322.8305,427.8105,1743,73.2913
1761,1761,U,2,326.226,425.522,1744,69.4005
1762,1762,A,2,326.8705,421.4785,1745,75.9541
1763,1763,A,2,324.355,418.248,1746,65.8586
1764,1764,C,2,322.855,414.248,1747,66.918
1765,1765,A,2,325.348,410.2,1748,77.9041
1766,1766,A,2,329.9025,408.837,1749,88.0455
1767,1767,G,2,334.2095,410.8495,1750,73.1161
1768,1768,G,2,336.086,415.2175,1751,70.6965
1769,1769,U,2,336.5805,419.477,1752,77.95
1770,1770,U,2,340.5805,419.477,1753,75.6105
1771,1771,U,2,344.5805,419.477,1754,66.1325
1772,1772,C,2,348.5805,419.477,1755,61.3065
1773,1773,C,2,352.5805,419.477,1756,63.775
1774,1774,G,2,356.5805,419.477,1757,59.0061
1775,1775,U,2,360.5805,419.477,1758,62.5735
1776,1776,A,2,364.5805,419.477,1759,60.6005
1777,1777,G,2,368.5805,419.477,1760,64.2961
1778,1778,G,2,372.5805,419.477,1761,64.5974
1779,1779,U,2,376.5775,419.6045,1762,72.071
1780,1780,G,2,379.36,422.4775,1763,66.9678
1781,1781,A,2,379.36,426.4765,1764,62.7768
1782,1782,A,2,376.5775,429.349,1765,58.4686
1783,1783,C,2,372.5805,429.477,1766,64.2015
1784,1784,C,2,368.5805,429.477,1767,62.822
1785,1785,U,2,364.5805,429.477,1768,66.275
1786,1786,G,2,360.5805,429.477,1769,72.0791
1787,1787,C,2,356.5805,429.477,1770,72.7905
1788,1788,G,2,352.5805,429.477,1771,68.0461
1789,1789,G,2,348.5805,429.477,1772,71.8578
1790,1790,A,2,344.5805,429.477,1773,72.0332
1791,1791,A,2,340.5805,429.477,1774,73.4873
1792,1792,G,2,336.5805,429.477,1775,72.4583
1793,1793,G,2,336.591,433.172,1776,82.7987
1794,1794,A,2,336.6015,436.867,1777,95.9677
1795,1795,U,2,336.6115,440.562,1778,102.385
1796,1796,C,2,336.622,444.257,1779,97.7205
1797,1797,A,2,336.6325,447.952,1780,109.2923
1798,1798,U,2,336.643,451.647,1781,125.5165
1799,1799,U,2,336.6535,455.342,,\N
1800,1800,A,2,336.664,459.037,,\N
