map_Index,resNum,unModResName,modResName,ChainID,X,Y,Xtal_Index,Domain_RN,Domain_AN,Domains_Color,FineOnion,Onion,mean_tempFactor
int,varchar(6),varchar(3),varchar(3),char(1),"real(8,3)","real(8,3)",int,varchar(4),char(1),int,"real(8,3)",int,"real(8,3)"
1,1,G,G,N,360.8084,383.4451,1,0,0,0,44.77152252,3,0
2,2,U,U,N,356.534,383.325,2,0,0,0,41.22186317,3,0
3,3,G,G,N,351.5779,383.3992,3,0,0,0,38.43078956,2,0
4,4,C,C,N,350.3279,386.3992,4,0,0,0,39.11841421,2,0
5,5,C,C,N,351.5779,389.3992,5,0,0,0,37.70997913,2,0
6,6,U,U,N,350.3279,392.3992,6,0,0,0,35.66522829,2,0
7,7,A,A,N,351.868,394.9744,7,0,0,0,31.81388889,2,0
8,8,U,U,N,351.9031,397.9754,8,0,0,0,27.91058941,2,0
9,9,U,U,N,350.4222,400.5857,9,0,0,0,28.78980523,2,0
10,10,G,G,N,347.8279,402.0955,10,0,0,0,31.65226379,2,0
11,11,A,A,N,344.8279,402.0955,11,0,0,0,33.02892917,2,0
12,12,A,A,N,342.2371,400.5857,12,0,0,0,33.70399143,2,0
13,13,G,G,N,340.7552,397.9754,13,0,0,0,29.78877468,2,0
14,14,C,C,N,340.7879,394.9744,14,0,0,0,28.08789898,2,0
15,15,A,A,N,342.3279,392.3992,15,0,0,0,23.14095489,2,0
16,16,U,U,N,341.0779,389.3992,16,0,0,0,22.30692399,2,0
17,17,G,G,N,342.3279,386.3992,17,0,0,0,23.87579188,2,0
18,18,A,A,N,341.0779,383.3992,18,0,0,0,29.08365084,2,0
19,19,G,G,N,337.5369,381.1492,19,0,0,0,33.58663779,2,0
20,20,C,C,N,335.2879,383.8299,20,0,0,0,38.18145814,2,0
21,21,C,C,N,333.0379,386.5115,21,0,0,0,43.56793029,2,0
22,22,G,G,N,330.7879,389.1922,22,0,0,0,48.35650611,3,0
23,23,G,G,N,328.5379,391.8728,23,0,0,0,49.54710819,3,0
24,24,C,C,N,326.2879,394.5554,24,0,0,0,48.55944503,3,0
25,25,G,G,N,325.4979,399.7312,25,0,0,0,47.75230209,3,0
26,26,A,A,N,326.6741,406.447,26,0,0,0,45.90924933,2,0
27,27,C,C,N,325.5711,413.3562,27,II,2,2,45.92410659,2,0
28,28,U,U,N,322.7,419.6082,28,II,2,2,49.98199141,3,0
29,29,C,C,N,322.8402,425.6092,29,II,2,2,53.76851689,3,0
30,30,A,A,N,322.8402,428.6092,30,II,2,2,56.90454351,3,0
31,31,G,G,N,322.8402,431.6092,31,Linker,-1,9,59.90773868,3,0
32,32,C,C,N,322.8402,434.6092,32,Linker,-1,9,61.59023482,3,0
33,33,C,C,N,322.8402,437.6092,33,Linker,-1,9,61.96857101,3,0
34,34,G,G,N,323.4432,441.5593,34,Linker,-1,9,61.82835198,3,0
35,35,U,U,N,320.8392,444.5916,35,Linker,-1,9,63.59800573,3,0
36,36,A,A,N,316.8411,444.5916,36,Linker,-1,9,62.67514475,4,0
37,37,A,A,N,314.2371,441.5593,37,Linker,-1,9,58.16679484,3,0
38,38,G,G,N,314.8402,437.6092,38,Linker,-1,9,52.88800481,3,0
39,39,G,G,N,314.8402,434.6092,39,Linker,-1,9,48.17932522,3,0
40,40,C,C,N,314.8402,431.6092,40,Linker,-1,9,46.13244876,3,0
41,41,U,U,N,314.8402,428.6092,41,II,2,2,46.64375842,3,0
42,42,G,G,N,314.8402,425.6092,42,II,2,2,46.3422799,3,0
43,43,G,G,N,309.3299,428.3816,43,II,2,2,44.68835116,3,0
44,44,A,A,N,303.1243,431.0838,44,II,2,2,40.08626166,3,0
45,45,C,C,N,296.3499,431.159,45,II,2,2,42.93450078,2,0
46,46,C,C,N,296.3499,434.659,46,II,2,2,41.54151413,2,0
47,47,C,C,N,296.6072,440.1199,47,II,2,2,39.49753254,2,0
48,48,G,G,N,299.0882,446.8113,48,II,2,2,34.18895825,2,0
49,49,A,A,N,298.4349,452.3211,49,II,2,2,30.90352494,2,0
50,50,A,A,N,294.6419,457.2674,50,II,2,2,27.94658235,2,0
51,51,A,A,N,289.263,460.4217,51,II,2,2,24.63647978,2,0
52,52,C,C,N,283.095,461.3201,52,II,2,2,29.61208095,2,0
53,53,C,C,N,281.1951,463.9158,53,II,2,2,35.03734483,2,0
54,54,G,G,N,279.2879,466.49,54,II,2,2,41.88007763,2,0
55,55,G,G,N,277.3919,469.0945,55,II,2,2,46.22198488,2,0
56,56,G,G,N,275.4901,471.6902,56,II,2,2,48.91619958,3,0
57,57,C,C,N,273.5941,474.3269,57,II,2,2,49.36211708,3,0
58,58,G,G,N,275.9691,477.7302,58,II,2,2,48.00561236,3,0
59,59,A,A,N,277.1033,481.7224,59,II,2,2,45.55612465,2,0
60,60,G,G,N,276.8729,485.866,60,II,2,2,46.50638342,2,0
61,61,C,C,N,275.3021,489.7078,61,II,2,2,44.22464454,3,0
62,62,U,U,N,275.3021,492.7078,62,II,2,2,40.94588705,2,0
63,63,A,A,N,275.3021,495.7078,63,II,2,2,39.60862121,2,0
64,64,G,G,N,275.3021,498.7078,64,II,2,2,39.75409873,2,0
65,65,C,C,N,275.3021,501.7078,65,II,2,2,44.90968275,2,0
66,66,C,C,N,275.3021,504.7078,66,II,2,2,51.23978924,3,0
67,67,C,C,N,275.3021,507.7078,67,II,2,2,56.86848886,3,0
68,68,U,U,N,275.3021,510.7078,68,II,2,2,61.42269776,3,0
69,69,G,G,N,275.3021,513.7088,69,II,2,2,62.6905337,3,0
70,70,G,G,N,275.3021,516.7088,70,II,2,2,62.90923338,3,0
71,71,C,C,N,275.3021,519.7088,71,II,2,2,61.59495567,3,0
72,72,C,C,N,276.0369,526.1922,72,II,2,2,59.91463118,3,0
73,73,A,A,N,279.7943,528.2449,73,II,2,2,59.00241609,3,0
74,74,G,G,N,280.7249,532.6961,74,Linker,-1,9,62.32384021,3,0
75,75,C,C,N,283.493,533.8523,75,Linker,-1,9,64.92146799,3,0
76,76,C,C,N,286.2601,535.0095,76,Linker,-1,9,65.62249597,3,0
77,77,G,G,N,290.138,535.9773,77,Linker,-1,9,65.41370466,3,0
78,78,U,U,N,291.9319,539.5496,78,Linker,-1,9,65.48764151,3,0
79,79,A,A,N,290.389,543.2371,79,Linker,-1,9,64.95389018,4,0
80,80,A,A,N,286.5882,544.4705,80,Linker,-1,9,59.74570556,3,0
81,81,G,G,N,283.1741,542.3904,81,Linker,-1,9,53.24914588,3,0
82,82,G,G,N,280.4061,541.2342,82,Linker,-1,9,50.42196134,3,0
83,83,C,C,N,277.638,540.0769,83,Linker,-1,9,49.29643639,3,0
84,84,G,G,N,274.0443,541.1482,84,II,2,2,48.64259706,3,0
85,85,A,A,N,270.8172,542.6179,85,II,2,2,49.10984061,3,0
86,86,A,A,N,267.407,541.6531,86,II,2,2,48.55765951,3,0
87,87,C,C,N,264.429,541.4607,87,II,2,2,50.5235928,3,0
88,88,C,C,N,261.972,543.1814,88,II,2,2,46.94616395,3,0
89,89,G,G,N,259.514,544.9021,89,II,2,2,41.09141189,3,0
90,90,G,G,N,259.3333,548.4109,90,II,2,2,35.30818516,2,0
91,91,U,U,N,256.7122,550.2361,91,II,2,2,31.27202649,2,0
92,92,G,G,N,253.6453,548.9324,92,II,2,2,29.00946251,2,0
93,93,G,G,N,251.1263,550.5613,93,II,2,2,27.88078699,2,0
94,94,G,G,N,248.6082,552.1931,94,II,2,2,29.37258063,2,0
95,95,G,G,N,246.0902,553.823,95,II,2,2,31.01651409,2,0
96,96,G,G,N,244.7659,556.5154,96,II,2,2,33.25265155,2,0
97,97,A,A,N,242.2659,558.1756,97,II,2,2,33.62351262,2,0
98,98,U,U,N,239.2694,558.3523,98,II,2,2,29.10607584,2,0
99,99,G,G,N,236.5941,556.9949,99,II,2,2,35.35749659,2,0
100,100,C,C,N,234.9632,554.4773,100,II,2,2,38.53535959,2,0
101,101,A,A,N,234.8211,551.4793,101,II,2,2,38.03711012,2,0
102,102,A,A,N,236.2083,548.8172,102,II,2,2,34.78029214,2,0
103,103,A,A,N,238.743,547.2166,103,II,2,2,33.3684857,2,0
104,104,C,C,N,241.743,547.1082,104,II,2,2,35.50911693,2,0
105,105,C,C,N,244.261,545.4773,105,II,2,2,40.5000181,2,0
106,106,C,C,N,246.7791,543.8474,106,II,2,2,43.12798786,2,0
107,107,C,C,N,249.2972,542.2166,107,II,2,2,44.47442222,2,0
108,108,U,U,N,250.9241,539.0808,108,II,2,2,44.68568713,2,0
109,109,C,C,N,254.9271,538.3484,109,II,2,2,43.89240994,2,0
110,110,G,G,N,257.3831,536.6287,110,II,2,2,43.05703076,2,0
111,111,G,G,N,259.8402,534.907,111,II,2,2,45.70270037,3,0
112,112,A,A,N,261.2371,530.9119,112,II,2,2,47.5370656,3,0
113,113,U,U,N,264.136,527.8289,113,II,2,2,52.27269188,3,0
114,114,G,G,N,268.0369,526.1922,114,II,2,2,52.7012323,3,0
115,115,A,A,N,265.7371,523.1697,115,II,2,2,51.00134588,3,0
116,116,G,G,N,267.3021,519.7088,116,II,2,2,48.69575789,3,0
117,117,C,C,N,267.3021,516.7088,117,II,2,2,46.10628227,3,0
118,118,U,U,N,267.3021,513.7088,118,II,2,2,45.60653564,3,0
119,119,G,G,N,267.3021,510.7078,119,II,2,2,49.18378079,3,0
120,120,G,G,N,267.3021,507.7078,120,II,2,2,52.80161745,3,0
121,121,G,G,N,267.3021,504.7078,121,II,2,2,56.24768271,3,0
122,122,G,G,N,267.3021,501.7078,122,II,2,2,55.386657,3,0
123,123,C,C,N,267.3021,498.7078,123,II,2,2,53.61241649,3,0
124,124,U,U,N,267.3021,495.7078,124,II,2,2,49.6457999,3,0
125,125,A,A,N,267.3021,492.7078,125,II,2,2,45.94616399,3,0
126,126,G,G,N,267.3021,489.7078,126,II,2,2,42.21697537,3,0
127,127,G,G,N,264.136,491.6775,127,II,2,2,36.29706691,2,0
128,128,A,A,N,261.3983,490.8982,128,II,2,2,39.78358041,2,0
129,129,G,G,N,259.6229,493.3172,129,II,2,2,39.53517806,2,0
130,130,U,U,N,257.8489,495.7361,130,II,2,2,43.08120877,2,0
131,131,G,G,N,256.4051,498.365,131,II,2,2,40.51113006,2,0
132,132,A,A,N,253.6302,499.4998,132,II,2,2,36.62419532,2,0
133,133,A,A,N,250.7601,498.6355,133,II,2,2,32.25109837,2,0
134,134,A,A,N,249.0721,496.1551,134,II,2,2,28.44409229,2,0
135,135,A,A,N,249.3221,493.1677,135,II,2,2,24.28275164,2,0
136,136,G,G,N,251.3983,491.0027,136,II,2,2,23.88025705,2,0
137,137,C,C,N,253.1732,488.5838,137,II,2,2,28.04560632,2,0
138,138,U,U,N,254.9471,486.1648,138,II,2,2,32.65395341,2,0
139,139,A,A,N,253.5652,482.5144,139,II,2,2,36.46176042,2,0
140,140,A,A,N,253.1243,478.2576,140,II,2,2,34.90081413,2,0
141,141,C,C,N,254.3611,475.3269,141,II,2,2,29.83744785,2,0
142,142,C,C,N,256.657,472.2,142,II,2,2,26.84006263,2,0
143,143,G,G,N,259.9051,470.0613,143,II,2,2,23.56002184,2,0
144,144,A,A,N,263.2083,468.9588,144,II,2,2,25.79167416,2,0
145,145,G,G,N,267.0369,469.5125,145,II,2,2,30.75527436,2,0
146,146,C,C,N,268.9451,466.9422,146,II,2,2,32.02246925,2,0
147,147,C,C,N,270.8441,464.3367,147,II,2,2,35.41831234,2,0
148,148,C,C,N,272.7479,461.7332,148,II,2,2,39.85774897,2,0
149,149,G,G,N,274.639,459.1013,149,II,2,2,40.68309404,2,0
150,150,G,G,N,276.5379,456.5027,150,II,2,2,44.44252507,2,0
151,151,A,A,N,274.5711,453.7176,151,II,2,2,43.54995836,2,0
152,152,G,G,N,273.4149,450.5105,152,II,2,2,42.37967516,2,0
153,153,A,A,N,273.1492,447.1111,153,II,2,2,36.77283368,2,0
154,154,U,U,N,273.7972,443.7625,154,II,2,2,37.53203386,2,0
155,155,A,A,N,275.3089,440.7068,155,II,2,2,34.36481811,2,0
156,156,G,G,N,277.5779,438.1609,156,II,2,2,31.41360793,2,0
157,157,C,C,N,280.4412,436.3113,157,II,2,2,28.86782863,2,0
158,158,U,U,N,283.6942,435.284,158,II,2,2,27.20607028,2,0
159,159,G,G,N,288.3499,434.659,159,II,2,2,28.92616374,2,0
160,160,G,G,N,288.3499,431.159,160,II,2,2,31.24566445,2,0
161,161,U,U,N,284.9529,427.5711,161,II,2,2,37.11950204,2,0
162,162,U,U,N,279.45,422.6218,162,II,2,2,42.23920663,2,0
163,163,C,C,N,275.159,416.6609,163,II,2,2,46.10809696,3,0
164,164,U,U,N,272.3392,417.6863,164,II,2,2,50.5576426,3,0
165,165,G,G,N,269.5203,418.7127,165,Linker,-1,9,52.15865778,3,0
166,166,C,C,N,266.702,419.739,166,Linker,-1,9,55.07808038,3,0
167,167,C,C,N,263.8821,420.7654,167,Linker,-1,9,54.55789534,3,0
168,168,G,G,N,260.3753,422.6834,168,Linker,-1,9,52.88086916,3,0
169,169,U,U,N,256.636,421.2732,169,Linker,-1,9,49.08770968,3,0
170,170,A,A,N,255.2679,417.5164,170,Linker,-1,9,44.9817089,3,0
171,171,A,A,N,257.2259,414.033,171,Linker,-1,9,46.12095439,3,0
172,172,G,G,N,261.1473,413.2478,172,Linker,-1,9,48.97462447,3,0
173,173,G,G,N,263.9652,412.2215,173,Linker,-1,9,54.9735192,3,0
174,174,C,C,N,266.785,411.1961,174,Linker,-1,9,60.80846995,3,0
175,175,A,A,N,269.6033,410.1697,175,II,2,2,63.66951877,3,0
176,176,G,G,N,272.4222,409.1433,176,II,2,2,65.88725787,3,0
177,177,C,C,N,274.1141,402.8797,177,II,2,2,63.9200972,3,0
178,178,G,G,N,275.5482,394.9998,178,II,2,2,63.6461132,3,0
179,179,U,U,N,279.6302,388.9041,179,II,2,2,62.93540864,3,0
180,180,U,U,N,277.3319,386.9754,180,II,2,2,61.72940555,3,0
181,181,G,G,N,275.034,385.0467,181,Linker,-1,9,64.5659617,3,0
182,182,C,C,N,272.7342,383.1189,182,Linker,-1,9,68.82776129,4,0
183,183,C,C,N,270.4363,381.1912,183,Linker,-1,9,73.69928923,4,0
184,184,G,G,N,267.0233,379.1131,184,Linker,-1,9,78.10707554,4,0
185,185,U,U,N,266.3743,375.1687,185,Linker,-1,9,81.20613743,4,0
186,186,A,A,N,268.9422,372.1072,186,Linker,-1,9,77.7976382,4,0
187,187,A,A,N,272.9402,372.0613,187,Linker,-1,9,74.23347496,4,0
188,188,G,G,N,275.5789,375.0613,188,Linker,-1,9,70.03747703,4,0
189,189,G,G,N,277.8773,376.991,189,Linker,-1,9,67.66408289,4,0
190,190,C,C,N,280.1761,378.9187,190,Linker,-1,9,67.92398152,4,0
191,191,A,A,N,282.4739,380.8465,191,II,2,2,64.0419601,4,0
192,192,A,A,N,284.7723,382.7761,192,II,2,2,57.88700312,3,0
193,193,G,G,N,288.4363,380.9998,193,II,2,2,54.38970768,3,0
194,194,U,U,N,292.1483,379.4246,194,II,2,2,49.553145,3,0
195,195,G,G,N,296.5789,378.0896,195,II,2,2,48.9264284,3,0
196,196,C,C,N,300.8441,378.0213,196,0,0,0,48.01913929,3,0
197,197,G,G,N,305.1741,378.5984,197,0,0,0,44.21493284,3,0
198,198,A,A,N,309.4339,379.7976,198,0,0,0,38.48849574,2,0
199,199,A,A,N,313.618,381.8201,199,0,0,0,31.4043415,2,0
200,200,U,U,N,316.9783,385.0974,200,0,0,0,28.79862346,2,0
201,201,G,G,N,320.16,389.4119,201,0,0,0,31.16283257,2,0
202,202,C,C,N,322.41,386.7312,202,0,0,0,34.52097318,2,0
203,203,C,C,N,324.66,384.0506,203,0,0,0,38.28464772,2,0
204,204,G,G,N,326.91,381.3679,204,0,0,0,43.74312639,2,0
205,205,G,G,N,329.16,378.6883,205,0,0,0,46.94080044,3,0
206,206,C,C,N,331.41,376.0076,206,0,0,0,48.38085471,3,0
207,207,A,A,N,334.4749,372.5789,207,0,0,0,48.1953741,3,0
208,208,U,U,N,330.9901,371.2879,208,0,0,0,45.34069446,2,0
209,209,G,G,N,328.3089,369.0379,209,0,0,0,41.91538846,2,0
210,210,A,A,N,325.6273,366.7879,210,0,0,0,39.41285252,2,0
211,211,G,G,N,321.4832,366.6238,211,0,0,0,46.57197941,2,0
212,212,U,U,N,320.6942,362.5525,212,0,0,0,47.96142622,3,0
213,213,A,A,N,318.013,360.3035,213,0,0,0,43.51954353,3,0
214,214,A,A,N,316.1351,357.0955,214,0,0,0,42.5537752,2,0
215,215,C,C,N,313.4529,354.8465,215,0,0,0,45.00649932,3,0
216,216,G,G,N,310.6551,352.1922,216,III,3,3,47.68236132,3,0
217,217,A,A,N,307.7069,349.2,217,III,3,3,48.53311655,3,0
218,218,G,G,N,306.261,344.5994,218,III,3,3,52.8293863,3,0
219,219,C,C,N,309.22,339.6179,219,0,0,0,52.30916553,3,0
220,220,G,G,N,311.1492,337.3201,220,0,0,0,55.53691451,3,0
221,221,G,G,N,313.077,335.0222,221,0,0,0,59.57601704,3,0
222,222,G,G,N,315.0052,332.7244,222,0,0,0,62.10169748,3,0
223,223,A,A,N,312.4329,329.9177,223,0,0,0,59.18606915,3,0
224,224,G,G,N,312.41,326.1121,224,0,0,0,57.71667903,3,0
225,225,A,A,N,314.9481,323.2752,225,0,0,0,52.05597355,3,0
226,226,A,A,N,318.7332,322.8748,226,0,0,0,46.65111824,3,0
227,227,C,C,N,321.8069,325.1199,227,0,0,0,41.23759394,3,0
228,228,C,C,N,323.7371,322.822,228,0,0,0,37.51245738,2,0
229,229,C,C,N,325.6619,320.5242,229,0,0,0,36.8747987,2,0
230,230,U,U,N,327.5911,318.2263,230,0,0,0,38.65943202,2,0
231,231,C,C,N,329.5203,315.9285,231,0,0,0,43.45571076,2,0
232,232,G,G,N,331.45,313.6306,232,0,0,0,48.47973388,3,0
233,233,C,C,N,333.3773,311.3308,233,0,0,0,52.5577294,3,0
234,234,C,C,N,335.305,309.033,234,0,0,0,52.1406668,3,0
235,235,A,A,N,336.2762,305.9314,235,0,0,0,52.29039578,3,0
236,236,A,A,N,339.1619,304.4363,236,0,0,0,55.34913344,3,0
237,237,G,G,N,341.0911,302.1394,237,0,0,0,53.60530885,3,0
238,238,G,G,N,338.4803,300.5945,238,0,0,0,50.41530491,3,0
239,239,A,A,N,335.2332,300.8836,239,0,0,0,43.45405417,3,0
240,240,A,A,N,332.7069,301.1834,240,0,0,0,37.54812274,2,0
241,241,C,C,N,329.992,300.3982,241,0,0,0,34.97962294,2,0
242,242,U,U,N,327.1883,298.8621,242,0,0,0,31.47064362,2,0
243,243,C,C,N,325.1111,295.9676,243,0,0,0,26.10152656,2,0
244,244,U,U,N,324.324,292.74,244,0,0,0,28.80433353,2,0
245,245,G,G,N,324.93,289.5584,245,0,0,0,33.81567051,2,0
246,246,C,C,N,326.8069,286.3924,246,0,0,0,35.04178959,2,0
247,247,A,A,N,329.972,284.531,247,0,0,0,34.11407717,2,0
248,248,A,A,N,333.075,283.7381,248,0,0,0,38.1927772,2,0
249,249,G,G,N,336.0931,282.6453,249,Linker,-1,9,43.71529405,2,0
250,250,C,C,N,333.6629,280.4168,250,Linker,-1,9,49.49888194,3,0
251,251,C,C,N,331.3489,277.949,251,Linker,-1,9,54.63553213,3,0
252,252,G,G,N,328.6409,275.3914,252,Linker,-1,9,59.08234417,3,0
253,253,U,U,N,328.4412,271.8259,253,Linker,-1,9,61.80672353,3,0
254,254,A,A,N,331.3343,269.3699,254,Linker,-1,9,59.64070348,3,0
255,255,A,A,N,334.8592,269.5086,255,Linker,-1,9,56.90489945,3,0
256,256,G,G,N,337.1512,272.3152,256,Linker,-1,9,53.65856709,3,0
257,257,G,G,N,339.6463,274.7771,257,Linker,-1,9,51.33655008,3,0
258,258,C,C,N,341.9691,277.1804,258,Linker,-1,9,49.56964789,3,0
259,259,C,C,N,344.8773,278.2039,259,IV,4,4,46.03783111,3,0
260,260,U,U,N,344.8773,275.2039,260,IV,4,4,47.47101079,3,0
261,261,C,C,N,344.8773,272.2039,261,IV,4,4,48.60325883,3,0
262,262,U,U,N,344.8773,269.2039,262,IV,4,4,47.17114733,3,0
263,263,G,G,N,344.8773,266.2039,263,IV,4,4,43.24862681,2,0
264,264,G,G,N,344.8773,263.2039,264,IV,4,4,39.10085516,2,0
265,265,C,C,N,344.4212,258.4939,265,IV,4,4,36.20839883,2,0
266,266,G,G,N,344.4212,255.2498,266,IV,4,4,35.05558993,2,0
267,267,A,A,N,341.2142,254.2732,267,IV,4,4,37.69189953,2,0
268,268,C,C,N,338.6429,252.2009,268,IV,4,4,39.51619715,2,0
269,269,U,U,N,336.9593,249.367,269,IV,4,4,41.47549304,2,0
270,270,G,G,N,333.7132,249.4246,270,IV,4,4,42.0741468,3,0
271,271,U,U,N,330.4691,249.4822,271,IV,4,4,40.50915351,2,0
272,272,U,U,N,327.2249,249.5379,272,IV,4,4,36.71832579,2,0
273,273,U,U,N,323.9813,249.5965,273,IV,4,4,32.62332181,2,0
274,274,A,A,N,320.9569,249.7498,274,IV,4,4,27.43114035,2,0
275,275,C,C,N,318.4852,248.3113,275,IV,4,4,31.02551257,2,0
276,276,C,C,N,317.4871,245.6306,276,IV,4,4,24.89395658,2,0
277,277,A,A,N,318.41,242.9197,277,IV,4,4,25.39576786,1,0
278,278,A,A,N,320.8411,241.4177,278,IV,4,4,26.94050946,2,0
279,279,A,A,N,323.8392,241.4861,279,IV,4,4,31.66751397,2,0
280,280,A,A,N,327.0819,241.4285,280,IV,4,4,34.05127048,2,0
281,281,A,A,N,330.327,241.3709,281,IV,4,4,32.00452902,2,0
282,282,C,C,N,333.5711,241.3142,282,IV,4,4,31.60225348,2,0
283,283,A,A,N,336.8152,241.2566,283,IV,4,4,36.09074532,2,0
284,284,C,C,N,338.5569,238.5496,284,IV,4,4,41.26675797,2,0
285,285,A,A,N,340.8983,236.1082,285,IV,4,4,46.88083648,3,0
286,286,G,G,N,343.6419,234.1697,286,IV,4,4,51.71442141,3,0
287,287,C,C,N,343.6419,231.1697,287,IV,4,4,52.27935832,3,0
288,288,G,G,N,343.6419,228.1697,288,Linker,-1,9,52.39166858,3,0
289,289,C,C,N,343.6419,225.1697,289,Linker,-1,9,52.11218158,3,0
290,290,C,C,N,343.6419,221.6414,290,Linker,-1,9,52.27091725,3,0
291,291,G,G,N,342.554,217.7234,291,Linker,-1,9,54.12869608,3,0
292,292,U,U,N,345.6444,215.1931,292,Linker,-1,9,57.27905193,3,0
293,293,A,A,N,349.639,215.1931,293,Linker,-1,9,57.96667088,3,0
294,294,A,A,N,352.7303,217.7234,294,Linker,-1,9,55.0983845,3,0
295,295,G,G,N,351.6419,221.6414,295,Linker,-1,9,51.34401057,3,0
296,296,G,G,N,351.6419,225.1697,296,Linker,-1,9,45.03792597,3,0
297,297,C,C,N,351.6419,228.1697,297,Linker,-1,9,40.15593043,3,0
298,298,G,G,N,351.6419,231.1697,298,IV,4,4,36.94707394,2,0
299,299,C,C,N,351.6419,234.1697,299,IV,4,4,35.48073649,2,0
300,300,G,G,N,355.7283,236.7927,300,IV,4,4,37.58016581,2,0
301,301,A,A,N,358.3089,240.9324,301,IV,4,4,43.4096775,2,0
302,302,G,G,N,361.3084,240.8797,302,Linker,-1,9,49.62180651,3,0
303,303,C,C,N,364.3084,240.8269,303,Linker,-1,9,53.46290858,3,0
304,304,C,C,N,367.3084,240.7732,304,Linker,-1,9,55.80851992,3,0
305,305,G,G,N,371.2479,240.0994,305,Linker,-1,9,55.85260357,3,0
306,306,U,U,N,374.325,242.6511,306,Linker,-1,9,55.13365443,3,0
307,307,A,A,N,374.3963,246.6472,307,Linker,-1,9,50.36827741,3,0
308,308,A,A,N,371.411,249.3045,308,Linker,-1,9,44.05677643,3,0
309,309,G,G,N,367.45,248.7722,309,Linker,-1,9,38.65791316,2,0
310,310,G,G,N,364.45,248.825,310,Linker,-1,9,40.25429053,2,0
311,311,C,C,N,361.451,248.8787,311,Linker,-1,9,43.28282256,2,0
312,312,U,U,N,358.451,248.9314,312,IV,4,4,45.06429413,3,0
313,313,A,A,N,357.014,251.5838,313,IV,4,4,46.3941632,3,0
314,314,A,A,N,354.9813,253.6814,314,IV,4,4,48.01074636,3,0
315,315,C,C,N,352.534,255.2498,315,IV,4,4,46.97224434,3,0
316,316,G,G,N,352.534,258.4939,316,IV,4,4,40.81784958,3,0
317,317,A,A,N,354.2762,259.9939,317,IV,4,4,36.22377802,2,0
318,318,C,C,N,352.8773,263.2039,318,IV,4,4,36.0026431,2,0
319,319,C,C,N,352.8773,266.2039,319,IV,4,4,29.66079079,2,0
320,320,G,G,N,352.8773,269.2039,320,IV,4,4,28.13273248,2,0
321,321,G,G,N,352.8773,272.2039,321,IV,4,4,29.88121432,2,0
322,322,A,A,N,352.8773,275.2039,322,IV,4,4,34.75731769,2,0
323,323,G,G,N,352.8773,278.2039,323,IV,4,4,40.86099737,2,0
324,324,C,C,N,352.8773,281.2039,324,IV,4,4,46.44171801,3,0
325,325,G,G,N,353.4549,286.075,325,IV,4,4,51.0530836,3,0
326,326,C,C,N,353.3621,290.9793,326,0,0,0,52.43474567,3,0
327,327,U,U,N,352.6024,295.825,327,0,0,0,50.51528798,3,0
328,328,G,G,N,351.1883,300.5222,328,0,0,0,46.06083514,3,0
329,329,U,U,N,349.1473,304.9832,329,0,0,0,40.55235797,3,0
330,330,C,C,N,347.2191,307.281,330,0,0,0,37.9389298,2,0
331,331,U,U,N,345.2913,309.5789,331,0,0,0,38.2615467,2,0
332,332,C,C,N,344.3211,312.6814,332,0,0,0,41.99782144,2,0
333,333,G,G,N,341.4339,314.1756,333,0,0,0,39.48860957,2,0
334,334,G,G,N,339.5052,316.4744,334,0,0,0,44.27806221,2,0
335,335,C,C,N,337.577,318.7722,335,0,0,0,49.28955878,3,0
336,336,G,G,N,335.6492,321.0701,336,0,0,0,52.13942476,3,0
337,337,A,A,N,333.721,323.3679,337,0,0,0,53.43397463,3,0
338,338,G,G,N,331.7913,325.6658,338,0,0,0,52.89506192,3,0
339,339,G,G,N,329.8641,327.9646,339,0,0,0,52.76515454,3,0
340,340,G,G,N,327.9349,330.2625,340,0,0,0,48.83232217,3,0
341,341,A,A,N,326.0281,335.3992,341,0,0,0,45.7666015,3,0
342,342,C,C,N,321.1341,337.865,342,0,0,0,44.0859501,3,0
343,343,C,C,N,319.2049,340.1638,343,0,0,0,48.95225318,3,0
344,344,C,C,N,317.2781,342.4627,344,0,0,0,53.52879393,3,0
345,345,G,G,N,315.3489,344.7605,345,0,0,0,57.47439598,3,0
346,346,G,G,N,318.596,348.7176,346,0,0,0,58.80016527,3,0
347,347,U,U,N,321.2781,350.9666,347,0,0,0,56.24757804,3,0
348,348,G,G,N,324.762,352.2595,348,0,0,0,52.27785601,3,0
349,349,A,A,N,327.4442,354.5086,349,0,0,0,45.94811894,3,0
350,350,A,A,N,332.3773,358.7449,350,0,0,0,39.46827371,2,0
351,351,A,A,N,335.0579,360.9949,351,0,0,0,34.88638488,2,0
352,352,U,U,N,337.7401,363.2439,352,0,0,0,29.73822506,2,0
353,353,U,U,N,339.618,366.4519,353,0,0,0,29.24833715,2,0
354,354,G,G,N,342.4593,369.0271,354,0,0,0,32.32180225,2,0
355,355,A,A,N,345.532,370.7478,355,0,0,0,37.61379371,2,0
356,356,A,A,N,349.2869,371.156,356,0,0,0,43.58199284,2,0
357,357,C,C,N,352.5862,371.2683,357,0,0,0,45.05694559,2,0
358,358,U,U,N,355.3621,371.0896,358,0,0,0,45.24169782,3,0
359,359,G,G,N,355.369,366.3084,359,0,0,0,41.23734228,2,0
360,360,G,G,N,355.369,363.3084,360,0,0,0,36.69438652,2,0
361,361,C,C,N,355.369,360.3084,361,0,0,0,35.84910572,2,0
362,362,C,C,N,355.369,357.3084,362,0,0,0,35.09426811,2,0
363,363,G,G,N,355.369,354.3084,363,0,0,0,35.44295181,2,0
364,364,U,U,N,353.8299,351.7332,364,0,0,0,34.18480167,2,0
365,365,G,G,N,353.7962,348.7332,365,0,0,0,33.91943385,2,0
366,366,A,A,N,355.2762,346.1228,366,0,0,0,31.15323842,2,0
367,367,A,A,N,357.869,344.6131,367,0,0,0,27.94000034,2,0
368,368,G,G,N,360.869,344.6131,368,0,0,0,23.2283906,2,0
369,369,A,A,N,363.4627,346.1228,369,0,0,0,28.09925802,1,0
370,370,U,U,N,364.9442,348.7332,370,0,0,0,30.98955085,2,0
371,371,G,G,N,364.909,351.7332,371,0,0,0,36.18430924,2,0
372,372,C,C,N,363.369,354.3084,372,0,0,0,39.86182131,2,0
373,373,G,G,N,363.369,357.3084,373,0,0,0,42.30366611,2,0
374,374,G,G,N,363.369,360.3084,374,0,0,0,46.13609133,2,0
375,375,C,C,N,363.369,363.3084,375,0,0,0,49.2093349,3,0
376,376,C,C,N,363.369,366.3093,376,0,0,0,51.08380422,3,0
377,377,U,U,N,367.0779,370.9773,377,0,0,0,50.73350622,3,0
378,378,A,A,N,373.619,370.7761,378,0,0,0,50.6199632,3,0
379,379,C,C,N,378.285,367.0633,379,0,0,0,53.66534712,3,0
380,380,C,C,N,380.535,364.3826,380,0,0,0,51.05730311,3,0
381,381,C,C,N,382.785,361.7019,381,0,0,0,48.97947853,3,0
382,382,G,G,N,385.035,359.0213,382,0,0,0,46.3253283,3,0
383,383,U,U,N,387.285,356.3396,383,0,0,0,45.34737472,3,0
384,384,G,G,N,389.534,353.658,384,0,0,0,43.88020531,3,0
385,385,G,G,N,391.784,350.9773,385,0,0,0,41.53068216,3,0
386,386,C,C,N,394.034,348.2967,386,0,0,0,35.66662567,2,0
387,387,A,A,N,393.3319,344.0203,387,0,0,0,31.32921675,2,0
388,388,G,G,N,397.6082,343.3152,388,0,0,0,25.83668798,2,0
389,389,G,G,N,399.8582,340.6345,389,0,0,0,22.57405238,2,0
390,390,A,A,N,402.1082,337.9519,390,0,0,0,23.89779492,2,0
391,391,C,C,N,402.8582,333.2,391,0,0,0,25.82194203,2,0
392,392,G,G,N,407.0135,330.7781,392,0,0,0,20.78208902,1,0
393,393,A,A,N,409.2635,328.0974,393,0,0,0,23.05870131,2,0
394,394,A,A,N,412.9481,322.4949,394,V,5,5,24.41521462,1,0
395,395,A,A,N,410.0975,314.2185,395,V,5,5,23.82236875,1,0
396,396,A,A,N,410.9998,301.7146,396,V,5,5,21.62511558,1,0
397,397,G,G,N,414.1268,293.8367,397,V,5,5,16.80035517,1,0
398,398,A,A,N,418.8211,286.6883,398,V,5,5,13.04056536,1,0
399,399,C,C,N,418.5301,280.865,399,V,5,5,9.245021201,1,0
400,400,C,C,N,418.5301,277.865,400,V,5,5,6.786413854,1,0
401,401,C,C,N,418.5301,274.865,401,V,5,5,10.18820401,1,0
402,402,C,C,N,418.5301,271.865,402,V,5,5,16.05807541,1,0
403,403,G,G,N,418.5301,268.865,403,V,5,5,21.11305769,1,0
404,404,U,U,N,416.619,267.3904,404,V,5,5,26.10427982,1,0
405,405,G,G,N,418.0408,264.7478,405,V,5,5,27.17348458,2,0
406,406,G,G,N,418.0135,261.5047,406,V,5,5,26.13877933,1,0
407,407,A,A,N,418.6346,254.2547,407,V,5,5,27.24206947,1,0
408,408,G,G,N,418.6082,251.0105,408,V,5,5,27.47382793,2,0
409,409,C,C,N,418.5838,247.7664,409,V,5,5,28.05074774,2,0
410,410,U,U,N,418.5584,244.5203,410,V,5,5,29.19789229,2,0
411,411,U,U,N,418.532,241.2742,411,V,5,5,31.17644928,2,0
412,412,U,U,N,416.8768,237.2342,412,V,5,5,35.11571766,2,0
413,413,A,A,N,418.5242,233.1629,413,V,5,5,33.15519094,2,0
414,414,C,C,N,418.5018,230.1629,414,V,5,5,36.54204748,2,0
415,415,U,U,N,418.4783,227.1629,415,V,5,5,40.77056552,2,0
416,416,G,G,N,418.4539,224.1629,416,Linker,-1,9,44.9289311,2,0
417,417,C,C,N,418.4315,221.1629,417,Linker,-1,9,46.88766989,2,0
418,418,C,C,N,418.408,218.1629,418,Linker,-1,9,48.52362845,3,0
419,419,G,G,N,417.7742,214.2166,419,Linker,-1,9,48.86031846,3,0
420,420,U,U,N,420.3553,211.1648,420,Linker,-1,9,51.39292805,3,0
421,421,A,A,N,424.3524,211.1336,421,Linker,-1,9,48.2329415,3,0
422,422,A,A,N,426.9803,214.1453,422,Linker,-1,9,43.63124079,3,0
423,423,G,G,N,426.408,218.1004,423,Linker,-1,9,37.56043691,2,0
424,424,G,G,N,426.4315,221.1004,424,Linker,-1,9,34.34666448,2,0
425,425,C,C,N,426.4539,224.1004,425,Linker,-1,9,33.22407936,2,0
426,426,A,A,N,426.4774,227.1004,426,V,5,5,33.18184904,2,0
427,427,G,G,N,426.5018,230.1004,427,V,5,5,34.30473371,2,0
428,428,U,U,N,426.5242,233.1004,428,V,5,5,34.32583869,2,0
429,429,U,U,N,430.8192,230.6326,429,V,5,5,29.92880013,2,0
430,430,U,U,N,435.2674,228.9744,430,V,5,5,28.15852846,2,0
431,431,G,G,N,440.0223,228.2761,431,V,5,5,23.72473899,2,0
432,432,A,A,N,439.5819,225.3093,432,V,5,5,22.51846134,2,0
433,433,C,C,N,439.1424,222.3416,433,V,5,5,22.35456289,2,0
434,434,U,U,N,438.702,219.3728,434,V,5,5,23.91154794,2,0
435,435,G,G,N,438.2615,216.4051,435,V,5,5,23.23724478,2,0
436,436,G,G,N,439.0652,213.5134,436,V,5,5,16.79027451,1,0
437,437,G,G,N,441.6531,211.9929,437,V,5,5,17.09238854,1,0
438,438,G,G,N,444.5711,212.698,438,V,5,5,17.71866253,1,0
439,439,C,C,N,446.1756,215.2332,439,V,5,5,19.75336027,1,0
440,440,G,G,N,446.6151,218.2009,440,V,5,5,23.53914374,1,0
441,441,G,G,N,447.0565,221.1677,441,V,5,5,28.22914616,2,0
442,442,U,U,N,447.494,224.1365,442,V,5,5,31.8675481,2,0
443,443,C,C,N,447.9354,227.1023,443,V,5,5,34.47280356,2,0
444,444,G,G,N,449.1268,231.9929,444,V,5,5,36.27674751,2,0
445,445,G,G,N,449.9149,236.4275,445,Linker,-1,9,41.71880468,2,0
446,446,C,C,N,453.2723,237.3924,446,Linker,-1,9,42.835889,2,0
447,447,C,C,N,456.4129,238.6541,447,Linker,-1,9,47.61054699,3,0
448,448,G,G,N,459.7303,239.866,448,Linker,-1,9,53.16604349,3,0
449,449,U,U,N,461.6268,242.9832,449,Linker,-1,9,57.93495161,3,0
450,450,A,A,N,460.2459,246.3953,450,Linker,-1,9,56.29667874,3,0
451,451,A,A,N,456.9901,247.7508,451,Linker,-1,9,54.0050136,3,0
452,452,G,G,N,453.3084,246.2439,452,Linker,-1,9,52.08755443,3,0
453,453,G,G,N,450.0096,245.0584,453,Linker,-1,9,48.09087191,3,0
454,454,C,C,N,447.0994,243.823,454,Linker,-1,9,45.17787888,3,0
455,455,U,U,N,441.9852,243.1736,455,V,5,5,40.91168796,3,0
456,456,A,A,N,436.8709,242.5222,456,V,5,5,43.6441852,2,0
457,457,A,A,N,431.7576,241.8679,457,V,5,5,41.53548103,3,0
458,458,A,A,N,426.6444,241.2107,458,V,5,5,36.42821599,2,0
459,459,A,A,N,426.6678,244.4558,459,V,5,5,31.57821062,2,0
460,460,G,G,N,426.6961,247.7009,460,V,5,5,25.09082695,2,0
461,461,U,U,N,426.7186,250.9451,461,V,5,5,19.89043511,1,0
462,462,U,U,N,426.744,254.1892,462,V,5,5,15.88726569,1,0
463,463,A,A,N,429.3358,256.5486,463,V,5,5,12.60054495,1,0
464,464,C,C,N,429.3651,260.198,464,V,5,5,16.87221743,1,0
465,465,C,C,N,426.1287,261.4422,465,V,5,5,15.2288207,1,0
466,466,C,C,N,426.1531,264.6863,466,V,5,5,15.35099065,1,0
467,467,C,C,N,426.5301,268.865,467,V,5,5,18.44879993,1,0
468,468,G,G,N,426.5301,271.865,468,V,5,5,21.21995785,1,0
469,469,G,G,N,426.5301,274.865,469,V,5,5,22.81825922,1,0
470,470,G,G,N,426.5301,277.865,470,V,5,5,20.48339449,1,0
471,471,G,G,N,426.5301,280.865,471,V,5,5,20.03361265,1,0
472,472,A,A,N,431.7108,279.8006,472,V,5,5,19.37241069,1,0
473,473,U,U,N,436.7713,278.8289,473,V,5,5,19.20481341,1,0
474,474,A,A,N,441.6531,278.7166,474,V,5,5,13.69979803,1,0
475,475,A,A,N,445.7967,278.8406,475,V,5,5,10.59732537,1,0
476,476,C,C,N,450.0242,280.324,476,V,5,5,9.126982634,1,0
477,477,A,A,N,454.6512,281.909,477,V,5,5,12.56846073,1,0
478,478,G,G,N,458.4979,285.0818,478,V,5,5,17.60771073,1,0
479,479,G,G,N,462.5115,284.0701,479,V,5,5,22.3323923,1,0
480,480,C,C,N,465.3319,283.0427,480,V,5,5,26.15851206,1,0
481,481,U,U,N,468.1512,282.0174,481,V,5,5,29.35633625,2,0
482,482,G,G,N,470.0877,278.6131,482,V,5,5,30.27973596,2,0
483,483,A,A,N,473.5916,279.9851,483,V,5,5,31.46393397,2,0
484,484,U,U,N,476.6385,278.866,484,V,5,5,31.88306518,2,0
485,485,C,C,N,479.6961,277.7771,485,V,5,5,30.01242826,2,0
486,486,G,G,N,483.2635,275.865,486,Linker,-1,9,31.7623875,2,0
487,487,C,C,N,486.4158,274.3845,487,Linker,-1,9,36.36588896,2,0
488,488,C,C,N,489.5858,273.1931,488,Linker,-1,9,41.26907473,2,0
489,489,G,G,N,492.8211,271.7703,489,Linker,-1,9,46.25937628,2,0
490,490,U,U,N,496.3553,272.8631,490,Linker,-1,9,50.26733888,3,0
491,491,A,A,N,497.6678,276.3806,491,Linker,-1,9,47.60346443,3,0
492,492,A,A,N,496.1863,279.5808,492,Linker,-1,9,45.01521151,3,0
493,493,G,G,N,492.3953,280.8113,493,Linker,-1,9,44.04534633,3,0
494,494,G,G,N,489.161,282.1658,494,Linker,-1,9,41.3612737,2,0
495,495,C,C,N,486.2108,283.2927,495,Linker,-1,9,39.73348067,2,0
496,496,G,G,N,482.4569,285.3855,496,V,5,5,35.58068694,2,0
497,497,G,G,N,479.409,286.491,497,V,5,5,30.97268367,2,0
498,498,U,U,N,476.3582,287.6004,498,V,5,5,24.8985794,2,0
499,499,U,U,N,476.0799,290.6736,499,V,5,5,20.92723054,2,0
500,500,U,U,N,473.1922,291.7136,500,V,5,5,17.54134886,1,0
501,501,G,G,N,470.8865,289.5349,501,V,5,5,15.94102359,1,0
502,502,G,G,N,468.0672,290.5613,502,V,5,5,16.98439239,1,0
503,503,C,C,N,465.2479,291.5877,503,V,5,5,19.55053948,1,0
504,504,A,A,N,467.5174,294.7136,504,V,5,5,20.62359872,1,0
505,505,C,C,N,468.6209,298.6013,505,V,5,5,20.6144607,1,0
506,506,C,C,N,469.7518,302.533,506,V,5,5,20.75396952,1,0
507,507,U,U,N,470.6229,306.284,507,V,5,5,20.19202818,1,0
508,508,C,C,N,470.5838,309.9978,508,V,5,5,17.43157692,1,0
509,509,G,G,N,470.1307,314.0672,509,V,5,5,16.69542063,1,0
510,510,A,A,N,469.1492,317.7595,510,V,5,5,18.87222475,1,0
511,511,U,U,N,468.2947,321.3455,511,V,5,5,16.44525068,1,0
512,512,G,G,N,466.7371,324.6023,512,V,5,5,14.71115067,1,0
513,513,U,U,N,464.5369,327.5652,513,V,5,5,13.11510755,1,0
514,514,C,C,N,467.7694,329.4441,514,V,5,5,13.43863605,1,0
515,515,G,G,N,471.159,330.8513,515,V,5,5,17.58861205,1,0
516,516,G,G,N,474.7557,333.3513,516,V,5,5,22.91025978,1,0
517,517,C,C,N,477.3533,334.8513,517,V,5,5,27.73748664,2,0
518,518,U,U,N,479.952,336.3513,518,V,5,5,31.74107465,2,0
519,519,C,C,N,485.0975,339.1951,519,V,5,5,34.33307481,2,0
520,520,G,G,N,489.6883,342.4324,520,V,5,5,36.00566275,2,0
521,521,U,U,N,493.3709,343.9324,521,V,5,5,37.4059157,2,0
522,522,C,C,N,495.9686,345.4324,522,V,5,5,38.54285642,2,0
523,523,G,G,N,498.5672,346.9324,523,V,5,5,38.61784734,2,0
524,524,C,C,N,501.1629,348.4324,524,V,5,5,39.87082467,2,0
525,525,G,G,N,504.3553,350.4695,525,Linker,-1,9,40.3942917,2,0
526,526,C,C,N,506.7186,348.6228,526,Linker,-1,9,45.18850696,2,0
527,527,C,C,N,509.0838,346.7761,527,Linker,-1,9,50.50259578,3,0
528,528,G,G,N,511.825,343.8679,528,Linker,-1,9,54.34749185,3,0
529,529,U,U,N,515.8182,344.0525,529,Linker,-1,9,58.27206676,3,0
530,530,A,A,N,518.2791,347.2029,530,Linker,-1,9,55.47208892,3,0
531,531,A,A,N,517.493,351.1218,531,Linker,-1,9,52.86717639,3,0
532,532,G,G,N,514.0076,353.0799,532,Linker,-1,9,50.28268606,3,0
533,533,G,G,N,511.6444,354.9265,533,Linker,-1,9,45.15363879,3,0
534,534,C,C,N,509.2801,356.7742,534,Linker,-1,9,42.17485495,3,0
535,535,U,U,N,510.8172,360.4705,535,V,5,5,38.23323973,2,0
536,536,U,U,N,511.8065,364.1511,536,V,5,5,37.03463548,2,0
537,537,G,G,N,511.8104,367.3972,537,V,5,5,37.48943074,2,0
538,538,G,G,N,511.8123,370.6394,538,V,5,5,34.34750674,2,0
539,539,G,G,N,511.8172,373.8894,539,V,5,5,35.46370046,2,0
540,540,C,C,N,511.7576,377.2429,540,V,5,5,34.18373482,2,0
541,541,U,U,N,512.5369,380.1902,541,V,5,5,28.08397899,2,0
542,542,G,G,N,510.9442,382.8992,542,V,5,5,23.59184974,2,0
543,543,U,U,N,507.9891,383.9627,543,V,5,5,24.68657872,1,0
544,544,U,U,N,505.0301,382.8982,544,V,5,5,24.36317945,1,0
545,545,C,C,N,503.368,380.2967,545,V,5,5,25.05328539,1,0
546,546,G,G,N,503.7108,377.1424,546,V,5,5,29.27657801,2,0
547,547,C,C,N,503.6444,374.0076,547,V,5,5,33.85314455,2,0
548,548,C,C,N,503.6385,370.7605,548,V,5,5,38.18454402,2,0
549,549,C,C,N,503.6346,367.5183,549,V,5,5,42.66879479,2,0
550,550,A,A,N,503.6346,364.7195,550,V,5,5,46.19789624,2,0
551,551,U,U,N,499.8924,366.1736,551,V,5,5,48.87137634,3,0
552,552,U,U,N,497.034,365.3445,552,V,5,5,50.12528006,3,0
553,553,A,A,N,494.9647,363.2019,553,V,5,5,50.79258078,3,0
554,554,A,A,N,494.2371,360.3142,554,V,5,5,47.85869807,3,0
555,555,A,A,N,496.3748,358.197,555,V,5,5,42.1745405,3,0
556,556,G,G,N,497.034,355.3611,556,V,5,5,35.48236472,2,0
557,557,C,C,N,494.5672,353.8611,557,V,5,5,32.31341596,2,0
558,558,G,G,N,491.9686,352.3611,558,V,5,5,27.41718961,2,0
559,559,G,G,N,489.3709,350.8611,559,V,5,5,24.70755085,2,0
560,560,C,C,N,486.7723,349.3611,560,V,5,5,23.88683606,2,0
561,561,A,A,N,484.4442,351.075,561,V,5,5,22.94477335,2,0
562,562,C,C,N,481.5838,350.0486,562,V,5,5,17.09206047,1,0
563,563,G,G,N,481.0975,347.2654,563,V,5,5,20.53503467,1,0
564,564,C,C,N,478.4744,348.0144,564,V,5,5,19.51642037,1,0
565,565,G,G,N,475.6736,346.6013,565,V,5,5,20.18426944,1,0
566,566,A,A,N,475.952,343.2791,566,V,5,5,21.53123566,1,0
567,567,G,G,N,473.3533,341.7791,567,V,5,5,27.50960467,2,0
568,568,C,C,N,470.7557,340.2791,568,V,5,5,24.23402059,2,0
569,569,U,U,N,468.159,338.7791,569,V,5,5,23.8264541,2,0
570,570,G,G,N,465.8045,339.1912,570,V,5,5,23.5096172,1,0
571,571,G,G,N,463.7694,336.3718,571,V,5,5,19.97912023,1,0
572,572,G,G,N,459.7352,333.7713,572,V,5,5,17.99215612,1,0
573,573,U,U,N,456.0858,336.4871,573,V,5,5,14.21866245,1,0
574,574,U,U,N,451.3651,338.4217,574,V,5,5,9.980903767,1,0
575,575,C,C,N,446.119,339.1912,575,V,5,5,10.54841258,1,0
576,576,A,A,N,442.5213,339.7986,576,V,5,5,13.61738077,1,0
577,577,G,G,N,438.7733,339.6228,577,V,5,5,19.13014851,1,0
578,578,A,A,N,438.7733,342.6228,578,V,5,5,23.55830718,1,0
579,579,A,A,N,438.7733,345.6228,579,V,5,5,25.91656038,1,0
580,580,C,C,N,438.7733,348.6228,580,V,5,5,27.62200018,1,0
581,581,G,G,N,438.5526,353.2176,581,V,5,5,28.76755474,2,0
582,582,U,U,N,438.5526,356.4578,582,V,5,5,28.68756129,2,0
583,583,C,C,N,438.5692,359.7498,583,V,5,5,27.77092591,2,0
584,584,G,G,N,438.5203,362.9304,584,V,5,5,28.15162642,2,0
585,585,U,U,N,436.1512,365.1931,585,V,5,5,29.44139049,2,0
586,586,G,G,N,432.8709,365.2019,586,V,5,5,29.50222807,2,0
587,587,A,A,N,430.494,362.9695,587,V,5,5,26.72708366,2,0
588,588,G,G,N,430.4383,359.7039,588,V,5,5,22.51474794,2,0
589,589,A,A,N,430.4481,356.4851,589,V,5,5,15.99643526,1,0
590,590,C,C,N,430.4529,353.2654,590,V,5,5,12.59847919,1,0
591,591,A,A,N,428.7147,350.6951,591,V,5,5,12.31505396,1,0
592,592,G,G,N,430.7733,348.6228,592,V,5,5,16.3670765,1,0
593,593,U,U,N,430.7733,345.6228,593,V,5,5,16.77056713,1,0
594,594,U,U,N,430.7723,342.6228,594,V,5,5,20.62528705,1,0
595,595,C,C,N,430.7733,339.6228,595,V,5,5,22.86998238,1,0
596,596,G,G,N,428.2391,337.1951,596,V,5,5,23.60694139,1,0
597,597,G,G,N,424.7127,335.5476,597,V,5,5,22.97322896,1,0
598,598,U,U,N,421.4158,333.6082,598,V,5,5,20.9994769,1,0
599,599,C,C,N,418.1922,330.199,599,V,5,5,21.5368143,1,0
600,600,U,U,N,415.3924,333.24,600,0,0,0,22.63146001,1,0
601,601,C,C,N,413.1424,335.9217,601,0,0,0,26.91845787,1,0
602,602,U,U,N,414.952,339.8201,602,0,0,0,29.63971447,2,0
603,603,A,A,N,412.5262,343.3679,603,0,0,0,30.72727513,2,0
604,604,U,U,N,408.2371,343.0945,604,0,0,0,36.89501691,2,0
605,605,C,C,N,405.9871,345.7761,605,0,0,0,38.55559671,2,0
606,606,C,C,N,403.7371,348.4568,606,0,0,0,39.28362221,2,0
607,607,G,G,N,400.1619,353.4383,607,0,0,0,39.12137908,2,0
608,608,C,C,N,397.9119,356.1189,608,0,0,0,38.37722358,2,0
609,609,C,C,N,395.6619,358.8006,609,0,0,0,41.51920831,2,0
610,610,A,A,N,393.4119,361.4812,610,0,0,0,44.91815425,3,0
611,611,C,C,N,391.1619,364.1629,611,0,0,0,50.34067991,3,0
612,612,G,G,N,388.9119,366.8445,612,0,0,0,54.80046932,3,0
613,613,G,G,N,386.6629,369.5252,613,0,0,0,58.71424149,3,0
614,614,G,G,N,384.4129,372.2068,614,0,0,0,61.1009151,3,0
615,615,C,C,N,386.4852,377.8562,615,0,0,0,63.66351487,3,0
