resNum,DataCol,DataDescription
23S:1,4000,This is an example of the user-supplied data. This dataset graduallly colors ribosomal nucleotides in a rainbow scheme.
23S:2,3999,
23S:3,3998,
23S:4,3997,
23S:5,3996,
23S:6,3995,
23S:7,3994,
23S:8,3993,
23S:9,3992,
23S:10,3991,
23S:11,3990,
23S:12,3989,
23S:13,3988,
23S:14,3987,
23S:15,3986,
23S:16,3985,
23S:17,3984,
23S:18,3983,
23S:19,3982,
23S:20,3981,
23S:21,3980,
23S:22,3979,
23S:23,3978,
23S:24,3977,
23S:25,3976,
23S:26,3975,
23S:27,3974,
23S:28,3973,
23S:29,3972,
23S:30,3971,
23S:31,3970,
23S:32,3969,
23S:33,3968,
23S:34,3967,
23S:35,3966,
23S:36,3965,
23S:37,3964,
23S:38,3963,
23S:39,3962,
23S:40,3961,
23S:41,3960,
23S:42,3959,
23S:43,3958,
23S:44,3957,
23S:45,3956,
23S:47,3955,
23S:48,3954,
23S:49,3953,
23S:50,3952,
23S:51,3951,
23S:52,3950,
23S:53,3949,
23S:54,3948,
23S:55,3947,
23S:56,3946,
23S:57,3945,
23S:58,3944,
23S:59,3943,
23S:60,3942,
23S:61,3941,
23S:62,3940,
23S:63,3939,
23S:64,3938,
23S:65,3937,
23S:66,3936,
23S:67,3935,
23S:68,3934,
23S:69,3933,
23S:70,3932,
23S:71,3931,
23S:72,3930,
23S:73,3929,
23S:74,3928,
23S:75,3927,
23S:76,3926,
23S:77,3925,
23S:78,3924,
23S:79,3923,
23S:80,3922,
23S:81,3921,
23S:82,3920,
23S:83,3919,
23S:84,3918,
23S:85,3917,
23S:86,3916,
23S:87,3915,
23S:88,3914,
23S:89,3913,
23S:90,3912,
23S:92,3911,
23S:93,3910,
23S:94,3909,
23S:94A,3908,
23S:95,3907,
23S:96,3906,
23S:97,3905,
23S:98,3904,
23S:99,3903,
23S:100,3902,
23S:102,3901,
23S:103,3900,
23S:104,3899,
23S:105,3898,
23S:106,3897,
23S:107,3896,
23S:108,3895,
23S:109,3894,
23S:110,3893,
23S:111,3892,
23S:112,3891,
23S:113,3890,
23S:114,3889,
23S:115,3888,
23S:116,3887,
23S:117,3886,
23S:118,3885,
23S:119,3884,
23S:120,3883,
23S:121,3882,
23S:122,3881,
23S:123,3880,
23S:124,3879,
23S:125,3878,
23S:126,3877,
23S:127,3876,
23S:128,3875,
23S:129,3874,
23S:130,3873,
23S:131,3872,
23S:132,3871,
23S:133,3870,
23S:134,3869,
23S:135,3868,
23S:136,3867,
23S:137,3866,
23S:139,3865,
23S:139A,3864,
23S:140,3863,
23S:141,3862,
23S:142,3861,
23S:142A,3860,
23S:143,3859,
23S:143A,3858,
23S:144,3857,
23S:145,3856,
23S:146,3855,
23S:147,3854,
23S:148,3853,
23S:149,3852,
23S:150,3851,
23S:151,3850,
23S:152,3849,
23S:153,3848,
23S:154,3847,
23S:154A,3846,
23S:155,3845,
23S:156,3844,
23S:157,3843,
23S:158,3842,
23S:171,3841,
23S:172,3840,
23S:173,3839,
23S:174,3838,
23S:175,3837,
23S:176,3836,
23S:177,3835,
23S:178,3834,
23S:179,3833,
23S:180,3832,
23S:181,3831,
23S:182,3830,
23S:183,3829,
23S:184,3828,
23S:185,3827,
23S:186,3826,
23S:187,3825,
23S:188,3824,
23S:189,3823,
23S:190,3822,
23S:191,3821,
23S:192,3820,
23S:193,3819,
23S:194,3818,
23S:195,3817,
23S:196,3816,
23S:197,3815,
23S:198,3814,
23S:199,3813,
23S:200,3812,
23S:201,3811,
23S:202,3810,
23S:203,3809,
23S:204,3808,
23S:205,3807,
23S:206,3806,
23S:207,3805,
23S:208,3804,
23S:209,3803,
23S:210,3802,
23S:211,3801,
23S:212,3800,
23S:213,3799,
23S:214,3798,
23S:215,3797,
23S:216,3796,
23S:217,3795,
23S:218,3794,
23S:219,3793,
23S:220,3792,
23S:221,3791,
23S:222,3790,
23S:223,3789,
23S:224,3788,
23S:225,3787,
23S:226,3786,
23S:227,3785,
23S:228,3784,
23S:229,3783,
23S:230,3782,
23S:231,3781,
23S:232,3780,
23S:233,3779,
23S:234,3778,
23S:235,3777,
23S:236,3776,
23S:237,3775,
23S:238,3774,
23S:239,3773,
23S:240,3772,
23S:241,3771,
23S:242,3770,
23S:243,3769,
23S:244,3768,
23S:245,3767,
23S:246,3766,
23S:247,3765,
23S:248,3764,
23S:249,3763,
23S:250,3762,
23S:251,3761,
23S:252,3760,
23S:253,3759,
23S:254,3758,
23S:255,3757,
23S:256,3756,
23S:257,3755,
23S:258,3754,
23S:259,3753,
23S:260,3752,
23S:261,3751,
23S:262,3750,
23S:263,3749,
23S:264,3748,
23S:265,3747,
23S:266,3746,
23S:267,3745,
23S:268,3744,
23S:269,3743,
23S:270,3742,
23S:271,3741,
23S:271A,3740,
23S:271B,3739,
23S:271C,3738,
23S:271D,3737,
23S:271E,3736,
23S:271F,3735,
23S:271G,3734,
23S:271H,3733,
23S:271I,3732,
23S:271J,3731,
23S:271K,3730,
23S:271L,3729,
23S:271M,3728,
23S:271N,3727,
23S:271O,3726,
23S:271P,3725,
23S:271Q,3724,
23S:271R,3723,
23S:271S,3722,
23S:271T,3721,
23S:271U,3720,
23S:271V,3719,
23S:271W,3718,
23S:271X,3717,
23S:271Y,3716,
23S:271Z,3715,
23S:272,3714,
23S:272A,3713,
23S:272B,3712,
23S:272C,3711,
23S:272D,3710,
23S:272E,3709,
23S:272F,3708,
23S:272G,3707,
23S:272H,3706,
23S:272I,3705,
23S:272J,3704,
23S:274,3703,
23S:275,3702,
23S:276,3701,
23S:277,3700,
23S:278,3699,
23S:279,3698,
23S:280,3697,
23S:281,3696,
23S:282,3695,
23S:283,3694,
23S:284,3693,
23S:285,3692,
23S:286,3691,
23S:287,3690,
23S:288,3689,
23S:289,3688,
23S:290,3687,
23S:291,3686,
23S:292,3685,
23S:293,3684,
23S:294,3683,
23S:295,3682,
23S:296,3681,
23S:297,3680,
23S:298,3679,
23S:299,3678,
23S:300,3677,
23S:301,3676,
23S:302,3675,
23S:303,3674,
23S:304,3673,
23S:305,3672,
23S:306,3671,
23S:307,3670,
23S:308,3669,
23S:309,3668,
23S:310,3667,
23S:311,3666,
23S:312,3665,
23S:313,3664,
23S:314,3663,
23S:315,3662,
23S:316,3661,
23S:317,3660,
23S:318,3659,
23S:319,3658,
23S:320,3657,
23S:321,3656,
23S:322,3655,
23S:323,3654,
23S:324,3653,
23S:325,3652,
23S:326,3651,
23S:327,3650,
23S:328,3649,
23S:329,3648,
23S:330,3647,
23S:331,3646,
23S:332,3645,
23S:333,3644,
23S:334,3643,
23S:335,3642,
23S:336,3641,
23S:337,3640,
23S:338,3639,
23S:339,3638,
23S:340,3637,
23S:341,3636,
23S:342,3635,
23S:343,3634,
23S:344,3633,
23S:345,3632,
23S:346,3631,
23S:347,3630,
23S:348,3629,
23S:349,3628,
23S:350,3627,
23S:351,3626,
23S:352,3625,
23S:353,3624,
23S:354,3623,
23S:355,3622,
23S:356,3621,
23S:357,3620,
23S:358,3619,
23S:359,3618,
23S:360,3617,
23S:361,3616,
23S:362,3615,
23S:363,3614,
23S:363A,3613,
23S:363B,3612,
23S:363C,3611,
23S:363D,3610,
23S:363E,3609,
23S:363F,3608,
23S:364,3607,
23S:365,3606,
23S:366,3605,
23S:370,3604,
23S:371,3603,
23S:372,3602,
23S:373,3601,
23S:374,3600,
23S:375,3599,
23S:376,3598,
23S:377,3597,
23S:378,3596,
23S:379,3595,
23S:380,3594,
23S:381,3593,
23S:382,3592,
23S:383,3591,
23S:384,3590,
23S:385,3589,
23S:386,3588,
23S:387,3587,
23S:388,3586,
23S:389,3585,
23S:390,3584,
23S:391,3583,
23S:392,3582,
23S:393,3581,
23S:394,3580,
23S:395,3579,
23S:396,3578,
23S:397,3577,
23S:398,3576,
23S:399,3575,
23S:400,3574,
23S:401,3573,
23S:402,3572,
23S:403,3571,
23S:404,3570,
23S:405,3569,
23S:406,3568,
23S:407,3567,
23S:408,3566,
23S:409,3565,
23S:410,3564,
23S:411,3563,
23S:412,3562,
23S:413,3561,
23S:414,3560,
23S:415,3559,
23S:416,3558,
23S:417,3557,
23S:418,3556,
23S:419,3555,
23S:420,3554,
23S:421,3553,
23S:422,3552,
23S:423,3551,
23S:424,3550,
23S:425,3549,
23S:426,3548,
23S:427,3547,
23S:428,3546,
23S:429,3545,
23S:430,3544,
23S:431,3543,
23S:432,3542,
23S:433,3541,
23S:434,3540,
23S:435,3539,
23S:436,3538,
23S:437,3537,
23S:438,3536,
23S:440,3535,
23S:441,3534,
23S:442,3533,
23S:443,3532,
23S:444,3531,
23S:445,3530,
23S:446,3529,
23S:447,3528,
23S:448,3527,
23S:449,3526,
23S:450,3525,
23S:451,3524,
23S:452,3523,
23S:453,3522,
23S:454,3521,
23S:455,3520,
23S:456,3519,
23S:457,3518,
23S:458,3517,
23S:459,3516,
23S:460,3515,
23S:461,3514,
23S:462,3513,
23S:463,3512,
23S:464,3511,
23S:465,3510,
23S:466,3509,
23S:467,3508,
23S:468,3507,
23S:469,3506,
23S:470,3505,
23S:471,3504,
23S:472,3503,
23S:473,3502,
23S:474,3501,
23S:475,3500,
23S:476,3499,
23S:477,3498,
23S:478,3497,
23S:479,3496,
23S:480,3495,
23S:481,3494,
23S:482,3493,
23S:483,3492,
23S:484,3491,
23S:485,3490,
23S:486,3489,
23S:487,3488,
23S:488,3487,
23S:489,3486,
23S:491,3485,
23S:492,3484,
23S:493,3483,
23S:494,3482,
23S:495,3481,
23S:496,3480,
23S:497,3479,
23S:498,3478,
23S:499,3477,
23S:500,3476,
23S:501,3475,
23S:502,3474,
23S:503,3473,
23S:504,3472,
23S:505,3471,
23S:506,3470,
23S:507,3469,
23S:508,3468,
23S:509,3467,
23S:510,3466,
23S:511,3465,
23S:512,3464,
23S:513,3463,
23S:514,3462,
23S:515,3461,
23S:516,3460,
23S:517,3459,
23S:518,3458,
23S:519,3457,
23S:520,3456,
23S:521,3455,
23S:522,3454,
23S:523,3453,
23S:524,3452,
23S:525,3451,
23S:526,3450,
23S:527,3449,
23S:528,3448,
23S:529,3447,
23S:530,3446,
23S:531,3445,
23S:532,3444,
23S:533,3443,
23S:534,3442,
23S:535,3441,
23S:536,3440,
23S:537,3439,
23S:538,3438,
23S:539,3437,
23S:540,3436,
23S:541,3435,
23S:542,3434,
23S:542A,3433,
23S:542B,3432,
23S:543,3431,
23S:547,3430,
23S:548,3429,
23S:549,3428,
23S:551,3427,
23S:552,3426,
23S:553,3425,
23S:554,3424,
23S:555,3423,
23S:556,3422,
23S:557,3421,
23S:558,3420,
23S:559,3419,
23S:560,3418,
23S:561,3417,
23S:562,3416,
23S:563,3415,
23S:564,3414,
23S:565,3413,
23S:566,3412,
23S:567,3411,
23S:568,3410,
23S:569,3409,
23S:570,3408,
23S:571,3407,
23S:572,3406,
23S:573,3405,
23S:574,3404,
23S:575,3403,
23S:576,3402,
23S:577,3401,
23S:578,3400,
23S:579,3399,
23S:580,3398,
23S:581,3397,
23S:582,3396,
23S:583,3395,
23S:584,3394,
23S:585,3393,
23S:586,3392,
23S:587,3391,
23S:588,3390,
23S:589,3389,
23S:590,3388,
23S:591,3387,
23S:592,3386,
23S:593,3385,
23S:594,3384,
23S:595,3383,
23S:596,3382,
23S:597,3381,
23S:598,3380,
23S:599,3379,
23S:600,3378,
23S:601,3377,
23S:602,3376,
23S:603,3375,
23S:604,3374,
23S:605,3373,
23S:606,3372,
23S:607,3371,
23S:608,3370,
23S:609,3369,
23S:610,3368,
23S:611,3367,
23S:612,3366,
23S:613,3365,
23S:614,3364,
23S:614A,3363,
23S:614B,3362,
23S:614C,3361,
23S:615,3360,
23S:616,3359,
23S:618,3358,
23S:619,3357,
23S:620,3356,
23S:621,3355,
23S:622,3354,
23S:623,3353,
23S:624,3352,
23S:625,3351,
23S:626,3350,
23S:627,3349,
23S:628,3348,
23S:629,3347,
23S:630,3346,
23S:631,3345,
23S:632,3344,
23S:633,3343,
23S:634,3342,
23S:635,3341,
23S:636,3340,
23S:637,3339,
23S:638,3338,
23S:639,3337,
23S:640,3336,
23S:641,3335,
23S:642,3334,
23S:643,3333,
23S:644,3332,
23S:645,3331,
23S:646,3330,
23S:647,3329,
23S:648,3328,
23S:649,3327,
23S:650,3326,
23S:651,3325,
23S:651A,3324,
23S:652,3323,
23S:652A,3322,
23S:652B,3321,
23S:656,3320,
23S:657,3319,
23S:658,3318,
23S:659,3317,
23S:660,3316,
23S:661,3315,
23S:662,3314,
23S:663,3313,
23S:664,3312,
23S:665,3311,
23S:666,3310,
23S:667,3309,
23S:668,3308,
23S:669,3307,
23S:670,3306,
23S:671,3305,
23S:672,3304,
23S:673,3303,
23S:674,3302,
23S:675,3301,
23S:676,3300,
23S:677,3299,
23S:678,3298,
23S:679,3297,
23S:680,3296,
23S:681,3295,
23S:682,3294,
23S:683,3293,
23S:684,3292,
23S:685,3291,
23S:686,3290,
23S:687,3289,
23S:688,3288,
23S:689,3287,
23S:690,3286,
23S:691,3285,
23S:692,3284,
23S:693,3283,
23S:694,3282,
23S:695,3281,
23S:696,3280,
23S:697,3279,
23S:698,3278,
23S:699,3277,
23S:700,3276,
23S:701,3275,
23S:702,3274,
23S:703,3273,
23S:704,3272,
23S:705,3271,
23S:706,3270,
23S:707,3269,
23S:708,3268,
23S:709,3267,
23S:710,3266,
23S:711,3265,
23S:712,3264,
23S:713,3263,
23S:714,3262,
23S:715,3261,
23S:716,3260,
23S:717,3259,
23S:718,3258,
23S:719,3257,
23S:720,3256,
23S:721,3255,
23S:722,3254,
23S:723,3253,
23S:724,3252,
23S:725,3251,
23S:726,3250,
23S:727,3249,
23S:728,3248,
23S:729,3247,
23S:730,3246,
23S:731,3245,
23S:732,3244,
23S:733,3243,
23S:734,3242,
23S:735,3241,
23S:736,3240,
23S:737,3239,
23S:738,3238,
23S:739,3237,
23S:740,3236,
23S:741,3235,
23S:742,3234,
23S:743,3233,
23S:744,3232,
23S:745,3231,
23S:746,3230,
23S:747,3229,
23S:748,3228,
23S:749,3227,
23S:750,3226,
23S:751,3225,
23S:752,3224,
23S:753,3223,
23S:754,3222,
23S:755,3221,
23S:756,3220,
23S:757,3219,
23S:758,3218,
23S:759,3217,
23S:760,3216,
23S:761,3215,
23S:762,3214,
23S:763,3213,
23S:764,3212,
23S:765,3211,
23S:766,3210,
23S:767,3209,
23S:768,3208,
23S:769,3207,
23S:770,3206,
23S:771,3205,
23S:772,3204,
23S:773,3203,
23S:774,3202,
23S:775,3201,
23S:776,3200,
23S:777,3199,
23S:778,3198,
23S:779,3197,
23S:780,3196,
23S:781,3195,
23S:782,3194,
23S:783,3193,
23S:784,3192,
23S:785,3191,
23S:786,3190,
23S:787,3189,
23S:788,3188,
23S:789,3187,
23S:790,3186,
23S:791,3185,
23S:792,3184,
23S:793,3183,
23S:794,3182,
23S:795,3181,
23S:796,3180,
23S:797,3179,
23S:798,3178,
23S:799,3177,
23S:800,3176,
23S:801,3175,
23S:802,3174,
23S:803,3173,
23S:804,3172,
23S:805,3171,
23S:806,3170,
23S:807,3169,
23S:808,3168,
23S:809,3167,
23S:810,3166,
23S:811,3165,
23S:812,3164,
23S:813,3163,
23S:814,3162,
23S:815,3161,
23S:816,3160,
23S:817,3159,
23S:818,3158,
23S:819,3157,
23S:820,3156,
23S:821,3155,
23S:822,3154,
23S:823,3153,
23S:824,3152,
23S:825,3151,
23S:826,3150,
23S:827,3149,
23S:828,3148,
23S:829,3147,
23S:830,3146,
23S:831,3145,
23S:832,3144,
23S:833,3143,
23S:834,3142,
23S:835,3141,
23S:836,3140,
23S:837,3139,
23S:838,3138,
23S:839,3137,
23S:840,3136,
23S:841,3135,
23S:842,3134,
23S:843,3133,
23S:844,3132,
23S:845,3131,
23S:846,3130,
23S:847,3129,
23S:848,3128,
23S:849,3127,
23S:850,3126,
23S:851,3125,
23S:852,3124,
23S:853,3123,
23S:854,3122,
23S:855,3121,
23S:856,3120,
23S:857,3119,
23S:858,3118,
23S:859,3117,
23S:860,3116,
23S:861,3115,
23S:862,3114,
23S:863,3113,
23S:864,3112,
23S:865,3111,
23S:866,3110,
23S:867,3109,
23S:868,3108,
23S:869,3107,
23S:870,3106,
23S:871,3105,
23S:872,3104,
23S:873,3103,
23S:874,3102,
23S:875,3101,
23S:876,3100,
23S:877,3099,
23S:878,3098,
23S:879,3097,
23S:880,3096,
23S:881,3095,
23S:882,3094,
23S:883,3093,
23S:884,3092,
23S:884A,3091,
23S:884B,3090,
23S:884C,3089,
23S:884D,3088,
23S:884E,3087,
23S:884F,3086,
23S:892,3085,
23S:893,3084,
23S:894,3083,
23S:895,3082,
23S:896,3081,
23S:897,3080,
23S:898,3079,
23S:899,3078,
23S:900,3077,
23S:901,3076,
23S:902,3075,
23S:903,3074,
23S:904,3073,
23S:905,3072,
23S:906,3071,
23S:907,3070,
23S:908,3069,
23S:909,3068,
23S:910,3067,
23S:911,3066,
23S:912,3065,
23S:913,3064,
23S:914,3063,
23S:915,3062,
23S:916,3061,
23S:917,3060,
23S:918,3059,
23S:919,3058,
23S:920,3057,
23S:921,3056,
23S:922,3055,
23S:923,3054,
23S:924,3053,
23S:925,3052,
23S:926,3051,
23S:927,3050,
23S:928,3049,
23S:930,3048,
23S:931,3047,
23S:932,3046,
23S:933,3045,
23S:934,3044,
23S:935,3043,
23S:936,3042,
23S:937,3041,
23S:938,3040,
23S:939,3039,
23S:940,3038,
23S:941,3037,
23S:942,3036,
23S:943,3035,
23S:944,3034,
23S:945,3033,
23S:946,3032,
23S:947,3031,
23S:948,3030,
23S:949,3029,
23S:950,3028,
23S:951,3027,
23S:952,3026,
23S:953,3025,
23S:954,3024,
23S:955,3023,
23S:956,3022,
23S:957,3021,
23S:958,3020,
23S:959,3019,
23S:960,3018,
23S:961,3017,
23S:962,3016,
23S:963,3015,
23S:964,3014,
23S:965,3013,
23S:966,3012,
23S:967,3011,
23S:968,3010,
23S:969,3009,
23S:970,3008,
23S:971,3007,
23S:972,3006,
23S:973,3005,
23S:974,3004,
23S:975,3003,
23S:975A,3002,
23S:976,3001,
23S:977,3000,
23S:978,2999,
23S:979,2998,
23S:980,2997,
23S:981,2996,
23S:982,2995,
23S:983,2994,
23S:984,2993,
23S:985,2992,
23S:986,2991,
23S:987,2990,
23S:988,2989,
23S:989,2988,
23S:990,2987,
23S:991,2986,
23S:992,2985,
23S:993,2984,
23S:994,2983,
23S:995,2982,
23S:996,2981,
23S:997,2980,
23S:998,2979,
23S:999,2978,
23S:1000,2977,
23S:1001,2976,
23S:1002,2975,
23S:1003,2974,
23S:1004,2973,
23S:1005,2972,
23S:1006,2971,
23S:1007,2970,
23S:1008,2969,
23S:1009,2968,
23S:1010,2967,
23S:1011,2966,
23S:1012,2965,
23S:1013,2964,
23S:1014,2963,
23S:1015,2962,
23S:1016,2961,
23S:1017,2960,
23S:1018,2959,
23S:1019,2958,
23S:1020,2957,
23S:1021,2956,
23S:1022,2955,
23S:1023,2954,
23S:1024,2953,
23S:1025,2952,
23S:1026,2951,
23S:1027,2950,
23S:1028,2949,
23S:1029,2948,
23S:1030,2947,
23S:1031,2946,
23S:1032,2945,
23S:1033,2944,
23S:1034,2943,
23S:1035,2942,
23S:1036,2941,
23S:1037,2940,
23S:1038,2939,
23S:1039,2938,
23S:1040,2937,
23S:1041,2936,
23S:1042,2935,
23S:1043,2934,
23S:1044,2933,
23S:1045,2932,
23S:1046,2931,
23S:1047,2930,
23S:1048,2929,
23S:1049,2928,
23S:1050,2927,
23S:1051,2926,
23S:1052,2925,
23S:1053,2924,
23S:1106,2923,
23S:1055,2922,
23S:1056,2921,
23S:1057,2920,
23S:1058,2919,
23S:1059,2918,
23S:1060,2917,
23S:1061,2916,
23S:1062,2915,
23S:1063,2914,
23S:1064,2913,
23S:1065,2912,
23S:1066,2911,
23S:1067,2910,
23S:1068,2909,
23S:1069,2908,
23S:1070,2907,
23S:1071,2906,
23S:1072,2905,
23S:1073,2904,
23S:1074,2903,
23S:1075,2902,
23S:1076,2901,
23S:1077,2900,
23S:1078,2899,
23S:1079,2898,
23S:1080,2897,
23S:1081,2896,
23S:1082,2895,
23S:1083,2894,
23S:1084,2893,
23S:1085,2892,
23S:1086,2891,
23S:1087,2890,
23S:1088,2889,
23S:1089,2888,
23S:1090,2887,
23S:1091,2886,
23S:1092,2885,
23S:1093,2884,
23S:1094,2883,
23S:1095,2882,
23S:1096,2881,
23S:1097,2880,
23S:1098,2879,
23S:1099,2878,
23S:1100,2877,
23S:1101,2876,
23S:1102,2875,
23S:1103,2874,
23S:1104,2873,
23S:1105,2872,
23S:1106A,2871,
23S:1107,2870,
23S:1108,2869,
23S:1109,2868,
23S:1110,2867,
23S:1111,2866,
23S:1112,2865,
23S:1113,2864,
23S:1114,2863,
23S:1115,2862,
23S:1116,2861,
23S:1117,2860,
23S:1118,2859,
23S:1119,2858,
23S:1120,2857,
23S:1121,2856,
23S:1122,2855,
23S:1123,2854,
23S:1124,2853,
23S:1125,2852,
23S:1126,2851,
23S:1127,2850,
23S:1128,2849,
23S:1129,2848,
23S:1130,2847,
23S:1131,2846,
23S:1132,2845,
23S:1133,2844,
23S:1134,2843,
23S:1135,2842,
23S:1136,2841,
23S:1137,2840,
23S:1138,2839,
23S:1139,2838,
23S:1140,2837,
23S:1141,2836,
23S:1142,2835,
23S:1142A,2834,
23S:1143,2833,
23S:1144,2832,
23S:1145,2831,
23S:1146,2830,
23S:1147,2829,
23S:1148,2828,
23S:1149,2827,
23S:1150,2826,
23S:1151,2825,
23S:1152,2824,
23S:1153,2823,
23S:1154,2822,
23S:1155,2821,
23S:1156,2820,
23S:1157,2819,
23S:1158,2818,
23S:1159,2817,
23S:1160,2816,
23S:1161,2815,
23S:1162,2814,
23S:1163,2813,
23S:1164,2812,
23S:1165,2811,
23S:1166,2810,
23S:1167,2809,
23S:1168,2808,
23S:1169,2807,
23S:1170,2806,
23S:1171,2805,
23S:1173,2804,
23S:1174,2803,
23S:1175,2802,
23S:1176,2801,
23S:1177,2800,
23S:1178,2799,
23S:1179,2798,
23S:1180,2797,
23S:1181,2796,
23S:1182,2795,
23S:1183,2794,
23S:1184,2793,
23S:1185,2792,
23S:1186,2791,
23S:1187,2790,
23S:1188,2789,
23S:1189,2788,
23S:1190,2787,
23S:1191,2786,
23S:1192,2785,
23S:1193,2784,
23S:1194,2783,
23S:1195,2782,
23S:1196,2781,
23S:1197,2780,
23S:1198,2779,
23S:1199,2778,
23S:1200,2777,
23S:1201,2776,
23S:1202,2775,
23S:1203,2774,
23S:1204,2773,
23S:1205,2772,
23S:1206,2771,
23S:1207,2770,
23S:1208,2769,
23S:1209,2768,
23S:1210,2767,
23S:1211,2766,
23S:1212,2765,
23S:1213,2764,
23S:1214,2763,
23S:1215,2762,
23S:1216,2761,
23S:1217,2760,
23S:1218,2759,
23S:1219,2758,
23S:1220,2757,
23S:1221,2756,
23S:1221A,2755,
23S:1222,2754,
23S:1223,2753,
23S:1224,2752,
23S:1225,2751,
23S:1226,2750,
23S:1227,2749,
23S:1228,2748,
23S:1230,2747,
23S:1231,2746,
23S:1232,2745,
23S:1233,2744,
23S:1234,2743,
23S:1235,2742,
23S:1236,2741,
23S:1237,2740,
23S:1238,2739,
23S:1239,2738,
23S:1240,2737,
23S:1241,2736,
23S:1242,2735,
23S:1243,2734,
23S:1244,2733,
23S:1245,2732,
23S:1246,2731,
23S:1247,2730,
23S:1248,2729,
23S:1249,2728,
23S:1250,2727,
23S:1251,2726,
23S:1252,2725,
23S:1253,2724,
23S:1254,2723,
23S:1255,2722,
23S:1256,2721,
23S:1257,2720,
23S:1258,2719,
23S:1259,2718,
23S:1260,2717,
23S:1261,2716,
23S:1262,2715,
23S:1263,2714,
23S:1264,2713,
23S:1265,2712,
23S:1266,2711,
23S:1267,2710,
23S:1268,2709,
23S:1269,2708,
23S:1270,2707,
23S:1271,2706,
23S:1272,2705,
23S:1273,2704,
23S:1274,2703,
23S:1275,2702,
23S:1276,2701,
23S:1277,2700,
23S:1278,2699,
23S:1279,2698,
23S:1280,2697,
23S:1281,2696,
23S:1282,2695,
23S:1283,2694,
23S:1284,2693,
23S:1285,2692,
23S:1286,2691,
23S:1287,2690,
23S:1288,2689,
23S:1289,2688,
23S:1290,2687,
23S:1291,2686,
23S:1292,2685,
23S:1293,2684,
23S:1294,2683,
23S:1295,2682,
23S:1296,2681,
23S:1297,2680,
23S:1298,2679,
23S:1299,2678,
23S:1300,2677,
23S:1301,2676,
23S:1302,2675,
23S:1303,2674,
23S:1304,2673,
23S:1305,2672,
23S:1306,2671,
23S:1307,2670,
23S:1308,2669,
23S:1309,2668,
23S:1310,2667,
23S:1311,2666,
23S:1312,2665,
23S:1313,2664,
23S:1314,2663,
23S:1315,2662,
23S:1316,2661,
23S:1317,2660,
23S:1318,2659,
23S:1319,2658,
23S:1320,2657,
23S:1321,2656,
23S:1322,2655,
23S:1323,2654,
23S:1324,2653,
23S:1325,2652,
23S:1326,2651,
23S:1327,2650,
23S:1328,2649,
23S:1329,2648,
23S:1330,2647,
23S:1331,2646,
23S:1332,2645,
23S:1333,2644,
23S:1334,2643,
23S:1335,2642,
23S:1336,2641,
23S:1337,2640,
23S:1338,2639,
23S:1339,2638,
23S:1340,2637,
23S:1341,2636,
23S:1342,2635,
23S:1343,2634,
23S:1344,2633,
23S:1345,2632,
23S:1346,2631,
23S:1347,2630,
23S:1348,2629,
23S:1349,2628,
23S:1350,2627,
23S:1351,2626,
23S:1352,2625,
23S:1353,2624,
23S:1354,2623,
23S:1355,2622,
23S:1356,2621,
23S:1357,2620,
23S:1358,2619,
23S:1359,2618,
23S:1360,2617,
23S:1361,2616,
23S:1362,2615,
23S:1363,2614,
23S:1364,2613,
23S:1365,2612,
23S:1366,2611,
23S:1367,2610,
23S:1368,2609,
23S:1369,2608,
23S:1370,2607,
23S:1371,2606,
23S:1372,2605,
23S:1373,2604,
23S:1374,2603,
23S:1375,2602,
23S:1376,2601,
23S:1377,2600,
23S:1378,2599,
23S:1379,2598,
23S:1380,2597,
23S:1381,2596,
23S:1382,2595,
23S:1383,2594,
23S:1384,2593,
23S:1385,2592,
23S:1386,2591,
23S:1387,2590,
23S:1388,2589,
23S:1389,2588,
23S:1390,2587,
23S:1391,2586,
23S:1392,2585,
23S:1393,2584,
23S:1394,2583,
23S:1395,2582,
23S:1396,2581,
23S:1397,2580,
23S:1398,2579,
23S:1399,2578,
23S:1400,2577,
23S:1401,2576,
23S:1402,2575,
23S:1403,2574,
23S:1404,2573,
23S:1405,2572,
23S:1406,2571,
23S:1407,2570,
23S:1408,2569,
23S:1409,2568,
23S:1410,2567,
23S:1411,2566,
23S:1412,2565,
23S:1413,2564,
23S:1414,2563,
23S:1415,2562,
23S:1416,2561,
23S:1417,2560,
23S:1418,2559,
23S:1419,2558,
23S:1420,2557,
23S:1421,2556,
23S:1422,2555,
23S:1423,2554,
23S:1424,2553,
23S:1425,2552,
23S:1426,2551,
23S:1427,2550,
23S:1428,2549,
23S:1429,2548,
23S:1430,2547,
23S:1431,2546,
23S:1432,2545,
23S:1433,2544,
23S:1434,2543,
23S:1435,2542,
23S:1436,2541,
23S:1437,2540,
23S:1438,2539,
23S:1439,2538,
23S:1440,2537,
23S:1441,2536,
23S:1442,2535,
23S:1443,2534,
23S:1444,2533,
23S:1445,2532,
23S:1445A,2531,
23S:1446,2530,
23S:1447,2529,
23S:1448,2528,
23S:1449,2527,
23S:1450,2526,
23S:1450A,2525,
23S:1451,2524,
23S:1452,2523,
23S:1453,2522,
23S:1455,2521,
23S:1456,2520,
23S:1457,2519,
23S:1458,2518,
23S:1459,2517,
23S:1460,2516,
23S:1461,2515,
23S:1462,2514,
23S:1463,2513,
23S:1464,2512,
23S:1465,2511,
23S:1466,2510,
23S:1467,2509,
23S:1468,2508,
23S:1469,2507,
23S:1470,2506,
23S:1471,2505,
23S:1472,2504,
23S:1473,2503,
23S:1474,2502,
23S:1475,2501,
23S:1476,2500,
23S:1477,2499,
23S:1478,2498,
23S:1479,2497,
23S:1480,2496,
23S:1481,2495,
23S:1482,2494,
23S:1484,2493,
23S:1485,2492,
23S:1486,2491,
23S:1487,2490,
23S:1488,2489,
23S:1489,2488,
23S:1490,2487,
23S:1491,2486,
23S:1492,2485,
23S:1493,2484,
23S:1494,2483,
23S:1495,2482,
23S:1496,2481,
23S:1497,2480,
23S:1498,2479,
23S:1499,2478,
23S:1500,2477,
23S:1501,2476,
23S:1502,2475,
23S:1503,2474,
23S:1504,2473,
23S:1505,2472,
23S:1506,2471,
23S:1507,2470,
23S:1508,2469,
23S:1509,2468,
23S:1509A,2467,
23S:1509B,2466,
23S:1510,2465,
23S:1511,2464,
23S:1512,2463,
23S:1513,2462,
23S:1514,2461,
23S:1515,2460,
23S:1516,2459,
23S:1517,2458,
23S:1518,2457,
23S:1519,2456,
23S:1520,2455,
23S:1523,2454,
23S:1524,2453,
23S:1525,2452,
23S:1526,2451,
23S:1527,2450,
23S:1528,2449,
23S:1528A,2448,
23S:1529,2447,
23S:1530,2446,
23S:1531,2445,
23S:1532,2444,
23S:1533,2443,
23S:1534,2442,
23S:1535,2441,
23S:1536,2440,
23S:1537,2439,
23S:1538,2438,
23S:1539,2437,
23S:1540,2436,
23S:1541,2435,
23S:1542,2434,
23S:1543,2433,
23S:1544,2432,
23S:1545,2431,
23S:1546,2430,
23S:1547,2429,
23S:1548,2428,
23S:1549,2427,
23S:1550,2426,
23S:1551,2425,
23S:1552,2424,
23S:1553,2423,
23S:1554,2422,
23S:1555,2421,
23S:1556,2420,
23S:1557,2419,
23S:1558,2418,
23S:1559,2417,
23S:1560,2416,
23S:1561,2415,
23S:1562,2414,
23S:1563,2413,
23S:1564,2412,
23S:1565,2411,
23S:1566,2410,
23S:1567,2409,
23S:1568,2408,
23S:1569,2407,
23S:1570,2406,
23S:1571,2405,
23S:1572,2404,
23S:1573,2403,
23S:1574,2402,
23S:1575,2401,
23S:1576,2400,
23S:1577,2399,
23S:1578,2398,
23S:1579,2397,
23S:1580,2396,
23S:1581,2395,
23S:1582,2394,
23S:1583,2393,
23S:1584,2392,
23S:1586,2391,
23S:1587,2390,
23S:1588,2389,
23S:1589,2388,
23S:1590,2387,
23S:1591,2386,
23S:1592,2385,
23S:1593,2384,
23S:1594,2383,
23S:1595,2382,
23S:1596,2381,
23S:1597,2380,
23S:1598,2379,
23S:1599,2378,
23S:1600,2377,
23S:1601,2376,
23S:1602,2375,
23S:1603,2374,
23S:1604,2373,
23S:1605,2372,
23S:1606,2371,
23S:1607,2370,
23S:1608,2369,
23S:1609,2368,
23S:1610,2367,
23S:1611,2366,
23S:1612,2365,
23S:1613,2364,
23S:1614,2363,
23S:1615,2362,
23S:1616,2361,
23S:1617,2360,
23S:1618,2359,
23S:1619,2358,
23S:1620,2357,
23S:1621,2356,
23S:1622,2355,
23S:1623,2354,
23S:1624,2353,
23S:1625,2352,
23S:1626,2351,
23S:1627,2350,
23S:1628,2349,
23S:1629,2348,
23S:1630,2347,
23S:1631,2346,
23S:1631A,2345,
23S:1632,2344,
23S:1633,2343,
23S:1634,2342,
23S:1635,2341,
23S:1636,2340,
23S:1637,2339,
23S:1638,2338,
23S:1639,2337,
23S:1640,2336,
23S:1641,2335,
23S:1642,2334,
23S:1643,2333,
23S:1644,2332,
23S:1645,2331,
23S:1646,2330,
23S:1647,2329,
23S:1648,2328,
23S:1649,2327,
23S:1650,2326,
23S:1651,2325,
23S:1652,2324,
23S:1653,2323,
23S:1654,2322,
23S:1655,2321,
23S:1656,2320,
23S:1657,2319,
23S:1658,2318,
23S:1659,2317,
23S:1660,2316,
23S:1661,2315,
23S:1662,2314,
23S:1663,2313,
23S:1664,2312,
23S:1665,2311,
23S:1666,2310,
23S:1667,2309,
23S:1668,2308,
23S:1669,2307,
23S:1670,2306,
23S:1671,2305,
23S:1672,2304,
23S:1673,2303,
23S:1674,2302,
23S:1675,2301,
23S:1676,2300,
23S:1677,2299,
23S:1678,2298,
23S:1679,2297,
23S:1680,2296,
23S:1681,2295,
23S:1682,2294,
23S:1683,2293,
23S:1684,2292,
23S:1685,2291,
23S:1686,2290,
23S:1687,2289,
23S:1688,2288,
23S:1689,2287,
23S:1690,2286,
23S:1691,2285,
23S:1692,2284,
23S:1693,2283,
23S:1694,2282,
23S:1695,2281,
23S:1696,2280,
23S:1697,2279,
23S:1698,2278,
23S:1699,2277,
23S:1700,2276,
23S:1701,2275,
23S:1702,2274,
23S:1703,2273,
23S:1704,2272,
23S:1705,2271,
23S:1706,2270,
23S:1707,2269,
23S:1708,2268,
23S:1709,2267,
23S:1710,2266,
23S:1711,2265,
23S:1712,2264,
23S:1713,2263,
23S:1714,2262,
23S:1717,2261,
23S:1718,2260,
23S:1719,2259,
23S:1720,2258,
23S:1721,2257,
23S:1722,2256,
23S:1739,2255,
23S:1740,2254,
23S:1741,2253,
23S:1742,2252,
23S:1743,2251,
23S:1744,2250,
23S:1745,2249,
23S:1745A,2248,
23S:1746,2247,
23S:1747,2246,
23S:1747A,2245,
23S:1748,2244,
23S:1749,2243,
23S:1750,2242,
23S:1751,2241,
23S:1752,2240,
23S:1753,2239,
23S:1754,2238,
23S:1755,2237,
23S:1756,2236,
23S:1757,2235,
23S:1758,2234,
23S:1759,2233,
23S:1760,2232,
23S:1761,2231,
23S:1762,2230,
23S:1763,2229,
23S:1764,2228,
23S:1765,2227,
23S:1766,2226,
23S:1767,2225,
23S:1768,2224,
23S:1769,2223,
23S:1770,2222,
23S:1771,2221,
23S:1772,2220,
23S:1773,2219,
23S:1774,2218,
23S:1775,2217,
23S:1776,2216,
23S:1777,2215,
23S:1778,2214,
23S:1779,2213,
23S:1780,2212,
23S:1781,2211,
23S:1782,2210,
23S:1783,2209,
23S:1784,2208,
23S:1785,2207,
23S:1786,2206,
23S:1787,2205,
23S:1788,2204,
23S:1789,2203,
23S:1790,2202,
23S:1791,2201,
23S:1792,2200,
23S:1793,2199,
23S:1794,2198,
23S:1795,2197,
23S:1796,2196,
23S:1797,2195,
23S:1798,2194,
23S:1799,2193,
23S:1800,2192,
23S:1801,2191,
23S:1802,2190,
23S:1803,2189,
23S:1804,2188,
23S:1805,2187,
23S:1806,2186,
23S:1807,2185,
23S:1808,2184,
23S:1809,2183,
23S:1810,2182,
23S:1811,2181,
23S:1812,2180,
23S:1813,2179,
23S:1814,2178,
23S:1815,2177,
23S:1816,2176,
23S:1817,2175,
23S:1818,2174,
23S:1819,2173,
23S:1820,2172,
23S:1821,2171,
23S:1822,2170,
23S:1823,2169,
23S:1824,2168,
23S:1825,2167,
23S:1826,2166,
23S:1827,2165,
23S:1828,2164,
23S:1829,2163,
23S:1830,2162,
23S:1831,2161,
23S:1832,2160,
23S:1833,2159,
23S:1834,2158,
23S:1835,2157,
23S:1836,2156,
23S:1837,2155,
23S:1838,2154,
23S:1839,2153,
23S:1840,2152,
23S:1841,2151,
23S:1842,2150,
23S:1843,2149,
23S:1844,2148,
23S:1845,2147,
23S:1846,2146,
23S:1847,2145,
23S:1848,2144,
23S:1849,2143,
23S:1850,2142,
23S:1851,2141,
23S:1852,2140,
23S:1853,2139,
23S:1854,2138,
23S:1855,2137,
23S:1856,2136,
23S:1857,2135,
23S:1858,2134,
23S:1859,2133,
23S:1860,2132,
23S:1861,2131,
23S:1862,2130,
23S:1863,2129,
23S:1864,2128,
23S:1865,2127,
23S:1866,2126,
23S:1876,2125,
23S:1877,2124,
23S:1878,2123,
23S:1879,2122,
23S:1880,2121,
23S:1881,2120,
23S:1882,2119,
23S:1883,2118,
23S:1884,2117,
23S:1885,2116,
23S:1886,2115,
23S:1887,2114,
23S:1888,2113,
23S:1889,2112,
23S:1890,2111,
23S:1891,2110,
23S:1892,2109,
23S:1893,2108,
23S:1894,2107,
23S:1895,2106,
23S:1896,2105,
23S:1897,2104,
23S:1898,2103,
23S:1899,2102,
23S:1900,2101,
23S:1901,2100,
23S:1902,2099,
23S:1903,2098,
23S:1904,2097,
23S:1905,2096,
23S:1906,2095,
23S:1907,2094,
23S:1908,2093,
23S:1909,2092,
23S:1910,2091,
23S:1911,2090,
23S:1912,2089,
23S:1913,2088,
23S:1914,2087,
23S:1915,2086,
23S:1916,2085,
23S:1917,2084,
23S:1918,2083,
23S:1919,2082,
23S:1920,2081,
23S:1921,2080,
23S:1922,2079,
23S:1923,2078,
23S:1924,2077,
23S:1925,2076,
23S:1926,2075,
23S:1927,2074,
23S:1928,2073,
23S:1929,2072,
23S:1930,2071,
23S:1931,2070,
23S:1932,2069,
23S:1933,2068,
23S:1934,2067,
23S:1935,2066,
23S:1936,2065,
23S:1937,2064,
23S:1938,2063,
23S:1939,2062,
23S:1940,2061,
23S:1941,2060,
23S:1942,2059,
23S:1943,2058,
23S:1944,2057,
23S:1945,2056,
23S:1946,2055,
23S:1947,2054,
23S:1948,2053,
23S:1949,2052,
23S:1950,2051,
23S:1951,2050,
23S:1952,2049,
23S:1953,2048,
23S:1954,2047,
23S:1955,2046,
23S:1956,2045,
23S:1957,2044,
23S:1958,2043,
23S:1959,2042,
23S:1960,2041,
23S:1961,2040,
23S:1962,2039,
23S:1963,2038,
23S:1964,2037,
23S:1965,2036,
23S:1966,2035,
23S:1967,2034,
23S:1968,2033,
23S:1969,2032,
23S:1970,2031,
23S:1971,2030,
23S:1972,2029,
23S:1973,2028,
23S:1974,2027,
23S:1975,2026,
23S:1976,2025,
23S:1977,2024,
23S:1978,2023,
23S:1979,2022,
23S:1980,2021,
23S:1981,2020,
23S:1982,2019,
23S:1983,2018,
23S:1984,2017,
23S:1985,2016,
23S:1986,2015,
23S:1987,2014,
23S:1988,2013,
23S:1989,2012,
23S:1990,2011,
23S:1991,2010,
23S:1992,2009,
23S:1993,2008,
23S:1994,2007,
23S:1995,2006,
23S:1996,2005,
23S:1997,2004,
23S:1998,2003,
23S:1999,2002,
23S:2000,2001,
23S:2001,2000,
23S:2002,1999,
23S:2003,1998,
23S:2004,1997,
23S:2005,1996,
23S:2006,1995,
23S:2007,1994,
23S:2008,1993,
23S:2009,1992,
23S:2010,1991,
23S:2011,1990,
23S:2012,1989,
23S:2013,1988,
23S:2014,1987,
23S:2015,1986,
23S:2016,1985,
23S:2017,1984,
23S:2018,1983,
23S:2019,1982,
23S:2020,1981,
23S:2021,1980,
23S:2022,1979,
23S:2023,1978,
23S:2024,1977,
23S:2025,1976,
23S:2026,1975,
23S:2027,1974,
23S:2028,1973,
23S:2029,1972,
23S:2030,1971,
23S:2031,1970,
23S:2032,1969,
23S:2033,1968,
23S:2034,1967,
23S:2035,1966,
23S:2036,1965,
23S:2037,1964,
23S:2038,1963,
23S:2039,1962,
23S:2040,1961,
23S:2041,1960,
23S:2042,1959,
23S:2043,1958,
23S:2044,1957,
23S:2045,1956,
23S:2046,1955,
23S:2047,1954,
23S:2048,1953,
23S:2049,1952,
23S:2050,1951,
23S:2051,1950,
23S:2052,1949,
23S:2053,1948,
23S:2054,1947,
23S:2055,1946,
23S:2056,1945,
23S:2057,1944,
23S:2058,1943,
23S:2059,1942,
23S:2060,1941,
23S:2061,1940,
23S:2062,1939,
23S:2063,1938,
23S:2064,1937,
23S:2065,1936,
23S:2066,1935,
23S:2067,1934,
23S:2068,1933,
23S:2069,1932,
23S:2070,1931,
23S:2071,1930,
23S:2072,1929,
23S:2073,1928,
23S:2074,1927,
23S:2075,1926,
23S:2076,1925,
23S:2077,1924,
23S:2078,1923,
23S:2079,1922,
23S:2080,1921,
23S:2081,1920,
23S:2082,1919,
23S:2083,1918,
23S:2084,1917,
23S:2085,1916,
23S:2086,1915,
23S:2087,1914,
23S:2088,1913,
23S:2089,1912,
23S:2090,1911,
23S:2091,1910,
23S:2092,1909,
23S:2093,1908,
23S:2094,1907,
23S:2095,1906,
23S:2096,1905,
23S:2097,1904,
23S:2098,1903,
23S:2099,1902,
23S:2100,1901,
23S:2101,1900,
23S:2102,1899,
23S:2103,1898,
23S:2104,1897,
23S:2105,1896,
23S:2106,1895,
23S:2107,1894,
23S:2108,1893,
23S:2109,1892,
23S:2110,1891,
23S:2111,1890,
23S:2112,1889,
23S:2113,1888,
23S:2114,1887,
23S:2115,1886,
23S:2116,1885,
23S:2117,1884,
23S:2118,1883,
23S:2119,1882,
23S:2120,1881,
23S:2121,1880,
23S:2122,1879,
23S:2123,1878,
23S:2124,1877,
23S:2125,1876,
23S:2126,1875,
23S:2127,1874,
23S:2128,1873,
23S:2129,1872,
23S:2130,1871,
23S:2159,1870,
23S:2132,1869,
23S:2133,1868,
23S:2134,1867,
23S:2135,1866,
23S:2136,1865,
23S:2137,1864,
23S:2138,1863,
23S:2139,1862,
23S:2140,1861,
23S:2141,1860,
23S:2142,1859,
23S:2143,1858,
23S:2144,1857,
23S:2145,1856,
23S:2146,1855,
23S:2147,1854,
23S:2148,1853,
23S:2149,1852,
23S:2150,1851,
23S:2151,1850,
23S:2152,1849,
23S:2153,1848,
23S:2154,1847,
23S:2155,1846,
23S:2156,1845,
23S:2157,1844,
23S:2158,1843,
23S:2159A,1842,
23S:2160,1841,
23S:2161,1840,
23S:2162,1839,
23S:2163,1838,
23S:2164,1837,
23S:2165,1836,
23S:2166,1835,
23S:2167,1834,
23S:2168,1833,
23S:2169,1832,
23S:2170,1831,
23S:2171,1830,
23S:2172,1829,
23S:2173,1828,
23S:2174,1827,
23S:2175,1826,
23S:2176,1825,
23S:2177,1824,
23S:2178,1823,
23S:2179,1822,
23S:2180,1821,
23S:2181,1820,
23S:2182,1819,
23S:2183,1818,
23S:2184,1817,
23S:2185,1816,
23S:2186,1815,
23S:2187,1814,
23S:2188,1813,
23S:2189,1812,
23S:2190,1811,
23S:2191,1810,
23S:2192,1809,
23S:2193,1808,
23S:2194,1807,
23S:2195,1806,
23S:2196,1805,
23S:2197,1804,
23S:2198,1803,
23S:2199,1802,
23S:2200,1801,
23S:2201,1800,
23S:2202,1799,
23S:2203,1798,
23S:2205,1797,
23S:2206,1796,
23S:2207,1795,
23S:2208,1794,
23S:2218,1793,
23S:2219,1792,
23S:2220,1791,
23S:2221,1790,
23S:2222,1789,
23S:2223,1788,
23S:2224,1787,
23S:2225,1786,
23S:2226,1785,
23S:2227,1784,
23S:2228,1783,
23S:2229,1782,
23S:2230,1781,
23S:2231,1780,
23S:2232,1779,
23S:2233,1778,
23S:2234,1777,
23S:2235,1776,
23S:2236,1775,
23S:2237,1774,
23S:2238,1773,
23S:2239,1772,
23S:2240,1771,
23S:2241,1770,
23S:2242,1769,
23S:2243,1768,
23S:2244,1767,
23S:2245,1766,
23S:2246,1765,
23S:2247,1764,
23S:2248,1763,
23S:2249,1762,
23S:2250,1761,
23S:2251,1760,
23S:2252,1759,
23S:2253,1758,
23S:2254,1757,
23S:2255,1756,
23S:2256,1755,
23S:2257,1754,
23S:2258,1753,
23S:2259,1752,
23S:2260,1751,
23S:2261,1750,
23S:2262,1749,
23S:2263,1748,
23S:2264,1747,
23S:2265,1746,
23S:2266,1745,
23S:2267,1744,
23S:2268,1743,
23S:2269,1742,
23S:2270,1741,
23S:2271,1740,
23S:2272,1739,
23S:2273,1738,
23S:2274,1737,
23S:2275,1736,
23S:2276,1735,
23S:2277,1734,
23S:2278,1733,
23S:2279,1732,
23S:2280,1731,
23S:2281,1730,
23S:2282,1729,
23S:2283,1728,
23S:2284,1727,
23S:2285,1726,
23S:2286,1725,
23S:2287,1724,
23S:2288,1723,
23S:2289,1722,
23S:2290,1721,
23S:2291,1720,
23S:2292,1719,
23S:2293,1718,
23S:2294,1717,
23S:2295,1716,
23S:2296,1715,
23S:2297,1714,
23S:2298,1713,
23S:2299,1712,
23S:2300,1711,
23S:2301,1710,
23S:2302,1709,
23S:2303,1708,
23S:2304,1707,
23S:2305,1706,
23S:2306,1705,
23S:2307,1704,
23S:2308,1703,
23S:2309,1702,
23S:2310,1701,
23S:2311,1700,
23S:2312,1699,
23S:2313,1698,
23S:2314,1697,
23S:2315,1696,
23S:2316,1695,
23S:2317,1694,
23S:2318,1693,
23S:2319,1692,
23S:2320,1691,
23S:2321,1690,
23S:2322,1689,
23S:2323,1688,
23S:2324,1687,
23S:2325,1686,
23S:2326,1685,
23S:2327,1684,
23S:2328,1683,
23S:2329,1682,
23S:2330,1681,
23S:2331,1680,
23S:2332,1679,
23S:2333,1678,
23S:2334,1677,
23S:2335,1676,
23S:2336,1675,
23S:2337,1674,
23S:2338,1673,
23S:2339,1672,
23S:2340,1671,
23S:2341,1670,
23S:2342,1669,
23S:2343,1668,
23S:2344,1667,
23S:2345,1666,
23S:2346,1665,
23S:2347,1664,
23S:2348,1663,
23S:2349,1662,
23S:2350,1661,
23S:2351,1660,
23S:2352,1659,
23S:2353,1658,
23S:2354,1657,
23S:2355,1656,
23S:2356,1655,
23S:2357,1654,
23S:2358,1653,
23S:2359,1652,
23S:2360,1651,
23S:2361,1650,
23S:2362,1649,
23S:2363,1648,
23S:2364,1647,
23S:2365,1646,
23S:2366,1645,
23S:2367,1644,
23S:2368,1643,
23S:2369,1642,
23S:2370,1641,
23S:2371,1640,
23S:2372,1639,
23S:2373,1638,
23S:2374,1637,
23S:2375,1636,
23S:2376,1635,
23S:2377,1634,
23S:2378,1633,
23S:2379,1632,
23S:2380,1631,
23S:2381,1630,
23S:2382,1629,
23S:2383,1628,
23S:2384,1627,
23S:2385,1626,
23S:2386,1625,
23S:2387,1624,
23S:2388,1623,
23S:2389,1622,
23S:2390,1621,
23S:2391,1620,
23S:2392,1619,
23S:2393,1618,
23S:2394,1617,
23S:2395,1616,
23S:2396,1615,
23S:2397,1614,
23S:2398,1613,
23S:2399,1612,
23S:2400,1611,
23S:2401,1610,
23S:2402,1609,
23S:2403,1608,
23S:2404,1607,
23S:2405,1606,
23S:2406,1605,
23S:2407,1604,
23S:2408,1603,
23S:2409,1602,
23S:2410,1601,
23S:2411,1600,
23S:2412,1599,
23S:2413,1598,
23S:2414,1597,
23S:2415,1596,
23S:2416,1595,
23S:2417,1594,
23S:2418,1593,
23S:2419,1592,
23S:2420,1591,
23S:2421,1590,
23S:2422,1589,
23S:2423,1588,
23S:2424,1587,
23S:2425,1586,
23S:2426,1585,
23S:2427,1584,
23S:2428,1583,
23S:2429,1582,
23S:2430,1581,
23S:2431,1580,
23S:2432,1579,
23S:2433,1578,
23S:2434,1577,
23S:2435,1576,
23S:2436,1575,
23S:2437,1574,
23S:2438,1573,
23S:2439,1572,
23S:2440,1571,
23S:2441,1570,
23S:2442,1569,
23S:2443,1568,
23S:2444,1567,
23S:2445,1566,
23S:2446,1565,
23S:2447,1564,
23S:2448,1563,
23S:2449,1562,
23S:2450,1561,
23S:2451,1560,
23S:2452,1559,
23S:2453,1558,
23S:2454,1557,
23S:2455,1556,
23S:2456,1555,
23S:2457,1554,
23S:2458,1553,
23S:2459,1552,
23S:2460,1551,
23S:2461,1550,
23S:2462,1549,
23S:2463,1548,
23S:2464,1547,
23S:2465,1546,
23S:2466,1545,
23S:2467,1544,
23S:2468,1543,
23S:2469,1542,
23S:2470,1541,
23S:2471,1540,
23S:2472,1539,
23S:2473,1538,
23S:2474,1537,
23S:2475,1536,
23S:2476,1535,
23S:2477,1534,
23S:2478,1533,
23S:2479,1532,
23S:2480,1531,
23S:2481,1530,
23S:2482,1529,
23S:2483,1528,
23S:2484,1527,
23S:2485,1526,
23S:2486,1525,
23S:2487,1524,
23S:2488,1523,
23S:2489,1522,
23S:2490,1521,
23S:2491,1520,
23S:2492,1519,
23S:2493,1518,
23S:2494,1517,
23S:2495,1516,
23S:2496,1515,
23S:2497,1514,
23S:2498,1513,
23S:2499,1512,
23S:2500,1511,
23S:2501,1510,
23S:2502,1509,
23S:2503,1508,
23S:2504,1507,
23S:2505,1506,
23S:2506,1505,
23S:2507,1504,
23S:2508,1503,
23S:2509,1502,
23S:2510,1501,
23S:2511,1500,
23S:2512,1499,
23S:2513,1498,
23S:2514,1497,
23S:2515,1496,
23S:2516,1495,
23S:2517,1494,
23S:2518,1493,
23S:2519,1492,
23S:2520,1491,
23S:2521,1490,
23S:2522,1489,
23S:2523,1488,
23S:2524,1487,
23S:2525,1486,
23S:2526,1485,
23S:2527,1484,
23S:2528,1483,
23S:2529,1482,
23S:2530,1481,
23S:2531,1480,
23S:2532,1479,
23S:2533,1478,
23S:2534,1477,
23S:2535,1476,
23S:2536,1475,
23S:2537,1474,
23S:2538,1473,
23S:2539,1472,
23S:2540,1471,
23S:2541,1470,
23S:2542,1469,
23S:2543,1468,
23S:2544,1467,
23S:2545,1466,
23S:2546,1465,
23S:2547,1464,
23S:2548,1463,
23S:2549,1462,
23S:2550,1461,
23S:2551,1460,
23S:2552,1459,
23S:2553,1458,
23S:2554,1457,
23S:2555,1456,
23S:2556,1455,
23S:2557,1454,
23S:2558,1453,
23S:2559,1452,
23S:2560,1451,
23S:2561,1450,
23S:2562,1449,
23S:2563,1448,
23S:2564,1447,
23S:2565,1446,
23S:2566,1445,
23S:2567,1444,
23S:2568,1443,
23S:2569,1442,
23S:2570,1441,
23S:2571,1440,
23S:2572,1439,
23S:2573,1438,
23S:2574,1437,
23S:2575,1436,
23S:2576,1435,
23S:2577,1434,
23S:2578,1433,
23S:2579,1432,
23S:2580,1431,
23S:2581,1430,
23S:2582,1429,
23S:2583,1428,
23S:2584,1427,
23S:2585,1426,
23S:2586,1425,
23S:2587,1424,
23S:2588,1423,
23S:2589,1422,
23S:2590,1421,
23S:2591,1420,
23S:2592,1419,
23S:2593,1418,
23S:2594,1417,
23S:2595,1416,
23S:2596,1415,
23S:2597,1414,
23S:2598,1413,
23S:2599,1412,
23S:2600,1411,
23S:2601,1410,
23S:2602,1409,
23S:2603,1408,
23S:2604,1407,
23S:2605,1406,
23S:2606,1405,
23S:2607,1404,
23S:2608,1403,
23S:2609,1402,
23S:2610,1401,
23S:2611,1400,
23S:2612,1399,
23S:2613,1398,
23S:2614,1397,
23S:2615,1396,
23S:2616,1395,
23S:2617,1394,
23S:2618,1393,
23S:2619,1392,
23S:2620,1391,
23S:2621,1390,
23S:2622,1389,
23S:2623,1388,
23S:2624,1387,
23S:2625,1386,
23S:2626,1385,
23S:2627,1384,
23S:2628,1383,
23S:2629,1382,
23S:2630,1381,
23S:2631,1380,
23S:2632,1379,
23S:2633,1378,
23S:2634,1377,
23S:2635,1376,
23S:2636,1375,
23S:2637,1374,
23S:2638,1373,
23S:2639,1372,
23S:2640,1371,
23S:2641,1370,
23S:2642,1369,
23S:2643,1368,
23S:2644,1367,
23S:2645,1366,
23S:2646,1365,
23S:2647,1364,
23S:2648,1363,
23S:2649,1362,
23S:2650,1361,
23S:2651,1360,
23S:2652,1359,
23S:2653,1358,
23S:2654,1357,
23S:2655,1356,
23S:2656,1355,
23S:2657,1354,
23S:2658,1353,
23S:2659,1352,
23S:2660,1351,
23S:2661,1350,
23S:2662,1349,
23S:2663,1348,
23S:2664,1347,
23S:2665,1346,
23S:2666,1345,
23S:2667,1344,
23S:2668,1343,
23S:2669,1342,
23S:2670,1341,
23S:2671,1340,
23S:2672,1339,
23S:2673,1338,
23S:2674,1337,
23S:2675,1336,
23S:2676,1335,
23S:2677,1334,
23S:2678,1333,
23S:2679,1332,
23S:2680,1331,
23S:2681,1330,
23S:2682,1329,
23S:2683,1328,
23S:2684,1327,
23S:2685,1326,
23S:2686,1325,
23S:2687,1324,
23S:2688,1323,
23S:2689,1322,
23S:2690,1321,
23S:2691,1320,
23S:2692,1319,
23S:2693,1318,
23S:2694,1317,
23S:2695,1316,
23S:2696,1315,
23S:2697,1314,
23S:2698,1313,
23S:2699,1312,
23S:2700,1311,
23S:2701,1310,
23S:2702,1309,
23S:2703,1308,
23S:2704,1307,
23S:2705,1306,
23S:2706,1305,
23S:2707,1304,
23S:2708,1303,
23S:2709,1302,
23S:2710,1301,
23S:2711,1300,
23S:2712,1299,
23S:2712A,1298,
23S:2713,1297,
23S:2714,1296,
23S:2715,1295,
23S:2716,1294,
23S:2717,1293,
23S:2718,1292,
23S:2719,1291,
23S:2720,1290,
23S:2721,1289,
23S:2722,1288,
23S:2723,1287,
23S:2724,1286,
23S:2725,1285,
23S:2726,1284,
23S:2727,1283,
23S:2728,1282,
23S:2729,1281,
23S:2730,1280,
23S:2731,1279,
23S:2732,1278,
23S:2733,1277,
23S:2734,1276,
23S:2735,1275,
23S:2736,1274,
23S:2737,1273,
23S:2738,1272,
23S:2739,1271,
23S:2740,1270,
23S:2741,1269,
23S:2742,1268,
23S:2743,1267,
23S:2744,1266,
23S:2745,1265,
23S:2746,1264,
23S:2747,1263,
23S:2748,1262,
23S:2749,1261,
23S:2750,1260,
23S:2751,1259,
23S:2752,1258,
23S:2753,1257,
23S:2754,1256,
23S:2755,1255,
23S:2756,1254,
23S:2757,1253,
23S:2758,1252,
23S:2759,1251,
23S:2760,1250,
23S:2761,1249,
23S:2762,1248,
23S:2763,1247,
23S:2764,1246,
23S:2765,1245,
23S:2766,1244,
23S:2767,1243,
23S:2768,1242,
23S:2769,1241,
23S:2770,1240,
23S:2771,1239,
23S:2772,1238,
23S:2773,1237,
23S:2774,1236,
23S:2775,1235,
23S:2776,1234,
23S:2777,1233,
23S:2778,1232,
23S:2779,1231,
23S:2780,1230,
23S:2781,1229,
23S:2782,1228,
23S:2783,1227,
23S:2784,1226,
23S:2785,1225,
23S:2786,1224,
23S:2787,1223,
23S:2788,1222,
23S:2789,1221,
23S:2790,1220,
23S:2791,1219,
23S:2792,1218,
23S:2793,1217,
23S:2794,1216,
23S:2795,1215,
23S:2796,1214,
23S:2799,1213,
23S:2801,1212,
23S:2801A,1211,
23S:2802,1210,
23S:2803,1209,
23S:2804,1208,
23S:2805,1207,
23S:2807,1206,
23S:2808,1205,
23S:2809,1204,
23S:2810,1203,
23S:2811,1202,
23S:2812,1201,
23S:2813,1200,
23S:2814,1199,
23S:2815,1198,
23S:2816,1197,
23S:2817,1196,
23S:2818,1195,
23S:2819,1194,
23S:2820,1193,
23S:2821,1192,
23S:2822,1191,
23S:2823,1190,
23S:2824,1189,
23S:2825,1188,
23S:2826,1187,
23S:2827,1186,
23S:2828,1185,
23S:2829,1184,
23S:2830,1183,
23S:2831,1182,
23S:2832,1181,
23S:2833,1180,
23S:2834,1179,
23S:2835,1178,
23S:2836,1177,
23S:2837,1176,
23S:2838,1175,
23S:2839,1174,
23S:2840,1173,
23S:2841,1172,
23S:2842,1171,
23S:2843,1170,
23S:2844,1169,
23S:2845,1168,
23S:2846,1167,
23S:2847,1166,
23S:2848,1165,
23S:2849,1164,
23S:2850,1163,
23S:2851,1162,
23S:2852,1161,
23S:2853,1160,
23S:2854,1159,
23S:2855,1158,
23S:2856,1157,
23S:2857,1156,
23S:2858,1155,
23S:2859,1154,
23S:2860,1153,
23S:2861,1152,
23S:2862,1151,
23S:2863,1150,
23S:2864,1149,
23S:2865,1148,
23S:2866,1147,
23S:2867,1146,
23S:2868,1145,
23S:2869,1144,
23S:2870,1143,
23S:2871,1142,
23S:2872,1141,
23S:2873,1140,
23S:2874,1139,
23S:2875,1138,
23S:2876,1137,
23S:2877,1136,
23S:2878,1135,
23S:2879,1134,
23S:2880,1133,
23S:2881,1132,
23S:2882,1131,
23S:2883,1130,
23S:2884,1129,
23S:2885,1128,
23S:2886,1127,
23S:2887,1126,
23S:2888,1125,
23S:2889,1124,
23S:2891,1123,
23S:2892,1122,
23S:2893,1121,
23S:2894,1120,
23S:2895,1119,
23S:2896,1118,
23S:2897,1117,
23S:2898,1116,
23S:2899,1115,
23S:2900,1114,
23S:2901,1113,
23S:2902,1112,
5S:1A,1111,
5S:1B,1110,
5S:1,1109,
5S:2,1108,
5S:3,1107,
5S:4,1106,
5S:5,1105,
5S:6,1104,
5S:7,1103,
5S:8,1102,
5S:9,1101,
5S:10,1100,
5S:11,1099,
5S:12,1098,
5S:13,1097,
5S:14,1096,
5S:15,1095,
5S:16,1094,
5S:17,1093,
5S:18,1092,
5S:19,1091,
5S:20,1090,
5S:21,1089,
5S:22,1088,
5S:23,1087,
5S:24,1086,
5S:25,1085,
5S:26,1084,
5S:27,1083,
5S:28,1082,
5S:29,1081,
5S:30,1080,
5S:31,1079,
5S:32,1078,
5S:33,1077,
5S:34,1076,
5S:35,1075,
5S:36,1074,
5S:37,1073,
5S:38,1072,
5S:39,1071,
5S:40,1070,
5S:41,1069,
5S:42,1068,
5S:43,1067,
5S:44,1066,
5S:45,1065,
5S:46,1064,
5S:47,1063,
5S:48,1062,
5S:49,1061,
5S:50,1060,
5S:51,1059,
5S:52,1058,
5S:53,1057,
5S:54,1056,
5S:55,1055,
5S:56,1054,
5S:57,1053,
5S:58,1052,
5S:59,1051,
5S:60,1050,
5S:61,1049,
5S:62,1048,
5S:63,1047,
5S:64,1046,
5S:65,1045,
5S:66,1044,
5S:67,1043,
5S:68,1042,
5S:69,1041,
5S:70,1040,
5S:71,1039,
5S:72,1038,
5S:73,1037,
5S:74,1036,
5S:75,1035,
5S:76,1034,
5S:77,1033,
5S:78,1032,
5S:79,1031,
5S:80,1030,
5S:81,1029,
5S:82,1028,
5S:83,1027,
5S:84,1026,
5S:85,1025,
5S:86,1024,
5S:87,1023,
5S:88,1022,
5S:89,1021,
5S:90,1020,
5S:91,1019,
5S:92,1018,
5S:93,1017,
5S:94,1016,
5S:95,1015,
5S:96,1014,
5S:97,1013,
5S:98,1012,
5S:99,1011,
5S:100,1010,
5S:101,1009,
5S:102,1008,
5S:103,1007,
5S:104,1006,
5S:105,1005,
5S:106,1004,
5S:107,1003,
5S:108,1002,
5S:109,1001,
5S:110,1000,
5S:111,999,
5S:112,998,
5S:113,997,
5S:114,996,
5S:115,995,
5S:116,994,
5S:117,993,
5S:118,992,
5S:119,991,
5S:120,990,
5S:121,989,